time,Z1,Z2,Z3,Z4,Z5,M1,M2,M3,MZ1,MZ2,MZ3,MZ4,ZN,ZS,SET
1979-01-01,13.0,47.0,12.0,14.0,5.0,19.0,20.0,-2.0,-10.0,1.0,21.0,0.0,9.0,2.0,15.0
1979-02-01,22.0,35.0,27.0,23.0,7.0,11.0,-5.0,15.0,7.0,20.0,4.0,6.0,14.0,12.0,-4.0
1979-03-01,-35.0,-36.0,-38.0,-37.0,-20.0,-34.0,-30.0,-4.0,-1.0,-23.0,-39.0,-6.0,-19.0,-19.0,-17.0
1979-04-01,20.0,-13.0,28.0,5.0,19.0,-41.0,-18.0,-23.0,15.0,26.0,-6.0,4.0,10.0,18.0,2.0
1979-05-01,-7.0,-40.0,-14.0,-9.0,-27.0,44.0,-17.0,60.0,10.0,-8.0,-14.0,1.0,-5.0,-10.0,-26.0
1979-06-01,-19.0,41.0,-17.0,-41.0,12.0,-45.0,14.0,-59.0,-5.0,-2.0,4.0,-10.0,-18.0,0.0,20.0
1979-07-01,-3.0,23.0,-3.0,-32.0,30.0,-46.0,-14.0,-32.0,2.0,5.0,-17.0,-3.0,-5.0,2.0,9.0
1979-08-01,-20.0,-52.0,-32.0,-9.0,2.0,19.0,-27.0,45.0,-10.0,-30.0,-37.0,-1.0,-6.0,-26.0,-42.0
1979-09-01,6.0,3.0,4.0,9.0,15.0,12.0,2.0,10.0,-4.0,-4.0,5.0,1.0,7.0,-3.0,-1.0
1979-10-01,-22.0,-8.0,-28.0,-7.0,6.0,-13.0,2.0,-15.0,-3.0,-24.0,-1.0,-4.0,-10.0,-18.0,3.0
1979-11-01,6.0,3.0,10.0,-26.0,7.0,-65.0,-18.0,-47.0,5.0,14.0,-17.0,1.0,0.0,9.0,30.0
1979-12-01,10.0,8.0,16.0,6.0,36.0,-22.0,-14.0,-9.0,1.0,12.0,-9.0,0.0,2.0,14.0,-10.0
1980-01-01,8.0,-39.0,3.0,26.0,-19.0,-9.0,-8.0,-1.0,10.0,-1.0,1.0,5.0,9.0,-6.0,11.0
1980-02-01,-8.0,-16.0,-5.0,-4.0,11.0,-17.0,1.0,-18.0,2.0,-1.0,2.0,-3.0,-7.0,2.0,-15.0
1980-03-01,2.0,-19.0,8.0,22.0,23.0,3.0,-2.0,5.0,-5.0,-2.0,-1.0,4.0,8.0,0.0,-2.0
1980-04-01,-15.0,-30.0,-29.0,16.0,14.0,28.0,8.0,19.0,-1.0,-30.0,7.0,0.0,-6.0,-24.0,2.0
1980-05-01,-2.0,14.0,-2.0,12.0,7.0,-21.0,26.0,-47.0,-4.0,-1.0,23.0,-2.0,-4.0,2.0,40.0
1980-06-01,-22.0,-33.0,-27.0,-8.0,-2.0,-1.0,-9.0,7.0,-8.0,-23.0,-15.0,-5.0,-14.0,-13.0,-7.0
1980-07-01,3.0,-32.0,-6.0,43.0,-2.0,70.0,16.0,53.0,-2.0,-13.0,18.0,3.0,6.0,-13.0,-28.0
1980-08-01,48.0,57.0,53.0,80.0,49.0,21.0,49.0,-28.0,1.0,29.0,65.0,9.0,32.0,21.0,45.0
1980-09-01,62.0,14.0,74.0,78.0,65.0,-10.0,6.0,-17.0,16.0,54.0,30.0,13.0,41.0,33.0,6.0
1980-10-01,0.0,18.0,5.0,-46.0,2.0,-36.0,-13.0,-24.0,1.0,13.0,-16.0,-5.0,-7.0,12.0,-4.0
1980-11-01,26.0,15.0,21.0,90.0,5.0,94.0,30.0,63.0,-4.0,-1.0,38.0,11.0,27.0,-6.0,-11.0
1980-12-01,-45.0,-29.0,-47.0,-17.0,-7.0,8.0,5.0,3.0,-28.0,-42.0,-17.0,-11.0,-28.0,-19.0,-8.0
1981-01-01,-25.0,45.0,-29.0,-48.0,-17.0,-8.0,-4.0,-5.0,-7.0,-14.0,-17.0,-8.0,-19.0,-10.0,2.0
1981-02-01,1.0,23.0,3.0,-16.0,-23.0,-17.0,9.0,-26.0,-1.0,6.0,7.0,-2.0,0.0,3.0,14.0
1981-03-01,-4.0,-39.0,0.0,-37.0,13.0,-54.0,-22.0,-33.0,12.0,9.0,-18.0,-2.0,-6.0,5.0,16.0
1981-04-01,8.0,3.0,14.0,4.0,28.0,-19.0,-17.0,-3.0,9.0,17.0,-12.0,2.0,5.0,9.0,-19.0
1981-05-01,-45.0,-18.0,-41.0,-72.0,-13.0,-55.0,-25.0,-30.0,-5.0,-20.0,-39.0,-12.0,-32.0,-9.0,-21.0
1981-06-01,-14.0,-73.0,-18.0,5.0,3.0,-54.0,-23.0,-32.0,-1.0,-18.0,-26.0,2.0,-4.0,-14.0,-34.0
1981-07-01,17.0,-52.0,11.0,26.0,26.0,-12.0,-9.0,-3.0,6.0,1.0,2.0,5.0,14.0,-3.0,-2.0
1981-08-01,-40.0,-68.0,-50.0,31.0,7.0,27.0,17.0,9.0,-23.0,-51.0,-1.0,-5.0,-18.0,-32.0,-56.0
1981-09-01,45.0,33.0,45.0,109.0,36.0,88.0,59.0,28.0,-6.0,16.0,70.0,12.0,38.0,7.0,6.0
1981-10-01,-4.0,43.0,2.0,-1.0,6.0,3.0,19.0,-17.0,-12.0,-2.0,14.0,-4.0,-6.0,7.0,19.0
1981-11-01,-23.0,-21.0,-22.0,-39.0,-11.0,-25.0,-26.0,0.0,8.0,-5.0,-29.0,-6.0,-20.0,-3.0,-15.0
1981-12-01,12.0,-12.0,11.0,-20.0,-9.0,-37.0,-18.0,-19.0,13.0,14.0,-10.0,1.0,5.0,6.0,9.0
1982-01-01,18.0,25.0,19.0,40.0,10.0,30.0,32.0,-2.0,-6.0,7.0,36.0,2.0,13.0,5.0,-16.0
1982-02-01,-3.0,28.0,2.0,-30.0,23.0,-32.0,0.0,-33.0,-5.0,7.0,-6.0,-4.0,-6.0,8.0,-13.0
1982-03-01,-5.0,8.0,-4.0,-34.0,-12.0,-43.0,-4.0,-39.0,-1.0,1.0,-9.0,-3.0,-7.0,2.0,16.0
1982-04-01,-51.0,-44.0,-50.0,-12.0,11.0,-7.0,3.0,-10.0,-20.0,-45.0,-15.0,-8.0,-30.0,-20.0,-18.0
1982-05-01,35.0,-11.0,45.0,36.0,52.0,-27.0,6.0,-33.0,14.0,37.0,21.0,7.0,19.0,25.0,2.0
1982-06-01,-46.0,-43.0,-56.0,-47.0,-41.0,24.0,1.0,23.0,-11.0,-44.0,-12.0,-10.0,-28.0,-28.0,-18.0
1982-07-01,-3.0,26.0,-3.0,-15.0,-34.0,48.0,9.0,38.0,6.0,6.0,12.0,-5.0,-4.0,1.0,-1.0
1982-08-01,37.0,92.0,45.0,28.0,19.0,54.0,36.0,18.0,-5.0,27.0,43.0,6.0,25.0,20.0,64.0
1982-09-01,-11.0,13.0,-12.0,-47.0,-10.0,-31.0,-30.0,-1.0,6.0,0.0,-33.0,-3.0,-13.0,0.0,18.0
1982-10-01,-3.0,-3.0,-15.0,46.0,-2.0,94.0,28.0,65.0,-15.0,-24.0,22.0,0.0,4.0,-19.0,-26.0
1982-11-01,64.0,69.0,73.0,74.0,40.0,29.0,37.0,-8.0,-4.0,40.0,58.0,9.0,43.0,30.0,41.0
1982-12-01,28.0,16.0,23.0,68.0,-11.0,66.0,34.0,31.0,-3.0,4.0,42.0,7.0,24.0,-2.0,8.0
1983-01-01,37.0,3.0,43.0,86.0,17.0,58.0,32.0,26.0,-4.0,19.0,44.0,9.0,29.0,14.0,26.0
1983-02-01,1.0,17.0,-6.0,42.0,-1.0,40.0,39.0,0.0,-11.0,-16.0,37.0,2.0,8.0,-14.0,24.0
1983-03-01,48.0,66.0,50.0,63.0,-3.0,31.0,29.0,1.0,-1.0,29.0,42.0,6.0,31.0,18.0,29.0
1983-04-01,-4.0,-7.0,-6.0,-3.0,-14.0,-15.0,-21.0,5.0,6.0,-1.0,-18.0,-1.0,-3.0,-4.0,7.0
1983-05-01,28.0,-11.0,20.0,63.0,5.0,52.0,17.0,35.0,-4.0,-1.0,25.0,8.0,24.0,-5.0,1.0
1983-06-01,2.0,15.0,2.0,-1.0,17.0,19.0,3.0,15.0,-5.0,3.0,1.0,-3.0,-1.0,2.0,-26.0
1983-07-01,-18.0,5.0,-23.0,-39.0,-11.0,-13.0,3.0,-16.0,-10.0,-19.0,-3.0,-8.0,-12.0,-11.0,-1.0
1983-08-01,7.0,48.0,5.0,-7.0,9.0,-1.0,13.0,-14.0,-5.0,-1.0,14.0,-1.0,3.0,1.0,13.0
1983-09-01,26.0,-8.0,26.0,52.0,14.0,-2.0,7.0,-10.0,13.0,14.0,22.0,10.0,20.0,5.0,11.0
1983-10-01,-30.0,-7.0,-31.0,-58.0,-45.0,-24.0,-39.0,15.0,7.0,-10.0,-45.0,-7.0,-22.0,-9.0,7.0
1983-11-01,-11.0,-13.0,-2.0,-20.0,15.0,-34.0,3.0,-37.0,0.0,3.0,3.0,-5.0,-11.0,9.0,-4.0
1983-12-01,-1.0,-4.0,-12.0,16.0,-5.0,68.0,1.0,66.0,1.0,-14.0,3.0,2.0,3.0,-16.0,-18.0
1984-01-01,-12.0,-26.0,-17.0,6.0,6.0,0.0,3.0,-3.0,-2.0,-15.0,1.0,-3.0,-9.0,-8.0,-23.0
1984-02-01,-16.0,-24.0,-15.0,-41.0,4.0,-42.0,-17.0,-25.0,1.0,-5.0,-22.0,-4.0,-13.0,-2.0,-19.0
1984-03-01,2.0,-84.0,-3.0,-34.0,0.0,-47.0,-49.0,1.0,22.0,8.0,-41.0,3.0,-2.0,-2.0,-2.0
1984-04-01,8.0,30.0,12.0,-6.0,9.0,24.0,-2.0,26.0,-5.0,7.0,-4.0,2.0,5.0,7.0,-34.0
1984-05-01,-17.0,-13.0,-21.0,-4.0,-7.0,24.0,14.0,9.0,-1.0,-15.0,12.0,-4.0,-9.0,-12.0,-7.0
1984-06-01,22.0,73.0,28.0,-6.0,3.0,-15.0,13.0,-28.0,1.0,22.0,17.0,2.0,12.0,15.0,38.0
1984-07-01,0.0,-13.0,-3.0,-9.0,-37.0,-20.0,-22.0,2.0,11.0,1.0,-16.0,0.0,-1.0,-3.0,13.0
1984-08-01,11.0,-24.0,23.0,-35.0,16.0,-99.0,-38.0,-62.0,22.0,33.0,-26.0,0.0,-1.0,23.0,-7.0
1984-09-01,-43.0,-42.0,-46.0,-64.0,-24.0,-49.0,-25.0,-24.0,-6.0,-30.0,-36.0,-12.0,-32.0,-14.0,-31.0
1984-10-01,20.0,24.0,21.0,30.0,13.0,39.0,33.0,5.0,-3.0,7.0,43.0,1.0,13.0,7.0,15.0
1984-11-01,14.0,36.0,16.0,19.0,2.0,-9.0,11.0,-20.0,5.0,14.0,18.0,1.0,9.0,7.0,21.0
1984-12-01,-13.0,-42.0,-8.0,-44.0,-15.0,-38.0,-34.0,-4.0,11.0,6.0,-35.0,-2.0,-12.0,4.0,-25.0
1985-01-01,15.0,-34.0,25.0,-5.0,7.0,-14.0,-36.0,21.0,16.0,28.0,-27.0,4.0,5.0,20.0,-12.0
1985-02-01,-5.0,10.0,-2.0,-37.0,-3.0,-33.0,-16.0,-18.0,4.0,10.0,-18.0,-6.0,-9.0,6.0,-5.0
1985-03-01,-29.0,7.0,-34.0,-12.0,-13.0,29.0,30.0,-2.0,-17.0,-27.0,17.0,-11.0,-22.0,-13.0,-18.0
1985-04-01,-20.0,-22.0,-17.0,-76.0,-36.0,-68.0,-35.0,-34.0,11.0,5.0,-36.0,-9.0,-21.0,3.0,6.0
1985-05-01,-51.0,-21.0,-56.0,-89.0,-5.0,-42.0,-9.0,-33.0,-21.0,-41.0,-30.0,-15.0,-36.0,-21.0,-9.0
1985-06-01,-8.0,-21.0,-2.0,-48.0,7.0,-64.0,-53.0,-12.0,9.0,11.0,-54.0,-2.0,-9.0,6.0,-2.0
1985-07-01,-9.0,1.0,-6.0,-6.0,3.0,1.0,-23.0,24.0,-9.0,-6.0,-32.0,-2.0,-4.0,-3.0,1.0
1985-08-01,7.0,16.0,8.0,1.0,-8.0,-10.0,12.0,-22.0,3.0,9.0,17.0,-3.0,0.0,8.0,11.0
1985-09-01,-8.0,9.0,-4.0,-73.0,-62.0,-24.0,-34.0,10.0,19.0,19.0,-33.0,-6.0,-14.0,9.0,4.0
1985-10-01,-36.0,-3.0,-43.0,-19.0,-43.0,25.0,26.0,-1.0,-17.0,-36.0,9.0,-8.0,-22.0,-22.0,8.0
1985-11-01,-15.0,-33.0,-24.0,0.0,-50.0,41.0,6.0,34.0,-2.0,-21.0,3.0,-2.0,-8.0,-16.0,3.0
1985-12-01,-13.0,-38.0,-14.0,-27.0,-12.0,-58.0,-20.0,-38.0,8.0,-5.0,-21.0,0.0,-8.0,-7.0,-9.0
1986-01-01,-11.0,-23.0,-11.0,-31.0,-21.0,-33.0,-28.0,-6.0,8.0,1.0,-30.0,-3.0,-9.0,-2.0,20.0
1986-02-01,-2.0,-52.0,-6.0,6.0,19.0,-26.0,-22.0,-5.0,3.0,-5.0,-21.0,1.0,1.0,-7.0,-13.0
1986-03-01,-9.0,-10.0,-9.0,-3.0,10.0,5.0,16.0,-12.0,-9.0,-11.0,12.0,-3.0,-5.0,-5.0,-16.0
1986-04-01,39.0,32.0,51.0,30.0,37.0,-29.0,6.0,-35.0,6.0,38.0,18.0,7.0,23.0,27.0,21.0
1986-05-01,6.0,4.0,9.0,5.0,-13.0,11.0,-14.0,25.0,11.0,14.0,-9.0,1.0,2.0,6.0,3.0
1986-06-01,31.0,1.0,43.0,-9.0,14.0,-7.0,-32.0,24.0,16.0,39.0,-17.0,6.0,17.0,26.0,-21.0
1986-07-01,10.0,17.0,17.0,32.0,23.0,26.0,25.0,1.0,-6.0,6.0,26.0,4.0,9.0,8.0,-23.0
1986-08-01,-50.0,-65.0,-61.0,-19.0,-35.0,34.0,6.0,27.0,-12.0,-46.0,-11.0,-9.0,-29.0,-32.0,-25.0
1986-09-01,-29.0,3.0,-31.0,-3.0,-17.0,23.0,10.0,13.0,-20.0,-31.0,-5.0,-5.0,-15.0,-16.0,-9.0
1986-10-01,-12.0,-51.0,-15.0,16.0,20.0,-29.0,-5.0,-25.0,-1.0,-19.0,-6.0,4.0,1.0,-17.0,-12.0
1986-11-01,-6.0,-27.0,-14.0,5.0,-13.0,46.0,10.0,35.0,-8.0,-17.0,6.0,0.0,-2.0,-12.0,-17.0
1986-12-01,-20.0,-1.0,-18.0,-37.0,19.0,-38.0,-5.0,-33.0,-5.0,-11.0,-12.0,-6.0,-16.0,-3.0,13.0
1987-01-01,3.0,1.0,11.0,-39.0,27.0,-59.0,-21.0,-39.0,6.0,12.0,-17.0,2.0,1.0,10.0,-20.0
1987-02-01,12.0,-3.0,12.0,39.0,18.0,21.0,25.0,-4.0,-14.0,-4.0,25.0,2.0,10.0,1.0,24.0
1987-03-01,-16.0,-33.0,-18.0,43.0,11.0,31.0,9.0,22.0,-10.0,-25.0,4.0,1.0,-6.0,-13.0,-3.0
1987-04-01,9.0,36.0,8.0,20.0,19.0,52.0,21.0,30.0,-10.0,-1.0,19.0,1.0,6.0,1.0,3.0
1987-05-01,17.0,20.0,22.0,0.0,17.0,-52.0,-6.0,-46.0,5.0,19.0,-1.0,3.0,7.0,15.0,48.0
1987-06-01,20.0,5.0,18.0,66.0,-4.0,82.0,40.0,42.0,1.0,6.0,45.0,7.0,16.0,1.0,18.0
1987-07-01,-22.0,11.0,-25.0,-12.0,-20.0,27.0,9.0,17.0,-11.0,-21.0,-1.0,-5.0,-15.0,-11.0,6.0
1987-08-01,14.0,38.0,21.0,-34.0,-22.0,-32.0,-17.0,-16.0,3.0,19.0,-14.0,1.0,7.0,13.0,41.0
1987-09-01,27.0,1.0,23.0,75.0,11.0,99.0,26.0,72.0,4.0,8.0,35.0,10.0,21.0,1.0,-16.0
1987-10-01,6.0,1.0,8.0,-22.0,-20.0,-18.0,-16.0,-2.0,13.0,16.0,-11.0,0.0,-1.0,8.0,5.0
1987-11-01,-31.0,-29.0,-29.0,-51.0,14.0,-46.0,-39.0,-8.0,-4.0,-18.0,-50.0,-5.0,-19.0,-11.0,-44.0
1987-12-01,7.0,9.0,3.0,14.0,-20.0,42.0,-3.0,44.0,7.0,4.0,1.0,2.0,6.0,-3.0,12.0
1988-01-01,-2.0,16.0,-7.0,3.0,7.0,2.0,30.0,-28.0,-19.0,-15.0,21.0,-3.0,0.0,-7.0,13.0
1988-02-01,-1.0,-4.0,1.0,10.0,-11.0,42.0,-25.0,66.0,3.0,-2.0,-19.0,0.0,2.0,-2.0,-18.0
1988-03-01,2.0,40.0,4.0,-25.0,-8.0,33.0,-15.0,47.0,6.0,12.0,-13.0,-3.0,-4.0,8.0,-29.0
1988-04-01,-30.0,15.0,-39.0,-50.0,-51.0,17.0,18.0,-2.0,-18.0,-30.0,3.0,-11.0,-21.0,-18.0,1.0
1988-05-01,15.0,40.0,12.0,36.0,-24.0,30.0,6.0,24.0,3.0,10.0,8.0,2.0,11.0,1.0,-2.0
1988-06-01,25.0,23.0,22.0,51.0,11.0,12.0,26.0,-15.0,3.0,9.0,36.0,7.0,19.0,2.0,24.0
1988-07-01,29.0,32.0,37.0,29.0,12.0,-4.0,9.0,-13.0,5.0,29.0,17.0,5.0,17.0,20.0,27.0
1988-08-01,25.0,40.0,28.0,40.0,-4.0,32.0,19.0,12.0,4.0,20.0,25.0,7.0,16.0,12.0,24.0
1988-09-01,17.0,7.0,21.0,17.0,1.0,-40.0,7.0,-48.0,-6.0,10.0,10.0,2.0,11.0,10.0,28.0
1988-10-01,81.0,31.0,105.0,73.0,72.0,-26.0,4.0,-30.0,23.0,80.0,37.0,15.0,46.0,58.0,-5.0
1988-11-01,6.0,-3.0,2.0,-6.0,-15.0,-30.0,3.0,-33.0,2.0,6.0,2.0,0.0,2.0,0.0,-8.0
1988-12-01,-8.0,27.0,-5.0,-64.0,7.0,-58.0,-12.0,-47.0,2.0,11.0,-21.0,-5.0,-12.0,7.0,-2.0
1989-01-01,-49.0,-54.0,-55.0,-68.0,-25.0,-5.0,-38.0,33.0,7.0,-26.0,-50.0,-12.0,-36.0,-20.0,-32.0
1989-02-01,-10.0,-32.0,-16.0,0.0,-8.0,32.0,-6.0,37.0,9.0,-11.0,-4.0,1.0,-8.0,-9.0,-34.0
1989-03-01,30.0,42.0,33.0,25.0,-14.0,21.0,13.0,8.0,3.0,20.0,22.0,6.0,21.0,11.0,11.0
1989-04-01,-2.0,11.0,-10.0,5.0,-26.0,17.0,23.0,-6.0,-10.0,-12.0,17.0,-1.0,2.0,-12.0,14.0
1989-05-01,-34.0,-22.0,-41.0,-45.0,-11.0,-12.0,-20.0,8.0,-21.0,-40.0,-34.0,-7.0,-18.0,-23.0,-29.0
1989-06-01,6.0,22.0,0.0,37.0,-48.0,49.0,16.0,32.0,4.0,-2.0,21.0,2.0,2.0,-2.0,15.0
1989-07-01,-17.0,-22.0,-14.0,-32.0,-29.0,-30.0,-1.0,-29.0,-1.0,-5.0,-9.0,-3.0,-12.0,-2.0,-14.0
1989-08-01,-46.0,-41.0,-46.0,-86.0,-15.0,-49.0,-37.0,-13.0,-4.0,-22.0,-49.0,-17.0,-36.0,-10.0,-35.0
1989-09-01,-75.0,-63.0,-74.0,-126.0,-19.0,-104.0,-51.0,-53.0,-5.0,-33.0,-74.0,-23.0,-58.0,-16.0,-24.0
1989-10-01,1.0,-64.0,-3.0,1.0,10.0,-22.0,-30.0,8.0,7.0,1.0,-32.0,5.0,3.0,-6.0,-24.0
1989-11-01,-23.0,25.0,-24.0,-46.0,-19.0,14.0,-5.0,19.0,-9.0,-12.0,-17.0,-9.0,-19.0,-5.0,-14.0
1989-12-01,11.0,22.0,8.0,51.0,4.0,43.0,34.0,9.0,-4.0,-3.0,39.0,2.0,9.0,-1.0,22.0
1990-01-01,0.0,32.0,-1.0,10.0,-3.0,13.0,13.0,0.0,-5.0,-3.0,10.0,0.0,1.0,-2.0,9.0
1990-02-01,3.0,11.0,-1.0,2.0,-42.0,15.0,11.0,4.0,-4.0,-5.0,10.0,0.0,3.0,-5.0,51.0
1990-03-01,7.0,52.0,6.0,23.0,6.0,19.0,20.0,-1.0,-5.0,2.0,18.0,1.0,3.0,2.0,9.0
1990-04-01,31.0,-17.0,31.0,62.0,-16.0,34.0,8.0,25.0,10.0,19.0,22.0,9.0,23.0,8.0,7.0
1990-05-01,49.0,52.0,60.0,63.0,13.0,40.0,16.0,23.0,6.0,40.0,30.0,12.0,34.0,25.0,-6.0
1990-06-01,-3.0,-16.0,1.0,-4.0,23.0,-5.0,-2.0,-4.0,-12.0,-8.0,-5.0,0.0,1.0,0.0,-15.0
1990-07-01,6.0,-1.0,13.0,8.0,33.0,-54.0,-7.0,-48.0,3.0,10.0,-3.0,2.0,2.0,10.0,6.0
1990-08-01,1.0,-45.0,1.0,5.0,-24.0,-2.0,-41.0,39.0,19.0,6.0,-33.0,6.0,2.0,-2.0,-38.0
1990-09-01,-23.0,23.0,-32.0,-34.0,-15.0,31.0,17.0,14.0,-16.0,-28.0,3.0,-6.0,-12.0,-21.0,2.0
1990-10-01,-8.0,13.0,-12.0,-20.0,-26.0,1.0,-15.0,15.0,-5.0,-8.0,-21.0,-3.0,-6.0,-7.0,8.0
1990-11-01,-12.0,-29.0,-13.0,-5.0,20.0,-22.0,-18.0,-4.0,5.0,-7.0,-19.0,1.0,-8.0,-6.0,11.0
1990-12-01,28.0,39.0,35.0,48.0,8.0,19.0,27.0,-9.0,-8.0,17.0,34.0,3.0,20.0,15.0,2.0
1991-01-01,14.0,4.0,15.0,25.0,-5.0,-1.0,-2.0,1.0,8.0,7.0,8.0,6.0,10.0,4.0,7.0
1991-02-01,12.0,28.0,14.0,20.0,-6.0,14.0,6.0,7.0,-8.0,2.0,8.0,1.0,10.0,4.0,5.0
1991-03-01,-25.0,-33.0,-17.0,-48.0,8.0,-54.0,-21.0,-33.0,-4.0,-9.0,-29.0,-5.0,-18.0,0.0,-22.0
1991-04-01,7.0,-42.0,1.0,65.0,2.0,86.0,11.0,75.0,-2.0,-11.0,15.0,6.0,12.0,-11.0,-19.0
1991-05-01,3.0,27.0,1.0,5.0,-23.0,72.0,8.0,63.0,-12.0,-5.0,3.0,0.0,3.0,-3.0,-5.0
1991-06-01,-4.0,-22.0,-18.0,91.0,-9.0,102.0,72.0,29.0,-27.0,-41.0,65.0,2.0,9.0,-28.0,-28.0
1991-07-01,12.0,11.0,12.0,4.0,-20.0,3.0,-4.0,6.0,16.0,17.0,4.0,2.0,5.0,6.0,-9.0
1991-08-01,66.0,6.0,77.0,49.0,68.0,-48.0,-22.0,-26.0,34.0,65.0,8.0,16.0,38.0,39.0,2.0
1991-09-01,11.0,-64.0,10.0,2.0,3.0,-13.0,-39.0,26.0,18.0,13.0,-30.0,6.0,9.0,0.0,-23.0
1991-10-01,6.0,34.0,10.0,22.0,10.0,48.0,20.0,27.0,-12.0,0.0,17.0,1.0,3.0,6.0,-7.0
1991-11-01,-2.0,-23.0,-8.0,76.0,22.0,96.0,50.0,46.0,-23.0,-29.0,46.0,3.0,12.0,-20.0,-21.0
1991-12-01,-14.0,-30.0,-27.0,38.0,-23.0,52.0,35.0,17.0,-11.0,-36.0,32.0,0.0,-1.0,-26.0,46.0
1992-01-01,-13.0,-30.0,-10.0,-4.0,-11.0,-1.0,-9.0,7.0,-2.0,-7.0,-12.0,-2.0,-7.0,-3.0,15.0
1992-02-01,13.0,40.0,11.0,50.0,-23.0,50.0,26.0,23.0,-7.0,-1.0,27.0,3.0,10.0,0.0,16.0
1992-03-01,51.0,79.0,54.0,97.0,4.0,87.0,58.0,29.0,-4.0,29.0,69.0,11.0,37.0,17.0,44.0
1992-04-01,-26.0,12.0,-35.0,32.0,-6.0,53.0,49.0,4.0,-22.0,-41.0,40.0,-7.0,-13.0,-23.0,27.0
1992-05-01,-33.0,-13.0,-42.0,31.0,-8.0,69.0,24.0,45.0,-21.0,-41.0,9.0,-7.0,-18.0,-25.0,-30.0
1992-06-01,3.0,-14.0,3.0,4.0,-20.0,16.0,6.0,10.0,-3.0,0.0,6.0,0.0,5.0,-3.0,-14.0
1992-07-01,21.0,19.0,24.0,40.0,26.0,6.0,5.0,0.0,3.0,14.0,10.0,8.0,17.0,6.0,23.0
1992-08-01,40.0,-41.0,24.0,126.0,11.0,107.0,35.0,71.0,3.0,-6.0,51.0,17.0,39.0,-16.0,-28.0
1992-09-01,-36.0,-66.0,-50.0,5.0,-29.0,45.0,-5.0,49.0,-15.0,-52.0,-17.0,-2.0,-14.0,-37.0,-46.0
1992-10-01,-53.0,-13.0,-63.0,-70.0,-18.0,14.0,-19.0,32.0,-20.0,-49.0,-39.0,-13.0,-35.0,-28.0,-12.0
1992-11-01,-29.0,-55.0,-33.0,-31.0,-12.0,-39.0,-11.0,-29.0,-9.0,-26.0,-20.0,-6.0,-17.0,-16.0,-5.0
1992-12-01,-36.0,-14.0,-44.0,-16.0,-30.0,50.0,3.0,47.0,-2.0,-33.0,-5.0,-6.0,-21.0,-24.0,-2.0
1993-01-01,15.0,14.0,16.0,87.0,9.0,74.0,50.0,23.0,-11.0,-5.0,55.0,5.0,16.0,-1.0,31.0
1993-02-01,-31.0,3.0,-25.0,-46.0,18.0,-68.0,-16.0,-53.0,-13.0,-18.0,-30.0,-7.0,-21.0,-5.0,-9.0
1993-03-01,4.0,-10.0,2.0,50.0,-15.0,60.0,35.0,25.0,0.0,-5.0,38.0,4.0,5.0,-4.0,-1.0
1993-04-01,-20.0,-48.0,-28.0,24.0,17.0,51.0,8.0,43.0,-8.0,-28.0,1.0,-1.0,-8.0,-20.0,8.0
1993-05-01,8.0,7.0,6.0,20.0,18.0,13.0,1.0,12.0,2.0,3.0,2.0,4.0,6.0,-1.0,14.0
1993-06-01,52.0,63.0,63.0,53.0,30.0,28.0,-12.0,40.0,17.0,49.0,6.0,13.0,33.0,29.0,14.0
1993-07-01,1.0,53.0,11.0,-71.0,2.0,-115.0,-6.0,-110.0,-4.0,17.0,-8.0,-7.0,-7.0,18.0,68.0
1993-08-01,-3.0,23.0,-2.0,-4.0,23.0,20.0,24.0,-4.0,-12.0,-6.0,18.0,-2.0,-3.0,0.0,-3.0
1993-09-01,-26.0,-23.0,-39.0,12.0,-34.0,80.0,35.0,44.0,-18.0,-40.0,23.0,-6.0,-13.0,-27.0,4.0
1993-10-01,28.0,58.0,38.0,-8.0,9.0,-23.0,-4.0,-19.0,4.0,32.0,4.0,2.0,13.0,24.0,22.0
1993-11-01,-17.0,-20.0,-23.0,32.0,16.0,40.0,24.0,16.0,-9.0,-26.0,18.0,0.0,-6.0,-17.0,-22.0
1993-12-01,-15.0,-58.0,-25.0,-7.0,0.0,4.0,-7.0,11.0,-9.0,-28.0,-12.0,-1.0,-3.0,-22.0,2.0
1994-01-01,-1.0,35.0,9.0,-10.0,25.0,-51.0,-9.0,-43.0,6.0,11.0,-2.0,-3.0,-8.0,16.0,0.0
1994-02-01,-16.0,-16.0,-18.0,-59.0,-8.0,-60.0,-32.0,-29.0,7.0,-1.0,-37.0,-4.0,-15.0,-3.0,1.0
1994-03-01,-1.0,-16.0,-16.0,75.0,-18.0,120.0,61.0,58.0,-10.0,-29.0,64.0,1.0,4.0,-20.0,10.0
1994-04-01,21.0,41.0,29.0,20.0,25.0,-3.0,8.0,-12.0,-1.0,24.0,12.0,1.0,10.0,18.0,21.0
1994-05-01,29.0,-34.0,33.0,82.0,60.0,24.0,20.0,4.0,2.0,12.0,31.0,11.0,26.0,7.0,-13.0
1994-06-01,4.0,-40.0,3.0,31.0,-13.0,44.0,15.0,29.0,-1.0,-6.0,18.0,5.0,8.0,-5.0,-12.0
1994-07-01,13.0,-2.0,11.0,6.0,26.0,2.0,-17.0,19.0,6.0,8.0,-13.0,6.0,13.0,-2.0,30.0
1994-08-01,52.0,83.0,68.0,18.0,25.0,22.0,-3.0,25.0,11.0,56.0,11.0,9.0,30.0,38.0,38.0
1994-09-01,14.0,-35.0,3.0,72.0,1.0,85.0,10.0,74.0,11.0,-3.0,18.0,10.0,14.0,-11.0,-22.0
1994-10-01,-25.0,7.0,-30.0,-2.0,-3.0,48.0,3.0,44.0,-12.0,-23.0,-9.0,-6.0,-15.0,-15.0,-28.0
1994-11-01,61.0,43.0,80.0,44.0,38.0,-38.0,12.0,-50.0,21.0,63.0,40.0,10.0,34.0,46.0,21.0
1994-12-01,-5.0,56.0,-11.0,-7.0,8.0,37.0,34.0,3.0,-18.0,-17.0,24.0,-2.0,1.0,-12.0,12.0
1995-01-01,-31.0,22.0,-30.0,-42.0,-28.0,-26.0,-12.0,-14.0,2.0,-14.0,-18.0,-7.0,-23.0,-7.0,42.0
1995-02-01,-21.0,-2.0,-27.0,-8.0,2.0,10.0,-6.0,15.0,-6.0,-23.0,-16.0,1.0,-12.0,-16.0,-4.0
1995-03-01,39.0,35.0,49.0,36.0,14.0,-9.0,-5.0,-5.0,15.0,42.0,9.0,8.0,22.0,26.0,-3.0
1995-04-01,-37.0,-41.0,-32.0,-72.0,24.0,-100.0,-64.0,-36.0,8.0,-13.0,-68.0,-6.0,-25.0,-7.0,-15.0
1995-05-01,-7.0,9.0,-1.0,-45.0,-4.0,-36.0,-31.0,-5.0,8.0,11.0,-33.0,-3.0,-12.0,10.0,5.0
1995-06-01,-4.0,-45.0,-24.0,103.0,-7.0,131.0,45.0,86.0,-14.0,-41.0,41.0,7.0,13.0,-37.0,-20.0
1995-07-01,38.0,5.0,37.0,76.0,9.0,56.0,0.0,56.0,14.0,26.0,13.0,12.0,28.0,8.0,-32.0
1995-08-01,21.0,25.0,26.0,39.0,28.0,21.0,27.0,-7.0,-4.0,10.0,33.0,6.0,18.0,8.0,45.0
1995-09-01,10.0,-1.0,12.0,-18.0,-24.0,-28.0,-24.0,-5.0,18.0,15.0,-11.0,3.0,4.0,7.0,39.0
1995-10-01,-6.0,6.0,-10.0,-5.0,-19.0,27.0,-8.0,34.0,-3.0,-8.0,-13.0,0.0,-3.0,-8.0,7.0
1995-11-01,5.0,-3.0,-1.0,19.0,-1.0,-1.0,14.0,-16.0,4.0,-3.0,18.0,1.0,3.0,-4.0,5.0
1995-12-01,12.0,22.0,23.0,-42.0,-12.0,-39.0,-36.0,-4.0,11.0,32.0,-32.0,-1.0,-1.0,24.0,-8.0
1996-01-01,-68.0,-58.0,-65.0,-87.0,-18.0,-73.0,-35.0,-39.0,-13.0,-46.0,-55.0,-13.0,-44.0,-22.0,-14.0
1996-02-01,-13.0,-9.0,-10.0,19.0,-13.0,17.0,9.0,8.0,0.0,-6.0,7.0,-1.0,-11.0,0.0,11.0
1996-03-01,-1.0,-19.0,-6.0,26.0,20.0,29.0,19.0,10.0,0.0,-13.0,24.0,2.0,2.0,-8.0,-18.0
1996-04-01,14.0,-51.0,23.0,36.0,6.0,-9.0,-20.0,10.0,14.0,19.0,-7.0,6.0,10.0,12.0,7.0
1996-05-01,5.0,51.0,10.0,14.0,4.0,45.0,14.0,31.0,-6.0,6.0,11.0,0.0,2.0,7.0,-13.0
1996-06-01,9.0,-7.0,7.0,44.0,-8.0,36.0,18.0,17.0,-3.0,-1.0,21.0,2.0,8.0,-2.0,2.0
1996-07-01,-43.0,-65.0,-52.0,-21.0,-21.0,-31.0,-14.0,-17.0,-6.0,-41.0,-28.0,-3.0,-22.0,-31.0,-20.0
1996-08-01,22.0,-15.0,18.0,93.0,12.0,71.0,41.0,30.0,-2.0,0.0,48.0,9.0,21.0,-4.0,-21.0
1996-09-01,11.0,-19.0,26.0,-64.0,30.0,-176.0,-57.0,-119.0,25.0,42.0,-48.0,-1.0,-4.0,29.0,9.0
1996-10-01,15.0,20.0,17.0,-21.0,20.0,-16.0,-13.0,-3.0,3.0,14.0,-7.0,0.0,7.0,10.0,23.0
1996-11-01,39.0,-43.0,36.0,92.0,17.0,69.0,33.0,36.0,10.0,16.0,51.0,12.0,30.0,5.0,-30.0
1996-12-01,-8.0,7.0,-8.0,-6.0,8.0,-3.0,4.0,-7.0,-7.0,-5.0,-3.0,-3.0,-4.0,-4.0,-4.0
1997-01-01,-45.0,-30.0,-56.0,-39.0,-12.0,28.0,12.0,15.0,-9.0,-46.0,-3.0,-5.0,-23.0,-34.0,-7.0
1997-02-01,-1.0,-8.0,-2.0,15.0,-11.0,21.0,-3.0,23.0,2.0,-3.0,-1.0,1.0,1.0,-4.0,-18.0
1997-03-01,-23.0,15.0,-19.0,7.0,-3.0,17.0,14.0,2.0,-15.0,-21.0,4.0,-3.0,-9.0,-11.0,-17.0
1997-04-01,20.0,17.0,23.0,65.0,26.0,64.0,29.0,35.0,-3.0,9.0,34.0,7.0,16.0,7.0,-3.0
1997-05-01,-10.0,14.0,-6.0,-60.0,-22.0,-62.0,-40.0,-23.0,9.0,9.0,-41.0,-5.0,-11.0,5.0,21.0
1997-06-01,-21.0,20.0,-30.0,13.0,-32.0,64.0,29.0,35.0,-18.0,-29.0,17.0,-7.0,-14.0,-17.0,32.0
1997-07-01,2.0,40.0,6.0,-6.0,-3.0,54.0,12.0,42.0,-6.0,5.0,8.0,-2.0,-2.0,7.0,13.0
1997-08-01,11.0,19.0,15.0,-7.0,24.0,-8.0,-4.0,-5.0,-7.0,7.0,-3.0,0.0,6.0,8.0,11.0
1997-09-01,-61.0,-15.0,-72.0,-38.0,-70.0,52.0,-4.0,55.0,-2.0,-42.0,-22.0,-14.0,-43.0,-30.0,1.0
1997-10-01,14.0,42.0,14.0,39.0,2.0,64.0,35.0,29.0,-26.0,-7.0,28.0,2.0,14.0,0.0,10.0
1997-11-01,64.0,63.0,72.0,111.0,21.0,72.0,58.0,14.0,-6.0,38.0,75.0,12.0,46.0,26.0,13.0
1997-12-01,25.0,28.0,30.0,26.0,6.0,1.0,12.0,-11.0,2.0,21.0,20.0,2.0,15.0,14.0,28.0
1998-01-01,8.0,29.0,7.0,24.0,-18.0,17.0,23.0,-7.0,-7.0,-3.0,25.0,1.0,7.0,0.0,49.0
1998-02-01,32.0,34.0,46.0,29.0,28.0,-74.0,-12.0,-62.0,7.0,38.0,-1.0,5.0,16.0,29.0,81.0
1998-03-01,45.0,53.0,58.0,41.0,20.0,-15.0,-1.0,-15.0,14.0,53.0,14.0,5.0,22.0,36.0,39.0
1998-04-01,9.0,26.0,16.0,-11.0,17.0,-34.0,-19.0,-16.0,4.0,18.0,-17.0,-1.0,3.0,12.0,-2.0
1998-05-01,-3.0,-28.0,-8.0,29.0,-13.0,32.0,11.0,20.0,-4.0,-10.0,9.0,0.0,-1.0,-8.0,-12.0
1998-06-01,7.0,33.0,8.0,5.0,-31.0,-7.0,6.0,-13.0,11.0,14.0,11.0,1.0,0.0,7.0,12.0
1998-07-01,7.0,47.0,20.0,-29.0,3.0,-72.0,-48.0,-25.0,25.0,38.0,-41.0,0.0,-4.0,23.0,26.0
1998-08-01,1.0,57.0,1.0,2.0,-54.0,61.0,23.0,38.0,1.0,3.0,22.0,-2.0,-1.0,1.0,27.0
1998-09-01,23.0,46.0,25.0,21.0,19.0,-22.0,26.0,-49.0,2.0,20.0,30.0,3.0,13.0,11.0,44.0
1998-10-01,52.0,-8.0,61.0,47.0,14.0,9.0,-11.0,19.0,29.0,48.0,16.0,15.0,36.0,25.0,9.0
1998-11-01,-51.0,-10.0,-55.0,-92.0,-28.0,-2.0,-15.0,13.0,-4.0,-28.0,-34.0,-13.0,-38.0,-18.0,-52.0
1998-12-01,-5.0,-19.0,-8.0,-14.0,3.0,-4.0,0.0,-4.0,-2.0,-7.0,-2.0,-1.0,-3.0,-5.0,-5.0
1999-01-01,-62.0,-6.0,-67.0,-78.0,-48.0,-7.0,-26.0,18.0,-9.0,-43.0,-48.0,-11.0,-42.0,-25.0,-44.0
1999-02-01,-15.0,16.0,-11.0,-52.0,-8.0,-65.0,-3.0,-62.0,6.0,4.0,-7.0,-5.0,-16.0,5.0,8.0
1999-03-01,10.0,-6.0,20.0,-26.0,11.0,-74.0,-24.0,-51.0,5.0,24.0,-24.0,0.0,2.0,18.0,24.0
1999-04-01,-27.0,-7.0,-26.0,-44.0,-29.0,41.0,-28.0,69.0,4.0,-11.0,-33.0,-6.0,-18.0,-8.0,-49.0
1999-05-01,9.0,32.0,25.0,-13.0,41.0,-82.0,-4.0,-78.0,0.0,25.0,-5.0,0.0,1.0,23.0,42.0
1999-06-01,-4.0,30.0,-12.0,27.0,-5.0,66.0,31.0,34.0,-2.0,-11.0,28.0,0.0,-1.0,-12.0,-12.0
1999-07-01,-4.0,-3.0,-12.0,15.0,-17.0,52.0,14.0,37.0,-5.0,-17.0,12.0,2.0,4.0,-17.0,8.0
1999-08-01,12.0,15.0,12.0,23.0,-8.0,46.0,26.0,19.0,0.0,3.0,31.0,4.0,10.0,1.0,34.0
1999-09-01,-7.0,-19.0,-13.0,-19.0,-10.0,-17.0,12.0,-30.0,0.0,-7.0,10.0,-5.0,-8.0,-6.0,43.0
1999-10-01,-3.0,26.0,3.0,-42.0,-22.0,-33.0,-9.0,-25.0,5.0,10.0,-6.0,-5.0,-8.0,11.0,26.0
1999-11-01,-23.0,-18.0,-26.0,-20.0,-10.0,36.0,-18.0,54.0,10.0,-10.0,-20.0,-4.0,-18.0,-9.0,-24.0
1999-12-01,-27.0,16.0,-32.0,1.0,-7.0,40.0,20.0,20.0,-14.0,-29.0,8.0,-5.0,-15.0,-17.0,-15.0
2000-01-01,-31.0,-39.0,-47.0,-20.0,-26.0,42.0,-16.0,58.0,8.0,-36.0,-17.0,-2.0,-19.0,-28.0,-32.0
2000-02-01,2.0,49.0,7.0,5.0,11.0,-1.0,19.0,-21.0,-10.0,2.0,15.0,-1.0,1.0,5.0,4.0
2000-03-01,-19.0,28.0,-18.0,-4.0,-1.0,-8.0,18.0,-26.0,-22.0,-21.0,4.0,-6.0,-14.0,-4.0,-6.0
2000-04-01,1.0,17.0,-3.0,3.0,7.0,23.0,-10.0,32.0,3.0,-2.0,-8.0,1.0,2.0,-5.0,-5.0
2000-05-01,7.0,26.0,24.0,-50.0,35.0,-105.0,-45.0,-61.0,14.0,36.0,-41.0,-2.0,-3.0,27.0,10.0
2000-06-01,22.0,-10.0,21.0,21.0,10.0,25.0,4.0,20.0,9.0,16.0,13.0,5.0,13.0,7.0,8.0
2000-07-01,-26.0,-1.0,-19.0,-110.0,1.0,-106.0,-45.0,-61.0,8.0,10.0,-52.0,-15.0,-29.0,10.0,-10.0
2000-08-01,-5.0,-32.0,-10.0,17.0,-23.0,41.0,9.0,32.0,1.0,-12.0,9.0,2.0,0.0,-10.0,-10.0
2000-09-01,7.0,-24.0,10.0,30.0,26.0,-23.0,9.0,-32.0,2.0,2.0,15.0,4.0,6.0,3.0,-2.0
2000-10-01,24.0,21.0,28.0,10.0,6.0,2.0,8.0,-6.0,8.0,20.0,20.0,4.0,13.0,15.0,22.0
2000-11-01,-38.0,1.0,-48.0,-1.0,-41.0,89.0,27.0,62.0,-16.0,-42.0,13.0,-8.0,-21.0,-27.0,-42.0
2000-12-01,14.0,31.0,18.0,-21.0,19.0,-11.0,-12.0,0.0,4.0,17.0,-9.0,2.0,8.0,10.0,-20.0
2001-01-01,-18.0,16.0,-26.0,13.0,-22.0,61.0,24.0,36.0,-13.0,-30.0,17.0,-2.0,-5.0,-22.0,-23.0
2001-02-01,-12.0,47.0,-10.0,-17.0,8.0,-14.0,6.0,-21.0,-10.0,-2.0,-6.0,-7.0,-9.0,-2.0,-5.0
2001-03-01,0.0,18.0,9.0,-22.0,3.0,-57.0,9.0,-66.0,5.0,14.0,9.0,-1.0,-3.0,11.0,15.0
2001-04-01,-11.0,24.0,-10.0,-41.0,-4.0,-24.0,-4.0,-20.0,-1.0,4.0,-11.0,-8.0,-13.0,3.0,5.0
2001-05-01,-12.0,-69.0,-14.0,7.0,-41.0,63.0,-25.0,87.0,9.0,-5.0,-24.0,-2.0,-5.0,-10.0,-40.0
2001-06-01,14.0,37.0,18.0,-1.0,22.0,-2.0,8.0,-11.0,1.0,16.0,12.0,0.0,7.0,10.0,21.0
2001-07-01,-35.0,7.0,-45.0,-25.0,-69.0,62.0,30.0,31.0,-17.0,-38.0,15.0,-9.0,-21.0,-25.0,-10.0
2001-08-01,14.0,-20.0,18.0,12.0,12.0,-19.0,-13.0,-6.0,7.0,11.0,-4.0,4.0,10.0,7.0,-5.0
2001-09-01,-21.0,27.0,-15.0,-70.0,-6.0,-81.0,-6.0,-76.0,-6.0,-2.0,-14.0,-11.0,-19.0,3.0,35.0
2001-10-01,-19.0,-47.0,-24.0,-23.0,2.0,-35.0,-26.0,-9.0,0.0,-18.0,-29.0,-2.0,-12.0,-12.0,-15.0
2001-11-01,-17.0,-25.0,-18.0,-27.0,-23.0,-11.0,-19.0,8.0,10.0,-5.0,-18.0,-4.0,-14.0,-5.0,-10.0
2001-12-01,-7.0,-36.0,-10.0,8.0,-10.0,16.0,-12.0,28.0,7.0,-6.0,-11.0,1.0,-2.0,-9.0,-17.0
2002-01-01,-36.0,-79.0,-44.0,0.0,-21.0,23.0,-4.0,26.0,-1.0,-36.0,-10.0,-2.0,-17.0,-28.0,-25.0
2002-02-01,-25.0,-35.0,-21.0,5.0,-18.0,12.0,17.0,-5.0,-5.0,-16.0,12.0,-4.0,-15.0,-6.0,-16.0
2002-03-01,38.0,44.0,44.0,25.0,9.0,44.0,10.0,33.0,8.0,32.0,24.0,7.0,23.0,20.0,-31.0
2002-04-01,-18.0,-4.0,-27.0,8.0,-30.0,46.0,19.0,27.0,-5.0,-21.0,13.0,-4.0,-10.0,-17.0,10.0
2002-05-01,24.0,0.0,21.0,60.0,-11.0,91.0,23.0,67.0,5.0,11.0,31.0,7.0,19.0,2.0,-20.0
2002-06-01,44.0,17.0,47.0,101.0,52.0,38.0,21.0,17.0,13.0,28.0,38.0,14.0,34.0,12.0,-2.0
2002-07-01,-25.0,-11.0,-22.0,-4.0,40.0,-20.0,4.0,-25.0,-18.0,-23.0,-9.0,-3.0,-12.0,-11.0,-16.0
2002-08-01,19.0,-11.0,17.0,50.0,-5.0,83.0,34.0,49.0,-6.0,0.0,39.0,6.0,15.0,1.0,10.0
2002-09-01,52.0,48.0,63.0,60.0,39.0,-23.0,11.0,-35.0,15.0,46.0,31.0,12.0,31.0,31.0,31.0
2002-10-01,12.0,-19.0,10.0,51.0,0.0,39.0,44.0,-5.0,-11.0,-6.0,47.0,3.0,13.0,-4.0,11.0
2002-11-01,1.0,-32.0,-6.0,44.0,13.0,61.0,34.0,26.0,-12.0,-21.0,35.0,2.0,8.0,-14.0,3.0
2002-12-01,8.0,30.0,8.0,13.0,6.0,19.0,4.0,15.0,-3.0,2.0,3.0,4.0,7.0,0.0,16.0
2003-01-01,-21.0,14.0,-27.0,-16.0,1.0,31.0,12.0,18.0,-9.0,-22.0,5.0,-6.0,-12.0,-15.0,-8.0
2003-02-01,-6.0,33.0,-3.0,-23.0,-13.0,-16.0,-7.0,-9.0,-5.0,2.0,-12.0,-6.0,-9.0,5.0,36.0
2003-03-01,-24.0,-12.0,-21.0,-51.0,-19.0,-28.0,-23.0,-6.0,5.0,-4.0,-28.0,-6.0,-17.0,-4.0,-9.0
2003-04-01,-42.0,-35.0,-56.0,-22.0,-40.0,67.0,14.0,53.0,-12.0,-45.0,2.0,-10.0,-26.0,-30.0,-30.0
2003-05-01,5.0,38.0,5.0,-9.0,-18.0,11.0,-9.0,19.0,4.0,10.0,-9.0,0.0,-1.0,5.0,16.0
2003-06-01,41.0,35.0,52.0,12.0,31.0,-64.0,-32.0,-33.0,17.0,45.0,-15.0,8.0,24.0,28.0,26.0
2003-07-01,-2.0,23.0,0.0,-22.0,16.0,-30.0,-1.0,-29.0,-3.0,6.0,-6.0,-4.0,-5.0,5.0,27.0
2003-08-01,-40.0,-21.0,-36.0,-103.0,24.0,-80.0,-44.0,-37.0,-10.0,-17.0,-57.0,-16.0,-33.0,-4.0,-37.0
2003-09-01,9.0,-17.0,14.0,50.0,38.0,7.0,-15.0,22.0,8.0,8.0,-8.0,6.0,9.0,4.0,-28.0
2003-10-01,-16.0,-1.0,-15.0,-21.0,-18.0,-6.0,0.0,-7.0,-4.0,-8.0,-7.0,-4.0,-10.0,-6.0,-2.0
2003-11-01,18.0,42.0,18.0,50.0,-13.0,83.0,28.0,54.0,-8.0,3.0,29.0,6.0,17.0,1.0,14.0
2003-12-01,13.0,26.0,12.0,29.0,10.0,8.0,15.0,-8.0,-3.0,4.0,16.0,4.0,11.0,0.0,26.0
2004-01-01,-20.0,-10.0,-13.0,-27.0,-6.0,-63.0,-21.0,-43.0,-5.0,-10.0,-26.0,-4.0,-13.0,-1.0,26.0
2004-02-01,44.0,-9.0,40.0,108.0,-4.0,82.0,18.0,64.0,13.0,19.0,36.0,16.0,37.0,2.0,-13.0
2004-03-01,23.0,32.0,23.0,32.0,9.0,31.0,38.0,-7.0,-9.0,7.0,41.0,3.0,17.0,6.0,-9.0
2004-04-01,-11.0,-7.0,-13.0,-24.0,-17.0,1.0,-8.0,9.0,-2.0,-10.0,-13.0,0.0,-4.0,-9.0,16.0
2004-05-01,-10.0,-24.0,-1.0,-36.0,16.0,-39.0,-53.0,13.0,10.0,12.0,-51.0,-4.0,-14.0,13.0,-33.0
2004-06-01,50.0,20.0,57.0,60.0,61.0,-37.0,14.0,-51.0,10.0,36.0,33.0,12.0,32.0,24.0,34.0
2004-07-01,-7.0,27.0,-4.0,-23.0,6.0,-22.0,2.0,-25.0,-4.0,-1.0,-2.0,-3.0,-7.0,3.0,18.0
2004-08-01,14.0,-36.0,9.0,69.0,3.0,63.0,39.0,23.0,-10.0,-13.0,46.0,5.0,16.0,-7.0,-25.0
2004-09-01,25.0,20.0,23.0,32.0,-8.0,42.0,18.0,23.0,8.0,16.0,28.0,6.0,16.0,6.0,23.0
2004-10-01,-9.0,16.0,-17.0,24.0,-20.0,46.0,10.0,36.0,-5.0,-19.0,7.0,1.0,-2.0,-15.0,21.0
2004-11-01,21.0,8.0,22.0,-2.0,16.0,-15.0,-6.0,-9.0,4.0,15.0,1.0,3.0,13.0,8.0,6.0
2004-12-01,14.0,-50.0,-5.0,115.0,-25.0,157.0,43.0,114.0,-6.0,-27.0,48.0,12.0,24.0,-29.0,-14.0
2005-01-01,-13.0,-14.0,-14.0,-23.0,5.0,-30.0,2.0,-32.0,-4.0,-13.0,-1.0,-2.0,-7.0,-8.0,1.0
2005-02-01,5.0,-10.0,5.0,-25.0,1.0,-42.0,-20.0,-22.0,3.0,5.0,-17.0,0.0,3.0,1.0,35.0
2005-03-01,-6.0,-2.0,-1.0,13.0,-14.0,28.0,-6.0,34.0,-5.0,-6.0,-8.0,3.0,0.0,-2.0,1.0
2005-04-01,-9.0,32.0,-10.0,20.0,16.0,33.0,43.0,-11.0,-20.0,-17.0,33.0,-3.0,-3.0,-7.0,13.0
2005-05-01,-14.0,7.0,-6.0,-31.0,3.0,-12.0,-45.0,33.0,3.0,6.0,-52.0,-1.0,-9.0,3.0,-18.0
2005-06-01,-4.0,6.0,-7.0,35.0,-16.0,32.0,48.0,-17.0,-15.0,-16.0,44.0,-1.0,0.0,-7.0,6.0
2005-07-01,12.0,49.0,20.0,-2.0,19.0,-29.0,-21.0,-8.0,11.0,23.0,-15.0,2.0,6.0,13.0,31.0
2005-08-01,18.0,50.0,27.0,-57.0,46.0,-71.0,-16.0,-55.0,4.0,31.0,-13.0,-4.0,1.0,26.0,10.0
2005-09-01,-2.0,-30.0,-6.0,-1.0,-17.0,-3.0,6.0,-9.0,4.0,-1.0,6.0,-1.0,-2.0,-4.0,11.0
2005-10-01,-37.0,-20.0,-46.0,-37.0,-13.0,-13.0,-2.0,-12.0,-13.0,-37.0,-16.0,-8.0,-23.0,-24.0,-19.0
2005-11-01,-21.0,-10.0,-25.0,5.0,-10.0,37.0,41.0,-5.0,-19.0,-28.0,32.0,-7.0,-12.0,-14.0,-14.0
2005-12-01,-5.0,-39.0,-1.0,22.0,41.0,-43.0,-5.0,-39.0,0.0,-4.0,-5.0,2.0,3.0,-5.0,-8.0
2006-01-01,2.0,56.0,7.0,-3.0,-9.0,11.0,-4.0,14.0,-1.0,9.0,-4.0,-2.0,1.0,6.0,4.0
2006-02-01,-1.0,2.0,-3.0,-22.0,1.0,-5.0,0.0,-5.0,-5.0,-4.0,-4.0,-1.0,-1.0,-3.0,-14.0
2006-03-01,-12.0,-1.0,-13.0,44.0,-7.0,57.0,32.0,24.0,-11.0,-18.0,29.0,-3.0,-4.0,-9.0,-10.0
2006-04-01,17.0,-89.0,22.0,-1.0,12.0,-36.0,-57.0,21.0,27.0,26.0,-40.0,6.0,9.0,13.0,-21.0
2006-05-01,-28.0,-48.0,-30.0,-10.0,-9.0,5.0,-21.0,25.0,-1.0,-22.0,-27.0,-3.0,-16.0,-15.0,-18.0
2006-06-01,-13.0,30.0,-19.0,8.0,-31.0,86.0,24.0,61.0,-18.0,-26.0,16.0,-3.0,-5.0,-15.0,7.0
2006-07-01,-2.0,46.0,0.0,-31.0,-31.0,15.0,-3.0,18.0,-12.0,-4.0,-9.0,-1.0,2.0,-2.0,13.0
2006-08-01,15.0,12.0,8.0,52.0,-1.0,80.0,33.0,46.0,-6.0,-4.0,34.0,5.0,15.0,-7.0,25.0
2006-09-01,15.0,53.0,23.0,-10.0,-8.0,-4.0,7.0,-12.0,2.0,22.0,13.0,-3.0,5.0,18.0,44.0
2006-10-01,9.0,33.0,7.0,37.0,5.0,76.0,29.0,46.0,-15.0,-10.0,29.0,2.0,11.0,-5.0,22.0
2006-11-01,52.0,35.0,53.0,62.0,-12.0,41.0,4.0,37.0,17.0,32.0,28.0,13.0,39.0,14.0,27.0
2006-12-01,-15.0,-22.0,-30.0,41.0,-4.0,90.0,40.0,50.0,-19.0,-41.0,33.0,-1.0,-2.0,-29.0,6.0
2007-01-01,-18.0,-21.0,-20.0,9.0,4.0,-7.0,3.0,-11.0,-3.0,-19.0,1.0,-3.0,-9.0,-12.0,38.0
2007-02-01,-33.0,15.0,-41.0,-36.0,-39.0,13.0,13.0,0.0,-10.0,-31.0,0.0,-6.0,-21.0,-20.0,2.0
2007-03-01,35.0,7.0,40.0,7.0,6.0,-32.0,-7.0,-26.0,13.0,35.0,5.0,6.0,22.0,18.0,19.0
2007-04-01,-13.0,0.0,-25.0,28.0,-41.0,89.0,21.0,68.0,-7.0,-27.0,16.0,-1.0,-3.0,-23.0,-16.0
2007-05-01,28.0,36.0,43.0,-12.0,59.0,-89.0,-4.0,-85.0,6.0,39.0,3.0,2.0,12.0,30.0,19.0
2007-06-01,10.0,14.0,2.0,70.0,-90.0,126.0,33.0,92.0,-4.0,-10.0,37.0,4.0,11.0,-9.0,-2.0
2007-07-01,-37.0,-42.0,-44.0,-37.0,-23.0,1.0,-22.0,22.0,-4.0,-26.0,-36.0,-8.0,-22.0,-23.0,-14.0
2007-08-01,28.0,9.0,27.0,62.0,13.0,53.0,32.0,21.0,-1.0,10.0,39.0,9.0,24.0,3.0,24.0
2007-09-01,-22.0,12.0,-24.0,-51.0,0.0,-52.0,-9.0,-43.0,2.0,-7.0,-14.0,-11.0,-22.0,-3.0,12.0
2007-10-01,41.0,8.0,41.0,61.0,10.0,36.0,27.0,9.0,3.0,19.0,42.0,10.0,31.0,9.0,14.0
2007-11-01,-16.0,26.0,-25.0,-36.0,-41.0,56.0,20.0,35.0,-19.0,-26.0,7.0,-4.0,-7.0,-19.0,-11.0
2007-12-01,-36.0,-3.0,-35.0,-72.0,3.0,-59.0,-25.0,-34.0,-1.0,-14.0,-38.0,-9.0,-30.0,-6.0,3.0
2008-01-01,-33.0,31.0,-33.0,-61.0,-16.0,-24.0,-4.0,-20.0,-3.0,-17.0,-15.0,-8.0,-24.0,-10.0,-6.0
2008-02-01,-7.0,-23.0,-5.0,-11.0,-29.0,7.0,-16.0,22.0,7.0,2.0,-15.0,-1.0,-7.0,1.0,-36.0
2008-03-01,-2.0,16.0,0.0,-24.0,21.0,-30.0,-5.0,-26.0,0.0,5.0,-9.0,-1.0,-3.0,3.0,-12.0
2008-04-01,-19.0,-12.0,-26.0,-35.0,-7.0,8.0,-21.0,29.0,5.0,-13.0,-25.0,-4.0,-14.0,-12.0,-31.0
2008-05-01,-55.0,-49.0,-59.0,-43.0,-1.0,9.0,-6.0,14.0,-15.0,-39.0,-27.0,-14.0,-38.0,-22.0,-52.0
2008-06-01,22.0,25.0,18.0,49.0,0.0,53.0,23.0,29.0,-1.0,6.0,30.0,5.0,18.0,0.0,18.0
2008-07-01,6.0,-67.0,-5.0,30.0,-17.0,14.0,-22.0,35.0,12.0,-7.0,-16.0,8.0,10.0,-16.0,17.0
2008-08-01,14.0,-34.0,3.0,73.0,-17.0,98.0,18.0,80.0,5.0,-9.0,25.0,11.0,19.0,-16.0,-6.0
2008-09-01,10.0,-1.0,15.0,-30.0,16.0,-48.0,-12.0,-37.0,6.0,19.0,-8.0,0.0,1.0,13.0,16.0
2008-10-01,19.0,58.0,19.0,25.0,-5.0,41.0,22.0,19.0,-7.0,8.0,21.0,4.0,15.0,4.0,19.0
2008-11-01,15.0,4.0,22.0,-28.0,-10.0,-41.0,-20.0,-22.0,14.0,29.0,-13.0,0.0,1.0,20.0,-23.0
2008-12-01,-7.0,-12.0,-11.0,-16.0,7.0,-29.0,-21.0,-8.0,2.0,-7.0,-20.0,-2.0,-7.0,-5.0,-36.0
2009-01-01,-8.0,10.0,-4.0,-28.0,14.0,-26.0,-1.0,-26.0,-15.0,-6.0,-9.0,-4.0,-6.0,2.0,-14.0
2009-02-01,-10.0,-24.0,-22.0,27.0,-39.0,47.0,12.0,34.0,3.0,-20.0,13.0,1.0,-2.0,-20.0,-13.0
2009-03-01,11.0,5.0,12.0,14.0,11.0,0.0,29.0,-30.0,-4.0,7.0,30.0,0.0,6.0,5.0,-3.0
2009-04-01,-1.0,-3.0,8.0,-62.0,7.0,-80.0,-43.0,-37.0,19.0,23.0,-35.0,-4.0,-11.0,18.0,3.0
2009-05-01,-26.0,-72.0,-40.0,18.0,-17.0,108.0,8.0,100.0,-17.0,-42.0,-3.0,-3.0,-12.0,-28.0,-42.0
2009-06-01,-32.0,-14.0,-38.0,15.0,-23.0,-7.0,31.0,-39.0,-17.0,-35.0,20.0,-8.0,-21.0,-17.0,14.0
2009-07-01,7.0,11.0,12.0,31.0,20.0,10.0,5.0,4.0,1.0,8.0,9.0,1.0,4.0,7.0,-10.0
2009-08-01,38.0,18.0,57.0,-45.0,55.0,-131.0,-40.0,-91.0,23.0,60.0,-22.0,2.0,13.0,44.0,11.0
2009-09-01,-18.0,-24.0,-16.0,-58.0,4.0,-89.0,-14.0,-75.0,-4.0,-4.0,-23.0,-7.0,-17.0,1.0,1.0
2009-10-01,-34.0,-14.0,-49.0,37.0,-46.0,132.0,44.0,88.0,-27.0,-56.0,29.0,-6.0,-13.0,-37.0,-3.0
2009-11-01,22.0,71.0,19.0,68.0,-11.0,79.0,46.0,32.0,-16.0,-4.0,47.0,6.0,23.0,-4.0,14.0
2009-12-01,9.0,22.0,7.0,30.0,15.0,13.0,20.0,-8.0,-7.0,-3.0,23.0,0.0,6.0,0.0,27.0
2010-01-01,-37.0,-48.0,-39.0,-23.0,-7.0,-1.0,-19.0,17.0,-10.0,-35.0,-27.0,-6.0,-20.0,-20.0,6.0
2010-02-01,-2.0,9.0,-2.0,-25.0,-31.0,-9.0,-1.0,-8.0,0.0,0.0,-2.0,-1.0,-2.0,0.0,53.0
2010-03-01,25.0,45.0,32.0,33.0,15.0,30.0,33.0,-3.0,-10.0,18.0,35.0,3.0,18.0,14.0,25.0
2010-04-01,25.0,24.0,31.0,2.0,13.0,-8.0,-8.0,0.0,7.0,26.0,2.0,2.0,12.0,18.0,-12.0
2010-05-01,-41.0,-82.0,-59.0,-54.0,-27.0,-33.0,-52.0,19.0,3.0,-37.0,-65.0,-7.0,-28.0,-32.0,-21.0
2010-06-01,-8.0,-11.0,-17.0,24.0,0.0,41.0,-2.0,43.0,-1.0,-20.0,-4.0,3.0,2.0,-19.0,-1.0
2010-07-01,-34.0,24.0,-31.0,-48.0,-8.0,-3.0,0.0,-4.0,-18.0,-25.0,-13.0,-11.0,-23.0,-9.0,1.0
2010-08-01,5.0,-61.0,-1.0,28.0,5.0,-12.0,-21.0,8.0,8.0,-4.0,-16.0,5.0,4.0,-6.0,0.0
2010-09-01,61.0,26.0,69.0,80.0,10.0,46.0,-2.0,47.0,24.0,51.0,24.0,16.0,41.0,28.0,21.0
2010-10-01,-28.0,25.0,-23.0,-62.0,-7.0,-29.0,7.0,-37.0,-17.0,-18.0,-5.0,-9.0,-22.0,-2.0,23.0
2010-11-01,-19.0,-6.0,-23.0,-38.0,-9.0,-18.0,17.0,-36.0,-17.0,-18.0,2.0,-7.0,-14.0,-9.0,13.0
2010-12-01,7.0,21.0,12.0,-10.0,13.0,-48.0,-11.0,-37.0,10.0,17.0,-7.0,0.0,2.0,10.0,1.0
2011-01-01,-34.0,-31.0,-35.0,-26.0,-17.0,-1.0,0.0,-1.0,-7.0,-24.0,-11.0,-8.0,-24.0,-12.0,-21.0
2011-02-01,2.0,23.0,8.0,-22.0,-2.0,-20.0,-10.0,-10.0,-6.0,5.0,-11.0,-2.0,-1.0,9.0,-22.0
2011-03-01,1.0,15.0,5.0,-20.0,-10.0,-22.0,-5.0,-18.0,2.0,10.0,-5.0,-3.0,-4.0,9.0,-16.0
2011-04-01,-23.0,-13.0,-31.0,-6.0,-12.0,42.0,1.0,41.0,-2.0,-23.0,-5.0,-4.0,-15.0,-17.0,-27.0
2011-05-01,23.0,-3.0,30.0,-27.0,-15.0,-22.0,-66.0,44.0,28.0,36.0,-52.0,7.0,13.0,17.0,-11.0
2011-06-01,-9.0,-15.0,-16.0,15.0,7.0,21.0,1.0,20.0,5.0,-11.0,0.0,-1.0,-5.0,-12.0,-4.0
2011-07-01,34.0,74.0,43.0,51.0,2.0,70.0,23.0,47.0,7.0,33.0,34.0,6.0,19.0,23.0,-17.0
2011-08-01,0.0,19.0,-13.0,7.0,-33.0,66.0,50.0,15.0,-25.0,-27.0,41.0,-1.0,6.0,-20.0,0.0
2011-09-01,6.0,9.0,3.0,11.0,3.0,25.0,27.0,-2.0,-5.0,-2.0,25.0,2.0,6.0,-3.0,-19.0
2011-10-01,-28.0,-34.0,-33.0,-54.0,-31.0,10.0,-34.0,43.0,6.0,-16.0,-41.0,-4.0,-20.0,-14.0,-5.0
2011-11-01,24.0,20.0,24.0,57.0,21.0,32.0,35.0,-4.0,-7.0,4.0,43.0,6.0,19.0,4.0,7.0
2011-12-01,-50.0,-25.0,-56.0,-85.0,-27.0,-23.0,-45.0,22.0,10.0,-21.0,-61.0,-9.0,-39.0,-18.0,-16.0
2012-01-01,-5.0,23.0,-11.0,7.0,-3.0,28.0,4.0,24.0,-7.0,-13.0,1.0,-1.0,-2.0,-9.0,-8.0
2012-02-01,-21.0,-37.0,-21.0,-11.0,-19.0,-8.0,-13.0,5.0,8.0,-14.0,-12.0,1.0,-12.0,-10.0,-12.0
2012-03-01,-24.0,3.0,-19.0,-28.0,-4.0,-28.0,-1.0,-27.0,-8.0,-10.0,-12.0,-6.0,-18.0,-1.0,-8.0
2012-04-01,-26.0,0.0,-24.0,-66.0,2.0,-47.0,-23.0,-25.0,-8.0,-13.0,-33.0,-9.0,-21.0,-4.0,-22.0
2012-05-01,-12.0,-10.0,-7.0,6.0,20.0,-7.0,8.0,-15.0,-5.0,-5.0,3.0,-2.0,-9.0,1.0,11.0
2012-06-01,22.0,10.0,17.0,74.0,-18.0,83.0,39.0,43.0,4.0,1.0,51.0,8.0,21.0,-5.0,-1.0
2012-07-01,-32.0,18.0,-27.0,-105.0,-13.0,-71.0,-57.0,-15.0,7.0,1.0,-67.0,-11.0,-30.0,3.0,17.0
2012-08-01,-15.0,-64.0,-14.0,-39.0,16.0,-69.0,-44.0,-25.0,6.0,-5.0,-45.0,-1.0,-9.0,-6.0,-4.0
2012-09-01,14.0,10.0,25.0,-7.0,17.0,-39.0,-11.0,-29.0,18.0,30.0,1.0,1.0,3.0,21.0,17.0
2012-10-01,35.0,30.0,29.0,60.0,-6.0,106.0,27.0,79.0,4.0,11.0,40.0,9.0,28.0,1.0,-16.0
2012-11-01,-10.0,-6.0,-16.0,31.0,-2.0,49.0,43.0,5.0,-17.0,-24.0,36.0,-2.0,0.0,-17.0,-2.0
2012-12-01,1.0,34.0,0.0,-16.0,18.0,-12.0,-5.0,-7.0,2.0,6.0,-7.0,-1.0,-2.0,2.0,14.0
2013-01-01,-2.0,27.0,4.0,-37.0,-1.0,-30.0,-10.0,-21.0,0.0,5.0,-9.0,-1.0,-3.0,7.0,-1.0
2013-02-01,-16.0,20.0,-23.0,-37.0,-18.0,-5.0,13.0,-18.0,-12.0,-19.0,1.0,-4.0,-11.0,-12.0,8.0
2013-03-01,-3.0,23.0,-1.0,-29.0,24.0,-45.0,-7.0,-39.0,1.0,4.0,-11.0,-1.0,-5.0,4.0,-18.0
2013-04-01,1.0,-30.0,-2.0,7.0,0.0,13.0,-23.0,36.0,6.0,-2.0,-20.0,3.0,4.0,-7.0,-10.0
2013-05-01,-18.0,-9.0,-25.0,17.0,4.0,42.0,2.0,40.0,1.0,-15.0,-5.0,-2.0,-12.0,-14.0,-27.0
2013-06-01,-21.0,-25.0,-39.0,1.0,-58.0,65.0,-4.0,68.0,-10.0,-39.0,-11.0,-3.0,-10.0,-29.0,-11.0
2013-07-01,21.0,79.0,34.0,-35.0,32.0,-69.0,-1.0,-69.0,-7.0,29.0,-1.0,-1.0,9.0,24.0,51.0
2013-08-01,-4.0,-19.0,8.0,-34.0,56.0,-89.0,-34.0,-55.0,3.0,13.0,-32.0,-3.0,-8.0,16.0,-23.0
2013-09-01,-5.0,-1.0,-7.0,9.0,-1.0,-1.0,10.0,-12.0,-3.0,-5.0,9.0,-3.0,-3.0,-4.0,-5.0
2013-10-01,42.0,66.0,56.0,34.0,29.0,-3.0,0.0,-3.0,5.0,37.0,15.0,9.0,29.0,27.0,6.0
2013-11-01,-44.0,-14.0,-44.0,-52.0,-45.0,6.0,-17.0,22.0,-12.0,-31.0,-33.0,-9.0,-27.0,-17.0,-24.0
2013-12-01,-6.0,-33.0,-11.0,-23.0,16.0,-11.0,-17.0,6.0,-2.0,-9.0,-19.0,-2.0,-1.0,-10.0,-13.0
2014-01-01,8.0,17.0,7.0,31.0,5.0,64.0,25.0,38.0,-5.0,-3.0,29.0,1.0,6.0,1.0,-12.0
2014-02-01,-13.0,-2.0,-10.0,-35.0,6.0,-19.0,-7.0,-13.0,-10.0,-9.0,-12.0,-6.0,-9.0,-2.0,-14.0
2014-03-01,-6.0,-3.0,-10.0,2.0,3.0,-9.0,23.0,-32.0,-12.0,-16.0,18.0,-1.0,0.0,-11.0,36.0
2014-04-01,-26.0,-90.0,-36.0,-27.0,-20.0,-13.0,-52.0,39.0,6.0,-30.0,-55.0,1.0,-10.0,-27.0,-15.0
2014-05-01,26.0,30.0,38.0,7.0,18.0,-16.0,-12.0,-4.0,11.0,35.0,-1.0,3.0,11.0,26.0,0.0
2014-06-01,8.0,5.0,17.0,-27.0,1.0,-62.0,-31.0,-32.0,17.0,26.0,-25.0,1.0,1.0,15.0,27.0
2014-07-01,-12.0,11.0,-9.0,5.0,19.0,7.0,17.0,-11.0,-2.0,-2.0,15.0,-6.0,-12.0,2.0,-19.0
2014-08-01,-4.0,51.0,-5.0,24.0,-47.0,99.0,39.0,59.0,-9.0,-11.0,38.0,-3.0,-4.0,-2.0,38.0
2014-09-01,-22.0,0.0,-28.0,-14.0,-11.0,29.0,-5.0,34.0,-7.0,-19.0,-16.0,-6.0,-17.0,-12.0,-11.0
2014-10-01,21.0,33.0,23.0,30.0,-7.0,52.0,21.0,31.0,-4.0,11.0,26.0,4.0,16.0,7.0,5.0
2014-11-01,49.0,28.0,53.0,85.0,12.0,76.0,37.0,39.0,0.0,24.0,54.0,12.0,38.0,15.0,5.0
2014-12-01,-19.0,-10.0,-16.0,-31.0,-7.0,-61.0,-16.0,-45.0,6.0,-3.0,-19.0,-4.0,-15.0,-2.0,34.0
2015-01-01,-34.0,-11.0,-31.0,-58.0,-20.0,-50.0,-21.0,-29.0,-7.0,-18.0,-34.0,-6.0,-22.0,-10.0,4.0
2015-02-01,-2.0,-7.0,-5.0,-5.0,-17.0,21.0,14.0,7.0,-5.0,-8.0,12.0,-1.0,-1.0,-4.0,13.0
2015-03-01,1.0,-21.0,-1.0,2.0,21.0,-12.0,-4.0,-8.0,6.0,0.0,0.0,1.0,1.0,-2.0,-16.0
2015-04-01,18.0,-14.0,14.0,32.0,-48.0,51.0,-11.0,61.0,16.0,11.0,2.0,7.0,12.0,1.0,14.0
2015-05-01,26.0,34.0,35.0,43.0,42.0,-10.0,4.0,-14.0,9.0,31.0,12.0,4.0,13.0,21.0,9.0
2015-06-01,47.0,47.0,44.0,79.0,-3.0,98.0,31.0,67.0,5.0,20.0,47.0,13.0,35.0,8.0,38.0
2015-07-01,14.0,47.0,20.0,21.0,6.0,-7.0,16.0,-23.0,-1.0,15.0,18.0,1.0,6.0,13.0,33.0
2015-08-01,16.0,-6.0,20.0,-11.0,-22.0,-10.0,-27.0,16.0,15.0,21.0,-17.0,5.0,7.0,12.0,29.0
2015-09-01,-40.0,-25.0,-49.0,-1.0,-40.0,85.0,24.0,61.0,-23.0,-48.0,6.0,-7.0,-21.0,-28.0,-3.0
2015-10-01,25.0,94.0,23.0,34.0,-15.0,92.0,44.0,48.0,-18.0,4.0,42.0,3.0,18.0,4.0,33.0
2015-11-01,5.0,47.0,13.0,2.0,6.0,-22.0,7.0,-30.0,-7.0,8.0,7.0,-2.0,0.0,12.0,22.0
2015-12-01,-13.0,29.0,-17.0,21.0,3.0,55.0,37.0,18.0,-16.0,-20.0,27.0,-2.0,-5.0,-12.0,13.0
2016-01-01,-28.0,-9.0,-37.0,-44.0,-41.0,10.0,-21.0,31.0,2.0,-25.0,-26.0,-6.0,-17.0,-21.0,4.0
2016-02-01,10.0,41.0,19.0,-26.0,2.0,-37.0,-22.0,-16.0,8.0,25.0,-20.0,-1.0,2.0,16.0,17.0
2016-03-01,2.0,4.0,10.0,-16.0,-14.0,-33.0,-3.0,-31.0,4.0,15.0,-5.0,0.0,-1.0,10.0,27.0
2016-04-01,1.0,33.0,7.0,-16.0,20.0,-24.0,-5.0,-20.0,-3.0,11.0,-10.0,-1.0,-2.0,9.0,25.0
2016-05-01,50.0,-39.0,54.0,63.0,59.0,-28.0,-27.0,-2.0,29.0,41.0,-2.0,16.0,34.0,19.0,-16.0
2016-06-01,18.0,34.0,24.0,-1.0,9.0,-66.0,-6.0,-60.0,11.0,24.0,2.0,3.0,10.0,13.0,15.0
2016-07-01,47.0,65.0,58.0,53.0,39.0,-2.0,15.0,-17.0,13.0,44.0,32.0,10.0,29.0,29.0,2.0
2016-08-01,-13.0,-2.0,-11.0,-25.0,6.0,-4.0,-3.0,-2.0,-10.0,-11.0,-11.0,-3.0,-8.0,-3.0,-1.0
2016-09-01,-38.0,-49.0,-43.0,-33.0,-30.0,-27.0,-7.0,-21.0,-5.0,-28.0,-17.0,-10.0,-25.0,-19.0,-5.0
2016-10-01,2.0,-17.0,4.0,5.0,40.0,-22.0,-4.0,-19.0,-4.0,-2.0,-4.0,1.0,2.0,1.0,-11.0
2016-11-01,38.0,-10.0,37.0,75.0,14.0,47.0,12.0,34.0,4.0,13.0,27.0,13.0,35.0,2.0,-11.0
2016-12-01,11.0,46.0,16.0,23.0,19.0,0.0,19.0,-19.0,-7.0,6.0,20.0,2.0,9.0,7.0,8.0
2017-01-01,43.0,31.0,44.0,53.0,9.0,37.0,5.0,32.0,7.0,21.0,26.0,10.0,33.0,11.0,-6.0
2017-02-01,-1.0,32.0,5.0,-17.0,8.0,-50.0,-7.0,-43.0,-3.0,5.0,-10.0,0.0,0.0,5.0,0.0
2017-03-01,-16.0,10.0,-22.0,19.0,-31.0,9.0,13.0,-5.0,-9.0,-23.0,6.0,-1.0,-4.0,-19.0,5.0
2017-04-01,-24.0,-43.0,-33.0,-42.0,-9.0,12.0,-36.0,48.0,3.0,-22.0,-43.0,-2.0,-13.0,-21.0,-13.0
2017-05-01,-12.0,0.0,-13.0,5.0,-9.0,4.0,2.0,2.0,-1.0,-11.0,0.0,-2.0,-8.0,-6.0,20.0
2017-06-01,-14.0,23.0,-14.0,-13.0,-9.0,32.0,6.0,25.0,-12.0,-12.0,-3.0,-5.0,-9.0,-6.0,11.0
2017-07-01,-7.0,-26.0,-18.0,22.0,22.0,-9.0,-11.0,2.0,-4.0,-20.0,-16.0,3.0,1.0,-19.0,0.0
2017-08-01,18.0,-39.0,22.0,-6.0,3.0,-22.0,-29.0,7.0,20.0,26.0,-18.0,4.0,7.0,14.0,1.0
2017-09-01,20.0,-48.0,21.0,44.0,39.0,-5.0,-19.0,13.0,11.0,14.0,-8.0,8.0,15.0,6.0,-20.0
2017-10-01,-7.0,24.0,-12.0,-1.0,-9.0,12.0,9.0,2.0,-9.0,-14.0,3.0,-1.0,1.0,-14.0,20.0
2017-11-01,-34.0,3.0,-38.0,-68.0,-18.0,-7.0,0.0,-7.0,-5.0,-21.0,-10.0,-11.0,-27.0,-11.0,8.0
2017-12-01,-21.0,7.0,-23.0,-38.0,6.0,-34.0,5.0,-39.0,-16.0,-19.0,-9.0,-6.0,-14.0,-10.0,-13.0
2018-01-01,-29.0,-32.0,-31.0,-47.0,-11.0,-48.0,-45.0,-4.0,11.0,-12.0,-51.0,-3.0,-18.0,-14.0,2.0
2018-02-01,4.0,3.0,0.0,-5.0,-3.0,12.0,-19.0,30.0,17.0,7.0,-10.0,1.0,1.0,-1.0,-5.0
2018-03-01,-3.0,2.0,3.0,-53.0,14.0,-57.0,-32.0,-26.0,2.0,11.0,-33.0,-5.0,-8.0,11.0,-11.0
2018-04-01,18.0,5.0,16.0,42.0,18.0,31.0,0.0,31.0,0.0,5.0,4.0,7.0,17.0,-2.0,-17.0
2018-05-01,10.0,14.0,16.0,28.0,13.0,22.0,-7.0,29.0,7.0,13.0,-2.0,5.0,8.0,7.0,-6.0
2018-06-01,-32.0,-13.0,-40.0,-5.0,-11.0,29.0,9.0,20.0,-20.0,-38.0,-8.0,-5.0,-14.0,-26.0,-6.0
2018-07-01,51.0,25.0,67.0,20.0,52.0,-71.0,-16.0,-55.0,28.0,60.0,7.0,12.0,29.0,38.0,30.0
2018-08-01,14.0,-37.0,16.0,-8.0,29.0,-32.0,-27.0,-5.0,7.0,11.0,-22.0,6.0,11.0,4.0,-17.0
2018-09-01,-31.0,10.0,-38.0,-18.0,-3.0,26.0,18.0,7.0,-22.0,-35.0,4.0,-10.0,-21.0,-18.0,2.0
2018-10-01,-19.0,20.0,-34.0,-5.0,-41.0,56.0,34.0,22.0,-18.0,-35.0,21.0,-4.0,-9.0,-26.0,15.0
2018-11-01,-23.0,-57.0,-23.0,-27.0,-3.0,-36.0,-25.0,-11.0,-4.0,-18.0,-29.0,-4.0,-11.0,-13.0,-20.0
2018-12-01,-34.0,-5.0,-38.0,-16.0,-5.0,-5.0,-14.0,8.0,-8.0,-31.0,-26.0,-3.0,-16.0,-23.0,0.0
2019-01-01,3.0,50.0,5.0,5.0,6.0,-6.0,9.0,-16.0,-16.0,-7.0,5.0,-1.0,6.0,-2.0,19.0
2019-02-01,-5.0,25.0,-3.0,-33.0,10.0,-21.0,6.0,-27.0,-10.0,-1.0,0.0,-6.0,-8.0,5.0,-6.0
2019-03-01,5.0,-8.0,18.0,-26.0,10.0,-106.0,-15.0,-92.0,12.0,24.0,-10.0,1.0,-1.0,19.0,39.0
2019-04-01,-28.0,-14.0,-31.0,2.0,15.0,18.0,14.0,3.0,-14.0,-32.0,5.0,-4.0,-13.0,-19.0,4.0
2019-05-01,36.0,27.0,44.0,7.0,28.0,-48.0,-17.0,-32.0,20.0,43.0,-3.0,7.0,19.0,24.0,33.0
2019-06-01,-2.0,30.0,-7.0,31.0,-2.0,69.0,35.0,34.0,-16.0,-15.0,28.0,-1.0,3.0,-11.0,8.0
2019-07-01,28.0,1.0,25.0,-27.0,35.0,-43.0,-48.0,5.0,20.0,28.0,-36.0,6.0,17.0,8.0,8.0
2019-08-01,50.0,44.0,52.0,108.0,14.0,103.0,44.0,59.0,0.0,24.0,58.0,15.0,39.0,13.0,-1.0
2019-09-01,-2.0,25.0,-11.0,38.0,-10.0,70.0,24.0,45.0,-4.0,-13.0,22.0,1.0,3.0,-14.0,-3.0
2019-10-01,-4.0,-12.0,-8.0,17.0,-8.0,53.0,10.0,43.0,-11.0,-17.0,7.0,-1.0,1.0,-10.0,-1.0
2019-11-01,32.0,18.0,44.0,3.0,44.0,-64.0,-5.0,-59.0,4.0,36.0,5.0,2.0,14.0,30.0,-3.0
2019-12-01,9.0,13.0,16.0,0.0,21.0,1.0,-9.0,9.0,4.0,16.0,-6.0,1.0,2.0,14.0,-10.0
2020-01-01,-15.0,7.0,-20.0,11.0,-10.0,2.0,27.0,-25.0,-23.0,-31.0,18.0,-3.0,-5.0,-15.0,16.0
2020-02-01,19.0,16.0,22.0,6.0,-34.0,-7.0,-2.0,-6.0,1.0,16.0,7.0,-1.0,5.0,17.0,36.0
2020-03-01,-9.0,-13.0,-8.0,-9.0,-1.0,11.0,-1.0,11.0,-5.0,-9.0,-5.0,-1.0,-4.0,-5.0,-12.0
2020-04-01,28.0,-17.0,36.0,22.0,46.0,-49.0,-6.0,-44.0,4.0,27.0,3.0,4.0,15.0,21.0,-17.0
2020-05-01,-25.0,15.0,-17.0,-102.0,15.0,-95.0,-47.0,-49.0,6.0,7.0,-54.0,-11.0,-26.0,8.0,-27.0
2020-06-01,-27.0,12.0,-31.0,-36.0,-5.0,-27.0,-34.0,6.0,-1.0,-17.0,-45.0,-4.0,-18.0,-14.0,27.0
2020-07-01,3.0,8.0,6.0,-6.0,-52.0,24.0,-7.0,30.0,9.0,12.0,-5.0,2.0,-2.0,7.0,39.0
2020-08-01,19.0,18.0,20.0,-1.0,-15.0,-5.0,-7.0,2.0,8.0,19.0,0.0,2.0,9.0,11.0,-15.0
2020-09-01,39.0,42.0,43.0,35.0,15.0,12.0,27.0,-15.0,4.0,27.0,42.0,6.0,22.0,20.0,45.0
2020-10-01,-3.0,24.0,5.0,-68.0,-45.0,-45.0,-16.0,-30.0,4.0,14.0,-15.0,-6.0,-8.0,13.0,44.0
2020-11-01,-25.0,2.0,-29.0,4.0,14.0,5.0,2.0,2.0,-8.0,-26.0,-7.0,-2.0,-12.0,-18.0,-16.0
2020-12-01,-2.0,11.0,-4.0,18.0,-5.0,34.0,28.0,6.0,-14.0,-13.0,23.0,-1.0,2.0,-6.0,-4.0
2021-01-01,3.0,-10.0,4.0,-9.0,-20.0,29.0,-12.0,40.0,1.0,1.0,-8.0,0.0,2.0,1.0,-28.0
2021-02-01,-21.0,-23.0,-16.0,-43.0,-7.0,-64.0,-11.0,-54.0,1.0,1.0,-18.0,-8.0,-22.0,6.0,3.0
2021-03-01,6.0,0.0,12.0,-4.0,-13.0,-13.0,-9.0,-5.0,10.0,17.0,-5.0,1.0,-4.0,15.0,-7.0
2021-04-01,21.0,26.0,25.0,32.0,32.0,12.0,-6.0,17.0,2.0,19.0,0.0,3.0,11.0,14.0,-23.0
2021-05-01,-18.0,1.0,-22.0,-45.0,0.0,-16.0,-20.0,3.0,-7.0,-15.0,-28.0,-5.0,-16.0,-6.0,-12.0
2021-06-01,-8.0,-5.0,-7.0,-11.0,-21.0,-29.0,-12.0,-17.0,0.0,-3.0,-13.0,-2.0,-4.0,-3.0,13.0
2021-07-01,31.0,34.0,42.0,-2.0,33.0,-96.0,-24.0,-72.0,23.0,44.0,-8.0,5.0,11.0,31.0,19.0
2021-08-01,23.0,37.0,34.0,44.0,18.0,18.0,26.0,-8.0,2.0,22.0,35.0,5.0,14.0,19.0,26.0
2021-09-01,10.0,47.0,24.0,-15.0,17.0,-10.0,-14.0,3.0,5.0,26.0,-7.0,-3.0,-3.0,27.0,12.0
2021-10-01,-7.0,-42.0,-13.0,-18.0,-31.0,-24.0,-10.0,-14.0,1.0,-11.0,-8.0,-4.0,-8.0,-5.0,14.0
2021-11-01,-19.0,-14.0,-13.0,-45.0,-16.0,-21.0,-14.0,-8.0,-4.0,-10.0,-16.0,-5.0,-15.0,1.0,-11.0
2021-12-01,-15.0,21.0,-14.0,-17.0,-8.0,15.0,-11.0,26.0,-2.0,-12.0,-13.0,-2.0,-7.0,-7.0,-11.0
2022-01-01,-47.0,-11.0,-59.0,-48.0,-39.0,40.0,21.0,19.0,-16.0,-47.0,4.0,-11.0,-32.0,-28.0,-19.0
2022-02-01,-32.0,4.0,-32.0,-47.0,-23.0,-14.0,-24.0,9.0,-1.0,-22.0,-31.0,-4.0,-26.0,-7.0,-5.0
2022-03-01,-54.0,-27.0,-48.0,-58.0,-47.0,-12.0,-9.0,-3.0,-16.0,-33.0,-26.0,-13.0,-39.0,-9.0,-30.0
2022-04-01,-11.0,42.0,-18.0,-14.0,-33.0,55.0,10.0,45.0,-5.0,-12.0,7.0,-8.0,-13.0,-5.0,-25.0
2022-05-01,13.0,22.0,19.0,-33.0,11.0,-60.0,-23.0,-38.0,9.0,21.0,-16.0,0.0,5.0,14.0,10.0
2022-06-01,46.0,11.0,52.0,25.0,29.0,-8.0,-30.0,22.0,25.0,46.0,-7.0,8.0,23.0,29.0,-9.0
2022-07-01,7.0,-9.0,0.0,12.0,-47.0,45.0,-19.0,64.0,22.0,5.0,-9.0,7.0,9.0,-10.0,26.0
2022-08-01,12.0,32.0,21.0,-29.0,15.0,-75.0,-13.0,-62.0,11.0,22.0,-4.0,0.0,0.0,21.0,30.0
2022-09-01,-26.0,-2.0,-31.0,-54.0,-45.0,-26.0,-19.0,-8.0,0.0,-16.0,-28.0,-6.0,-22.0,-9.0,18.0
2022-10-01,-24.0,14.0,-23.0,-44.0,-23.0,-21.0,7.0,-28.0,-10.0,-15.0,-3.0,-9.0,-21.0,-3.0,9.0
2022-11-01,1.0,-31.0,3.0,-15.0,31.0,-31.0,-31.0,0.0,11.0,11.0,-26.0,-3.0,-6.0,8.0,-34.0
2022-12-01,-52.0,-29.0,-51.0,-52.0,-16.0,15.0,-8.0,23.0,-8.0,-31.0,-25.0,-10.0,-35.0,-16.0,-30.0
2023-01-01,-79.0,-39.0,-81.0,-112.0,-31.0,-44.0,-53.0,8.0,-1.0,-42.0,-75.0,-17.0,-58.0,-24.0,-44.0
2023-02-01,-36.0,-14.0,-35.0,-35.0,9.0,-42.0,-24.0,-18.0,-15.0,-25.0,-37.0,-13.0,-28.0,-7.0,-24.0
2023-03-01,18.0,-4.0,20.0,59.0,15.0,5.0,34.0,-30.0,-5.0,2.0,42.0,4.0,18.0,1.0,-2.0
2023-04-01,-18.0,-32.0,-14.0,-29.0,4.0,-26.0,-21.0,-6.0,6.0,0.0,-24.0,-7.0,-19.0,4.0,-19.0
2023-05-01,2.0,-23.0,17.0,-60.0,16.0,-72.0,-86.0,13.0,25.0,37.0,-82.0,2.0,-8.0,24.0,0.0
2023-06-01,-39.0,-34.0,-36.0,-64.0,43.0,-67.0,-40.0,-28.0,-19.0,-28.0,-56.0,-11.0,-27.0,-9.0,-32.0
2023-07-01,16.0,19.0,11.0,83.0,49.0,77.0,46.0,30.0,-22.0,-16.0,44.0,8.0,23.0,-12.0,6.0
2023-08-01,18.0,4.0,22.0,49.0,7.0,61.0,45.0,16.0,-14.0,4.0,45.0,4.0,10.0,11.0,39.0
2023-09-01,9.0,24.0,15.0,-11.0,16.0,-6.0,-1.0,-5.0,2.0,15.0,5.0,-3.0,-2.0,17.0,43.0
2023-10-01,7.0,60.0,14.0,2.0,8.0,17.0,16.0,1.0,-11.0,11.0,14.0,-6.0,-3.0,16.0,16.0
2023-11-01,-24.0,-12.0,-30.0,-14.0,-33.0,40.0,7.0,32.0,-16.0,-29.0,-3.0,-7.0,-17.0,-13.0,11.0
2023-12-01,3.0,23.0,5.0,3.0,-27.0,12.0,-3.0,14.0,-3.0,1.0,-2.0,1.0,0.0,5.0,28.0
