time,Nino 1+2,Nino 2,Nino 3.4,Nino 4a,Nino 4b,New Zealand,SOI
1950-01-01,-1.2528533,-0.9351539,-0.8480234,-0.08923224,-0.91787744,0.20559217,0.9434632275405058
1950-02-01,-1.2194834,-0.93886083,-0.9494531,0.11517016,-0.8880066,-0.23875102,2.1189807472351943
1950-03-01,-1.2610614,-0.67337763,-0.7703865,0.2622783,-1.0812689,-0.09494444,1.7770631855764152
1950-04-01,-1.1914508,-0.9423219,-0.8579096,0.045240358,-0.6977252,-0.21846752,1.1605973313677582
1950-05-01,-1.1644512,-0.47122306,-0.53043646,-0.40433252,-0.7327767,0.2133616,1.1693787824115447
1950-06-01,-0.64349437,-0.44678017,-0.47227386,-0.44694772,-0.53704405,0.1050633,2.363174135230724
1950-07-01,-1.1953045,-0.78185266,-0.6517203,-0.7027079,-0.8942393,0.26719835,2.0234798553730093
1950-08-01,0.36238462,-0.4169073,-0.6602269,-0.8024695,-0.9847868,0.3239073,1.6652902887725325
1950-09-01,-0.7889941,-1.1121922,-1.1374464,-0.446534,-1.0527275,0.42637005,0.7692092116877676
1950-10-01,-1.0346661,-0.7785785,-0.83666945,-0.16861479,-1.0276058,0.51716536,1.7340197566717461
1950-11-01,-1.0493286,-1.1196048,-0.9017919,-0.5961927,-0.9035017,0.18628798,0.927034034009297
1950-12-01,-1.1036971,-0.5703826,-0.53720087,-0.32081023,-0.6713404,0.07138168,2.266816025115157
1951-01-01,0.5730285,-0.5825586,-0.86505,-0.6247898,-1.1403857,0.18956614,1.9557527230404241
1951-02-01,-0.45395762,-0.26174155,-0.3244215,-0.7794207,-0.61895293,-0.09202207,1.300387507779715
1951-03-01,-0.46454388,-0.4475772,-0.41916978,-0.85921246,-0.61798316,0.040989794,-0.4849366376859007
1951-04-01,-0.81371975,-0.05454448,0.09388327,-0.88126785,0.12725616,0.060538188,-0.17435775729138195
1951-05-01,0.3922793,0.5954429,0.74805635,-0.31191108,0.53137577,-0.29208252,-0.8549823943807295
1951-06-01,1.0423017,0.8284958,0.5007737,-0.31424373,0.15061937,-0.065396555,0.30560882822627383
1951-07-01,1.750153,1.5740281,1.5009022,-0.29591307,0.93191475,-0.19592233,-0.9773894293206521
1951-08-01,1.2488981,1.2539248,0.95997435,0.42277542,0.6721262,-0.029316997,-0.37662597057654446
1951-09-01,0.86744434,0.75589085,0.49651778,-0.16043283,0.22705491,-0.24671133,-0.8109418534396878
1951-10-01,1.0467719,1.158014,1.0324969,-0.24099523,0.82717204,-0.16286685,-0.5786531948232246
1951-11-01,1.1443369,1.174199,1.248725,-0.043463442,1.0772833,-0.5072735,-0.27583963244411097
1951-12-01,0.27123916,1.3858596,1.4112458,0.19767731,1.037878,-0.58696467,-0.4103818430370539
1952-01-01,0.37959605,0.9893902,1.0535852,-0.09932424,0.6134404,-0.3976072,-0.7788050310970013
1952-02-01,-0.509474,0.75522053,1.0216156,-0.03809689,0.5699573,-0.30773342,-0.908888860163343
1952-03-01,-0.6426118,0.4181449,0.45592323,-0.2339415,0.23561634,-0.19382147,0.1491953895432499
1952-04-01,-0.93419963,0.36142045,0.74743474,-0.10258145,0.61932445,-0.5569541,-0.46002493380162773
1952-05-01,0.15391462,-0.067415595,0.22711441,-0.28694806,-0.075166814,0.014804952,0.37771684594907795
1952-06-01,-0.32872036,-0.35692197,-0.2755817,-0.45847213,-0.25522834,-0.3003632,0.4375754159285689
1952-07-01,-1.1176028,-0.21571793,-0.25870043,-0.013313638,-0.49430498,-0.2733527,0.23536048696214043
1952-08-01,-0.5848042,-0.14929625,-0.23232606,-0.5729382,-0.4183022,-0.09411023,-0.010938129321954556
1952-09-01,-0.45637363,-0.42417738,-0.42421395,-0.020141033,-0.5479621,-0.20747696,-0.4463525344192374
1952-10-01,-0.5677386,-0.46641484,-0.21681519,-0.014263414,-0.31250644,-0.044996962,0.4806382039472322
1952-11-01,-0.977337,-0.21611494,-0.10756639,-0.3804284,-0.32402095,0.16533278,-0.2319968646215186
1952-12-01,-0.56111825,0.14405937,0.3491829,-0.21301162,0.21041659,-0.14608812,-1.2585789359609676
1953-01-01,0.63973725,0.45553288,0.64579785,-0.1359034,0.48567677,-0.005647083,-0.016129875592544737
1953-02-01,0.81545836,0.49920225,0.61706734,0.22690426,0.42936185,-0.105152875,-0.8555368428842249
1953-03-01,1.2226788,0.6718161,0.54739356,-0.18489915,0.34531724,-0.31161675,-0.4891142088074791
1953-04-01,1.7162019,0.85035634,0.54557604,-0.12256236,0.29984984,-0.23720214,0.06652570887461998
1953-05-01,1.4240793,1.2413621,1.0115092,-0.44521075,0.27881753,-0.34130925,-1.6081153602152167
1953-06-01,-0.03315178,0.81196463,0.58884734,-0.31135696,0.26668435,-0.015776468,-0.12214699990281659
1953-07-01,-0.31573105,0.943031,0.7184736,0.37454513,0.4015557,0.11226001,0.047211578074275305
1953-08-01,0.11462674,0.46439838,0.62119645,-0.11986411,0.5736956,-0.085522845,-1.097947225595598
1953-09-01,0.9095052,1.1076657,0.9352607,-0.11455009,0.53074074,-0.0045316056,-1.0506954607574335
1953-10-01,0.5049705,0.573924,0.478348,-0.24364704,0.22886415,-0.010508372,0.3761945656538502
1953-11-01,0.492252,0.28492546,0.030427048,-0.17551917,-0.3842206,0.03881727,0.027964197589408258
1953-12-01,-0.23897232,0.31980196,0.07194536,-0.3241083,-0.3677609,0.038745623,-0.2417710053746725
1954-01-01,-0.89531225,0.21995589,0.53229386,0.10929635,0.27997318,0.14460877,0.881478986431518
1954-02-01,-0.18453692,0.027672153,0.18658158,-0.0533167,-0.027148735,0.20489115,-0.09394865307057741
1954-03-01,-1.3311404,-0.34750673,-0.095130034,0.0062245904,-0.36926785,0.27272463,0.5342903016686904
1954-04-01,-1.547772,-0.9865802,-0.6120297,0.3836344,-0.20549886,-0.24783574,0.8773726758455851
1954-05-01,-2.3838205,-1.0970503,-0.5795152,-0.16171677,-0.37706056,0.14439413,0.7181136018214327
1954-06-01,-1.9874469,-0.9663363,-0.5664124,-0.11026618,-0.31353125,-0.14261535,0.6625187301809178
1954-07-01,-2.3065593,-1.1862576,-0.9202875,-0.3856562,-0.81227106,-0.14980313,1.04503418029604
1954-08-01,-1.3063759,-0.8295511,-0.6865772,-0.6015551,-0.94078225,-0.21882991,1.3517555998037476
1954-09-01,-1.2558177,-1.0906156,-1.1370193,-0.73766285,-1.4112198,-0.45219088,0.8306734232031718
1954-10-01,-2.2211397,-1.0884719,-0.895461,-0.9421613,-1.0939811,-0.012625107,0.8756648947146881
1954-11-01,-1.2415962,-0.76187265,-0.9793351,-1.395761,-1.3359209,0.011730612,0.6712055765320565
1954-12-01,-1.4056021,-1.0335771,-1.0146717,-1.2479256,-1.2627956,0.05539874,1.6632608804853215
1955-01-01,-0.82223666,-0.8471926,-1.0792161,-0.8786154,-1.200444,0.040692605,-0.3374717751368143
1955-02-01,-1.3976887,-0.5457062,-0.7395392,-0.9986274,-1.1593852,0.25894162,2.482501059702272
1955-03-01,-0.51126313,-0.6852939,-0.607253,-0.9665108,-0.65823835,0.011158244,1.0527414024706971
1955-04-01,-0.57973826,-1.0760032,-1.0926962,-0.49431846,-0.74702513,0.38273504,0.2836335282379553
1955-05-01,-1.6602746,-0.8881134,-0.6679243,-0.34079814,-0.7039303,0.2611365,1.5709329499922768
1955-06-01,-1.4381745,-1.1048517,-0.9599421,-1.2064418,-1.1082191,0.26927572,1.5037012820407956
1955-07-01,-1.586673,-0.66768825,-0.79206234,-0.465604,-1.1768891,0.35706532,1.9407934641692945
1955-08-01,-1.2122281,-0.7957245,-0.9759382,-0.8920701,-1.1721859,0.21186058,1.8669191396560714
1955-09-01,-1.678382,-1.246765,-1.3890842,-0.35183987,-1.5926117,0.067844205,1.3560139123419557
1955-10-01,-1.1621038,-1.9771267,-2.0386295,-0.9017276,-1.8633254,0.21129386,1.856284128262786
1955-11-01,-2.0791175,-2.0192056,-2.1255603,-0.38089123,-2.0027382,0.27190116,1.371643219575612
1955-12-01,-0.89118487,-1.7279696,-1.7961969,-0.68811136,-1.709106,0.22389041,1.5567460938207143
1956-01-01,-1.50593,-1.1480243,-1.0337205,-0.4467423,-1.3198247,0.47732925,1.838341244506834
1956-02-01,-1.0000546,-0.91541916,-0.96691567,-0.5611307,-1.223973,0.15647346,2.1590872748546173
1956-03-01,-0.17666744,-0.7697235,-0.8064234,-1.1667395,-1.1487093,0.06917143,1.7365846519710422
1956-04-01,-0.9419058,-0.47888032,-0.68017375,-0.55354285,-1.0378592,0.26661292,1.4272129466403527
1956-05-01,-0.5392932,-0.86232257,-1.0718459,-1.0893202,-1.4600577,0.16535898,1.8099841088567306
1956-06-01,-0.76753366,-0.61103785,-0.8844806,-1.0978495,-1.321695,0.14344268,1.3406412141485466
1956-07-01,-0.5204393,-0.4974183,-0.76613456,-0.7885906,-1.1906902,-0.038869414,1.4305893127980092
1956-08-01,0.16787344,-0.49040896,-0.7263981,-0.54664767,-0.83976,0.20490946,1.1742018897637567
1956-09-01,-0.7652708,-0.75406224,-0.8651991,-0.37704083,-1.0226728,-0.018963384,0.023467106697566322
1956-10-01,-0.5285236,-1.0096602,-1.0089217,-1.1473774,-1.1933026,-0.11505393,1.9049753711962156
1956-11-01,-1.2937924,-1.0656741,-0.9565163,-0.1421892,-0.81958985,0.29019514,0.33782779059287016
1956-12-01,-0.981064,-0.7872092,-0.76566184,-0.23307772,-0.73266506,0.24647145,1.429369367054731
1957-01-01,-0.92300844,-0.43711084,-0.43480512,0.43782496,-0.40165195,0.23873474,0.9149367243639391
1957-02-01,0.11379608,-0.140442,0.011645717,0.78795433,0.16621886,0.4279408,0.18473442113377098
1957-03-01,1.1594268,0.76807195,0.56036633,-0.08272569,0.13966195,0.2685284,0.48003774850923925
1957-04-01,1.4649547,0.6601049,0.45362493,0.008376759,0.24726735,0.1478466,0.3895183844583078
1957-05-01,1.880126,1.4503,1.3877163,-0.22402807,0.8500411,0.17122233,-0.660876951804463
1957-06-01,1.4468187,1.2059168,1.1037331,-0.5532891,0.52137727,-0.23242815,0.0535544561520041
1957-07-01,1.4713145,1.2140172,1.0165504,-0.30658105,0.50824344,-0.10160185,-0.01394907103404628
1957-08-01,1.5403754,1.0124068,0.94562817,-0.33159745,0.51845115,-0.25601852,-0.5954946938004222
1957-09-01,1.4733918,1.1782926,0.98278224,-0.49499434,0.53040326,-0.15833585,-1.5524043322857997
1957-10-01,0.6152985,0.75232553,0.87997854,0.3283979,1.0334791,-0.3846952,-0.4950848522641342
1957-11-01,0.5652369,1.0055866,0.9192727,-0.16542785,0.72762936,-0.18188329,-1.4002265934611415
1957-12-01,0.7945967,0.82853127,0.9653533,0.13325882,0.79019344,-0.5278767,-0.4851092241826102
1958-01-01,0.6701148,1.3651962,1.6861446,-0.09906467,1.2610852,-0.50213563,-2.4271338059751453
1958-02-01,0.48047885,1.0374248,1.3224036,0.1893903,1.1895299,-0.049717374,-0.8765607419461171
1958-03-01,0.40610337,0.7431345,1.0632521,-0.18592252,1.1262969,-0.02542707,-0.29493107135925606
1958-04-01,0.7118413,0.46045357,0.6003847,-0.36003834,0.71508557,-0.15864544,-0.11629485088378126
1958-05-01,0.29254955,0.33447504,0.79758805,-0.09227663,1.0346271,-0.2135045,-0.5127748657531548
1958-06-01,0.2294259,0.18292877,0.5129212,0.39225674,0.9023607,-0.08059049,-0.0898115620363585
1958-07-01,0.36100715,0.32671213,0.4049779,0.13692546,0.18166436,-0.18004228,0.11731547001682188
1958-08-01,0.109937996,-0.1065433,0.09808572,0.053404544,0.21606374,-0.10414538,0.7562159571017457
1958-09-01,0.070191815,-0.37861335,-0.5872095,0.112252444,-0.7514191,-0.032534383,-0.5731266717288215
1958-10-01,0.31583804,-0.18448342,-0.14079683,0.15896574,0.10319196,0.122925535,-0.5144651664135247
1958-11-01,0.0052531273,-0.050269503,-0.023939641,0.13195354,0.04363534,0.29664323,-0.6599050841196741
1958-12-01,-0.4089935,-0.21904144,-0.04801242,-0.442213,0.20797925,0.43964413,-1.0174987445573391
1959-01-01,-0.5433307,0.34284946,0.602744,0.34636483,0.4350522,0.3456594,-0.8902762563454197
1959-02-01,-0.06850917,0.32977498,0.6592406,0.3651198,0.68506217,0.081286654,-1.4314840647757676
1959-03-01,0.635197,0.6523413,0.7670781,-0.12721038,0.4966653,-0.045668878,1.0042888548650328
1959-04-01,0.32971784,0.45665663,0.54917943,0.51634175,0.48865974,-0.22069342,0.27863314469546896
1959-05-01,0.3067236,0.5515535,0.7784869,0.33031997,0.6533599,-0.44236913,0.29196071778242216
1959-06-01,-0.71889937,0.08521369,0.40527976,-0.33753952,0.23662572,-0.5071481,-0.5397071204514374
1959-07-01,-0.23516414,-0.10540529,-0.084863484,-0.2967762,-0.34708387,-0.49566585,-0.6355704860541761
1959-08-01,-0.48524907,-0.17175688,0.08114792,0.10954602,0.23696232,-0.10771945,-0.7781740633910531
1959-09-01,-0.3753527,-0.5137396,-0.56930625,0.29219684,-0.59367687,-0.13312331,-0.4318828829050907
1959-10-01,0.0065959007,-0.0041739247,-0.0040761647,0.1406321,-0.06278285,0.050328605,0.07601378894686507
1959-11-01,-0.00023040386,-0.32404253,-0.46663618,-0.292279,-0.5572965,-0.06472169,0.21602563571119557
1959-12-01,-0.5662112,-0.10792394,-0.056541365,-0.7848326,-0.27725545,0.35192543,0.6705818570986257
1960-01-01,0.10631787,0.008845994,0.2125212,-0.4888226,-0.20606522,-0.03289459,-0.19344090608750722
1960-02-01,-0.54247963,-0.3913906,-0.06122214,-0.2622179,-0.09941605,0.35111073,-0.4484400924369157
1960-03-01,-0.80071527,-0.055126872,0.28903827,-0.23840955,0.079627804,0.0593004,0.47477200904704436
1960-04-01,-1.0710722,-0.29780015,-0.07493796,-0.36516127,-0.07600059,-0.21186398,0.2682490911676074
1960-05-01,-1.105523,-0.44905114,0.100085475,0.02644405,-0.07346142,0.15973713,-0.023493440093877143
1960-06-01,-1.1302812,-0.20804162,-0.027512033,-0.068757474,-0.4156876,0.21022679,-0.6950871698364331
1960-07-01,-1.2560836,-0.018777793,0.05535102,-0.38347465,-0.28320497,0.090952076,0.10415171226810024
1960-08-01,-0.84607536,0.020340955,-0.09963279,-0.6248327,-0.48955083,-0.055883877,-0.01588688488854863
1960-09-01,-0.27854332,-0.043615878,-0.20669855,-0.790498,-0.6406818,0.059149146,0.06252166211744686
1960-10-01,-0.49664676,-0.46467006,-0.116552606,-0.05390005,0.11554475,0.2591444,-0.5787633743527721
1960-11-01,-1.0950572,-0.774526,-0.3531446,0.13600668,0.045173187,0.34540355,-0.05540792212918785
1960-12-01,-0.6299592,-0.3583517,-0.13332722,-0.20330334,-0.011657352,-0.14169985,0.3446434533162833
1961-01-01,-0.14547698,0.13642472,0.16128246,-0.09947546,0.046073183,-0.35763222,-0.4647252111841834
1961-02-01,0.1284064,0.35671937,0.19985732,-0.34737027,-0.07586248,-0.24585788,0.577654470241566
1961-03-01,-0.49436903,-0.21081175,-0.23094426,-0.62533456,-0.24363303,-0.35094333,-2.21934634388831
1961-04-01,-0.80659163,-0.32742992,-0.3611362,-0.22432958,-0.24895489,-0.30139476,0.6793240872446542
1961-05-01,-0.71124184,0.1032212,0.24774113,-0.4645341,0.080548644,-0.27196366,-0.35625065221318836
1961-06-01,-0.3540815,-0.38897216,-0.32308945,-0.1817546,-0.35401767,-0.1336981,-0.21600724033251414
1961-07-01,-1.0691488,-0.43046412,-0.13436392,0.01210142,0.030837191,-0.26165405,-0.11926529650005152
1961-08-01,-0.393297,-0.32324272,-0.16716522,-0.30249262,-0.19382223,-0.20797417,0.013555583461130104
1961-09-01,-0.60302204,-0.6184464,-0.5006607,-0.654228,-0.47373837,-0.3011383,-0.22157155556150637
1961-10-01,-0.51324207,-0.58454174,-0.45678523,-0.40839133,-0.36777213,0.05363445,-0.518084623560894
1961-11-01,-0.80054706,-0.4668202,-0.4125162,-0.64667404,-0.5438031,0.43625405,0.2503649986312354
1961-12-01,-0.9517119,-0.40323156,-0.240143,-0.46349788,-0.46690378,0.52252877,1.3189226150856184
1962-01-01,-0.21623676,-0.37935647,-0.6632202,-0.5918273,-0.8798887,0.48656845,2.018266693301809
1962-02-01,-0.7897914,-0.320637,-0.3465356,-0.1499841,-0.26902652,0.4497563,0.4323400558096047
1962-03-01,-1.9796976,-1.1953858,-0.9780459,-0.361759,-0.623334,0.46511802,-0.0013748026101101784
1962-04-01,-1.5738927,-1.1467944,-0.8779773,-0.21476313,-0.5670946,0.11274093,0.00504097751217069
1962-05-01,-0.78225994,-0.57625514,-0.45196065,-0.52521724,-0.5955531,0.04179549,0.7101923206513115
1962-06-01,-1.4401304,-0.6894279,-0.5653461,-0.3470656,-0.5664357,0.04074797,0.12197120878694974
1962-07-01,-1.0707941,-0.5286537,-0.56724447,-0.05678334,-0.5836025,0.19013523,-0.2756236098221365
1962-08-01,-0.39421767,-0.49031758,-0.41015154,-0.060358196,-0.37036994,-0.010658054,0.16357440128231174
1962-09-01,-0.33680004,-1.0584486,-1.0929223,-0.22116476,-0.8193233,-0.0037996967,0.10122053438895724
1962-10-01,-0.7894276,-0.7086786,-0.585765,0.004412321,-0.6896354,0.328726,0.6391131735484821
1962-11-01,-0.663833,-0.47078976,-0.4460908,-0.30556569,-0.61205024,0.107964665,0.12491395239710183
1962-12-01,-0.8438488,-0.7440314,-0.6903354,-0.18956679,-0.67307466,0.08419431,-0.13371078617216067
1963-01-01,-0.32803044,-0.66948825,-0.87915343,-0.032321855,-0.73566693,0.19761834,0.8495014298297731
1963-02-01,-0.6296515,-0.85990953,-0.9723775,0.2699173,-0.6858124,0.19171529,0.34681095975762116
1963-03-01,-0.22904629,-0.6570638,-0.8719394,-0.26731974,-0.753507,0.17901854,0.8150874955490655
1963-04-01,-0.44254827,-0.42158997,-0.5138086,0.68237704,-0.24740022,-0.045789856,0.28478583816701364
1963-05-01,0.047692,-0.13037391,-0.2791988,0.30642453,-0.36659127,-0.3092151,0.0441978235820186
1963-06-01,0.28441143,0.11969632,0.029013058,-0.009930951,-0.27354392,-0.3821494,-0.8494284061890645
1963-07-01,0.5790188,0.44799933,0.3288374,0.59954333,0.35896167,-0.21316087,-0.3965942327082832
1963-08-01,0.80727404,0.25303844,0.35186902,0.5076416,0.6610779,-0.4250096,-0.21115772984624204
1963-09-01,0.8059056,0.22434235,0.12045229,0.17765264,0.3622239,-0.54201734,-0.9035256160289741
1963-10-01,-0.04546813,0.44458908,0.46042636,0.061325975,0.426044,-0.31814462,-1.3407455703949267
1963-11-01,-0.30201143,0.5858533,0.7077587,0.30755955,0.6269988,-0.24956964,-1.0179039196099613
1963-12-01,-0.44226614,0.42500424,0.6852018,0.39912412,0.62573266,-0.63265187,-1.3624675643796818
1964-01-01,-0.27550027,0.35943407,0.7465957,0.23190245,0.5989396,-0.73747736,-0.5559599647520498
1964-02-01,-1.2730078,0.15441643,0.66005975,0.22263595,0.59308034,-0.34092152,0.04487546938312378
1964-03-01,-1.2009718,-0.69890684,-0.44299385,-0.21273579,-0.23287728,-0.30479428,1.0864390532634391
1964-04-01,-0.8238415,-0.9744941,-0.68023664,0.2608688,-0.24190645,-0.45408726,1.1993390039368337
1964-05-01,-2.079144,-1.1098888,-0.53738964,0.3226103,-0.17508435,-0.4101806,0.08395131384324976
1964-06-01,-1.5803034,-1.2745881,-1.0241021,-0.08333774,-0.59486276,-0.36762938,0.582347031180521
1964-07-01,-2.0286174,-1.3763926,-1.0523453,0.13811544,-0.6074141,-0.33263886,0.8369637842845986
1964-08-01,-1.8522004,-1.7313474,-0.9913812,-0.5733069,-0.5628665,-0.20181037,1.440673717197467
1964-09-01,-1.2115561,-1.4748563,-1.3490896,-1.0105107,-1.2278314,-0.3813784,1.142287958444001
1964-10-01,-1.4602453,-1.2782103,-0.9971153,-0.81310904,-0.9574364,-0.23779872,1.370956182607215
1964-11-01,-0.8677057,-0.99575734,-0.92708737,-0.69010574,-0.945481,-0.29061654,0.007486894817425989
1964-12-01,-0.72734666,-1.1548302,-1.0695252,-0.82418036,-0.92412853,-0.2779598,-0.29618368263150097
1965-01-01,0.027297145,-0.79190356,-0.57389927,-0.4386863,-0.39319852,-0.14789693,-0.5495870574402131
1965-02-01,-0.3506506,-0.5300715,-0.20985366,-0.24871215,0.059857447,-0.626684,0.43046565138606097
1965-03-01,0.30632994,-0.22950633,-0.22572243,-0.54960537,-0.20429595,-0.5865345,0.4815586648543602
1965-04-01,1.2063446,0.41591433,0.29929644,-0.044441093,0.0810583,-0.59064347,-0.8693834137655362
1965-05-01,1.6809636,0.8997127,0.7773702,-0.57205135,0.2197226,-0.898096,0.07930052036888552
1965-06-01,1.3993309,1.0420945,0.67650634,-0.62310827,0.13582845,-0.5994757,-0.9622012488147975
1965-07-01,1.6259183,1.1141363,0.8817837,-0.48407635,0.44611967,-0.51433253,-2.286451084461682
1965-08-01,1.3818977,1.0334547,1.0618318,-0.5671349,0.69218963,-0.5398599,-0.9206445504960598
1965-09-01,0.97480124,1.1025348,1.0791968,-0.14481962,0.87551975,-0.36531493,-1.592199493146035
1965-10-01,1.0027285,1.5550058,1.6545099,0.0867879,1.3250782,-0.43927118,-1.155731542491484
1965-11-01,0.730367,1.3798518,1.6002331,0.42681268,1.4113613,-0.6111945,-2.2358368641032604
1965-12-01,0.44118676,1.1950159,1.5784334,-0.10309582,1.3593628,-0.7749395,0.17251673403292697
1966-01-01,0.49854586,1.0580826,1.4408,0.35176563,1.2813061,-0.5770797,-1.715067849318045
1966-02-01,-0.32553247,0.62924886,1.3448238,0.37200773,1.3916472,-0.22674163,-0.5416606628393545
1966-03-01,-1.1194854,0.22756816,1.1604636,0.2655516,1.2145637,-0.34974512,-1.314584391231516
1966-04-01,-1.3261977,-0.038565945,0.721198,0.57428455,0.9254216,-0.3529313,-0.5630608682828061
1966-05-01,-1.3763574,-0.3232236,0.42292428,0.5887072,0.80470276,-0.51601404,-0.837720781726345
1966-06-01,-1.0084009,0.27802607,0.7269437,0.38544932,0.7501639,-0.5010209,-0.0635982473464675
1966-07-01,-0.6269728,0.76120055,1.2343172,0.5325752,1.3443261,-0.36364132,-0.3637118975701182
1966-08-01,-0.1283712,0.08858399,0.33029285,0.052912362,0.43931165,-0.5923774,0.23209741757859545
1966-09-01,-0.4598449,0.043819882,0.2917933,-0.3424542,0.33664888,-0.37156823,-0.5623165548277318
1966-10-01,-0.796867,-0.10749836,0.13448307,-0.08086062,0.35035828,-0.4362299,-0.43942952414815334
1966-11-01,-0.82143295,-0.23764239,0.09850403,0.20827785,0.25154757,-0.6065537,-0.3046600427928144
1966-12-01,-1.2060736,-0.23157807,0.3740265,-0.017651655,0.4714048,-0.62254715,-0.8611159563041559
1967-01-01,-0.7838866,-0.46622172,-0.2150633,-0.39261472,-0.32299516,-0.5796053,1.517330553473372
1967-02-01,-0.5007524,-0.42064887,-0.26069793,-0.4943892,-0.3190035,-0.71049875,1.4908114937615322
1967-03-01,-1.3301659,-0.5285403,-0.26592967,0.10952373,0.044941343,-0.26220167,0.7921884422309008
1967-04-01,-0.8608461,-0.42265168,0.013748289,0.34299368,0.30328497,-0.41550097,-0.5027793052881452
1967-05-01,-0.79409796,-0.055060387,0.3095817,0.74537563,0.5969031,-0.64055717,-0.6194467097596447
1967-06-01,-1.0146717,-0.061993964,0.34917474,0.35210514,0.42645743,-0.55133504,0.18185043270158133
1967-07-01,-1.5165386,-0.25712436,0.40323424,0.43600702,0.7189998,-0.123055644,-0.3198122528060196
1967-08-01,-1.1068383,-0.7513994,-0.17871559,0.31404185,0.015434968,0.21771413,0.3610390279415932
1967-09-01,-1.5403594,-0.8313735,-0.3401636,0.17503844,-0.19918047,0.0083539765,-0.0573813978183245
1967-10-01,-1.5473368,-1.0389174,-0.7700979,-0.6507016,-0.7443431,0.13995135,-0.3448424861360212
1967-11-01,-1.5940611,-0.6065394,-0.18071279,-0.14737546,-0.15521719,-0.051715955,-0.7198824524007402
1967-12-01,-1.3194495,-0.82679427,-0.37788206,0.055440996,-0.123084866,-0.21373269,-1.1243867135297838
1968-01-01,-1.3264065,-1.086734,-0.71304595,-0.21761489,-0.54189384,-0.4146148,0.02209962413745868
1968-02-01,-1.5820686,-0.7379028,-0.4299049,0.057986077,-0.2725674,-0.5929312,0.6912304909628234
1968-03-01,-1.449495,-1.509164,-1.2615756,-0.45190716,-0.9781111,0.024137378,-0.22909153369819613
1968-04-01,-1.1845633,-0.8701185,-0.6416524,-0.13823466,-0.52850753,-0.085067526,-0.4187580216491355
1968-05-01,-1.8051416,-0.70583016,-0.25873664,-0.02839774,-0.083406605,0.07532162,0.6457784690469139
1968-06-01,-1.5811064,-0.23210162,-0.003022966,-0.13573359,-0.36921406,-0.10710251,0.7015923654834728
1968-07-01,-1.0252362,0.04932815,0.21551315,-0.12652941,-0.07247807,-0.16406362,0.4322237559507555
1968-08-01,-0.17123729,0.56323993,0.4916668,-0.21372342,-0.13772762,-0.10880281,-0.17566940763233457
1968-09-01,0.06916073,0.45604143,0.40283063,-0.24017878,-0.08254442,-0.28979135,-0.8196126313235621
1968-10-01,-0.31240565,0.6504534,0.92807764,0.4477377,0.62134737,-0.19828545,-0.5053562954928547
1968-11-01,-0.5339109,0.74712,1.1512052,0.29291785,0.9278875,-0.38382298,-0.795769722318622
1968-12-01,-0.816479,0.9009061,1.4722703,0.75583464,1.402456,-0.2720238,-0.1077685106751203
1969-01-01,-0.7833815,0.9305557,1.7230437,1.0806234,1.799206,-0.12361559,-2.0117425509863636
1969-02-01,-1.3736514,0.43233874,1.4329171,1.2014933,1.7825811,-0.43445447,-1.0855415499807584
1969-03-01,-0.559589,0.44524473,0.78566366,0.12877458,0.8331739,-0.3990593,0.01036516631164062
1969-04-01,0.45153442,0.4795937,0.4722622,0.32049266,0.57979673,-0.36574617,-0.9258185437837367
1969-05-01,0.90497303,0.7490339,0.82435644,0.23667127,0.7363845,-0.32371238,-0.8459802841618616
1969-06-01,0.8299626,0.7739201,0.7753453,0.24452776,0.77810705,-0.09854389,-0.2781243536086349
1969-07-01,-0.21185064,0.37503746,0.30441278,0.28065553,0.17015417,-0.14856891,-0.96363432051642
1969-08-01,-0.0293855,0.19856061,0.07072494,0.3057238,0.056055136,0.14727458,-0.521784218135646
1969-09-01,0.024155704,-0.10170016,-0.24202475,0.42614824,-0.09120824,0.056792457,-1.3746949439688223
1969-10-01,0.48804975,0.09415233,0.057294488,0.13079458,-0.011574473,-0.0056902007,-1.1121589173608188
1969-11-01,0.3525253,0.3903866,0.38727245,0.14926401,0.47755963,0.21400593,-0.30030486958652397
1969-12-01,0.32886058,0.1657876,0.10779026,-0.035126857,0.21024014,0.36808762,0.2035726502931369
1970-01-01,0.046276323,0.13355446,0.07847775,0.08177549,0.081512876,0.36200306,-1.3889925083871575
1970-02-01,-0.7044486,-0.27674818,-0.13722783,-0.01597306,-0.0047327774,0.084131725,-1.3692746882472469
1970-03-01,-0.8915348,-0.661422,-0.4334611,-0.06534196,-0.07450864,0.43713063,0.4448468798587551
1970-04-01,-0.29968387,-0.37372816,-0.29752338,0.022614466,-0.01648132,0.24245214,-0.23639455701701903
1970-05-01,-0.9081177,-0.4879671,-0.0924859,0.009372088,-0.089967325,-0.06842778,0.18632975471797494
1970-06-01,-1.7723876,-1.0048245,-0.39600897,-0.00066353404,-0.20686166,-0.07432329,0.7997108307129744
1970-07-01,-2.1047666,-1.4968338,-1.1253966,-0.07673192,-0.7974753,-0.1318371,-0.589969485586528
1970-08-01,-1.7086465,-1.3785505,-1.0623778,-0.14404014,-0.7268147,-0.28843412,0.49648781000061715
1970-09-01,-1.2403176,-1.2612859,-1.2778225,-0.5424828,-1.1461322,0.10683418,1.1175856262501402
1970-10-01,-0.8297409,-1.0830516,-1.1081394,-0.28503355,-0.9525624,0.26047966,1.0465739381003423
1970-11-01,-1.0002861,-1.3680845,-1.5257825,-0.6839919,-1.3643055,0.53312796,1.4509915974588752
1970-12-01,-1.4073533,-1.5812353,-1.6432682,-0.93535185,-1.4802432,0.48110053,1.844368337408651
1971-01-01,-1.3187573,-1.5009369,-1.4607046,-0.75685424,-1.2830302,0.7695629,0.15610003974004713
1971-02-01,-1.1481943,-1.6813331,-1.5917233,-0.79132926,-1.3538774,0.7422267,1.6839025307367164
1971-03-01,-1.1539329,-1.6366518,-1.8150239,-0.9811993,-1.6772599,0.36263502,2.2106484508008126
1971-04-01,-0.53775716,-0.8361708,-1.1749207,-0.89681506,-1.274797,0.15854357,1.3305307555865675
1971-05-01,-1.151474,-0.95629597,-1.0266792,-1.0933187,-1.1695577,0.23540096,0.48906562822750493
1971-06-01,-0.8527656,-0.988161,-1.1575927,-0.7599403,-1.3614366,0.29327083,0.11467352148878238
1971-07-01,-0.57109946,-0.5440358,-0.44962925,-0.28572652,-0.6190182,-0.013206961,-0.09386556135397593
1971-08-01,-0.69916797,-0.7163989,-0.5198065,-0.68765235,-0.6342397,-0.02674273,1.4388739322757693
1971-09-01,-0.59991753,-1.1491427,-1.1015836,-1.3009739,-1.3229656,-0.120942175,1.4684627197918048
1971-10-01,-0.7406271,-0.97558606,-1.0786589,-0.75704736,-1.1554575,0.08414916,1.663136327652207
1971-11-01,-0.6468108,-1.042106,-1.1182871,-0.397696,-1.1319042,0.3023374,0.4752440537007766
1971-12-01,-0.82097834,-1.1954085,-1.124155,-0.43846956,-0.82208925,0.35583448,0.06657497038728626
1972-01-01,0.024208993,-0.8819024,-0.8002527,-0.24697135,-0.45198023,0.07988223,0.17097908251040916
1972-02-01,0.38482425,-0.36826783,-0.24725364,-0.3602063,-0.12796883,-0.23180485,0.9639726975657711
1972-03-01,0.67980593,-0.28898382,-0.3314147,-0.36071274,-0.34877032,0.002872069,0.3725354376864624
1972-04-01,1.223696,0.2544406,0.26773527,0.16747466,0.28648984,-0.08316276,-0.42306967292572695
1972-05-01,0.85502017,0.7380532,0.69217294,0.20411433,0.538037,-0.4496643,-1.2646336304071133
1972-06-01,1.7493764,1.0738258,0.9539309,-0.21851747,0.532924,-0.2733999,-0.9445242568514888
1972-07-01,1.5708635,1.7171372,1.6312703,-0.15149483,1.0985922,0.22445147,-1.8212000834902349
1972-08-01,1.9626082,2.2140677,2.0577166,-0.21575786,1.3321981,-0.123384744,-0.6252955185614517
1972-09-01,1.3874773,1.8091295,1.7568549,-0.14589992,1.2335942,0.044724632,-1.4835958235285285
1972-10-01,1.7248381,1.7552241,1.8427123,0.36256787,1.5952209,-0.026468238,-0.9113392868455588
1972-11-01,1.4372053,1.8317063,1.8193113,0.34287348,1.4030113,0.2651249,-0.6787176145662048
1972-12-01,1.9249352,2.0385065,1.8654699,0.30870762,1.408684,-0.2673233,-1.4351297620502084
1973-01-01,1.4142013,1.8533188,1.8124573,0.01405074,1.1664903,0.045004424,-0.5466198596484753
1973-02-01,0.3394835,0.9735012,1.3801769,0.22475593,1.1349708,0.23622292,-1.4272173860223325
1973-03-01,-0.5079986,0.37716433,0.85293776,0.034204427,0.80216664,0.36079276,0.4329195854663901
1973-04-01,-0.76966035,-0.29958054,-0.0933283,-0.09784741,-0.111552104,0.25966194,0.15606621644113178
1973-05-01,-0.72833747,-0.24816841,0.12983622,0.07364547,0.14947101,0.15599035,0.3916089354090831
1973-06-01,-1.0245152,-0.62316406,-0.60488087,-0.6841983,-0.95202327,0.32667935,1.1761792629193266
1973-07-01,-1.5099293,-0.8045015,-0.42926404,-0.27192226,-0.32450214,0.42396238,0.6325955744295938
1973-08-01,-1.7793486,-1.2360198,-1.0567759,-0.7520192,-1.1593914,0.3867089,1.416036454095726
1973-09-01,-1.3477529,-1.3745954,-1.4606395,-1.130355,-1.7484132,0.5098271,1.36602786154307
1973-10-01,-0.8394271,-1.3999821,-1.3938609,-0.95058966,-1.3457023,0.651333,1.0698254097375195
1973-11-01,-1.4430417,-1.4092171,-1.6685923,-0.8724785,-1.7534822,0.64820033,2.587454761177887
1973-12-01,-1.2238399,-1.5724375,-1.8410093,-1.4078945,-1.9805797,0.5967988,2.0021995705613937
1974-01-01,-1.2175647,-1.7787005,-2.0495665,-0.8862735,-2.0686274,0.29225278,2.5999261121836126
1974-02-01,-1.0062495,-1.3385055,-1.5731832,-0.55755967,-1.4908601,0.44907394,2.236087617647878
1974-03-01,-0.86781067,-1.044203,-1.4375808,-0.44778323,-1.5068729,0.18244556,2.5048919426480376
1974-04-01,0.22530633,-0.56264323,-1.0029231,-0.7254186,-1.2577986,0.3610476,0.8704935269406361
1974-05-01,-0.112782374,-0.26952577,-0.6487881,-0.7325362,-1.0369655,0.35421762,0.9171035651447234
1974-06-01,-0.21810573,-0.1243822,-0.46162513,-0.6716894,-0.863624,0.19532388,0.287167449592455
1974-07-01,-0.43539903,-0.37041107,-0.5256681,-0.3588688,-0.84760666,0.19071425,1.1234281011281178
1974-08-01,-0.16021283,-0.15318756,-0.01936459,-0.36636606,-0.304305,0.2522122,0.8673417838636546
1974-09-01,-0.5892455,-0.21440783,-0.2653484,-1.0310676,-0.8198937,0.3002893,1.1769805020884263
1974-10-01,-0.9563522,-0.8869365,-0.91291136,-1.134328,-1.2047527,0.39405972,1.0945718086869145
1974-11-01,-0.97836196,-0.90300024,-0.8620164,-1.344449,-1.2074261,0.28835693,0.0533822372187491
1974-12-01,-1.657138,-1.1408169,-0.9781221,-1.1349069,-1.1434653,0.64531773,0.6210932091446195
1975-01-01,-0.93658286,-0.8709665,-0.68823856,-1.0628873,-0.9319122,0.7569675,-0.6244234434406974
1975-02-01,-1.2653672,-0.47299674,-0.29927,-0.8935132,-0.61450756,0.2633341,1.0798990445688554
1975-03-01,-0.64364654,-0.47610122,-0.5028905,-1.2052486,-0.86980706,0.6400369,1.7447450788420904
1975-04-01,-0.05950658,-0.3437109,-0.62910527,-0.9136104,-0.9898224,0.43396416,1.113380958481841
1975-05-01,-1.0381615,-0.9116834,-0.9977033,-1.2275491,-1.241435,0.30356658,0.6819807559346063
1975-06-01,-0.81917685,-0.9627971,-0.9776595,-0.99202,-1.1303307,0.09551103,1.1760524936486292
1975-07-01,-0.6314107,-0.7163979,-0.8656792,-1.1364099,-1.2879566,0.115163185,1.9935131622153457
1975-08-01,-0.9825404,-0.6787438,-0.9131662,-1.2111236,-1.462841,0.32377058,2.1573981411873624
1975-09-01,-1.0217979,-1.3269496,-1.4838705,-1.668146,-1.8261199,0.25707105,2.1645164516837037
1975-10-01,-0.8383645,-1.6479646,-1.8238732,-1.8636868,-1.987398,0.19034809,1.912867071775074
1975-11-01,-1.365485,-1.3385042,-1.5034683,-1.8992125,-1.9279141,0.13401277,1.3968238069991048
1975-12-01,-1.3247764,-1.6697007,-1.7085347,-1.8134097,-1.8356159,0.06733264,2.3111602863240845
1976-01-01,-1.0700386,-1.8112912,-2.0137596,-1.4155148,-2.0606475,-0.105995394,1.4904630657560611
1976-02-01,-0.38193998,-1.2488134,-1.3525394,-1.0859548,-1.3442612,-0.6223143,2.002676631264585
1976-03-01,-0.4695195,-0.94202864,-1.1546665,-0.8679168,-1.1577381,-0.29228148,1.7775404991882506
1976-04-01,-0.12944217,-0.6263007,-0.7805725,-0.7303702,-0.80288506,-0.07494341,0.2033542145858517
1976-05-01,0.55485094,0.025246717,-0.2418994,-0.87555796,-0.63322735,-0.25587973,0.2548480215313247
1976-06-01,0.9455901,0.60812604,0.17334075,-0.8584802,-0.38104346,-0.19592851,0.10893341871442683
1976-07-01,0.9246121,0.704751,0.40242484,-1.0449815,-0.17193696,-0.028471477,-0.9166681729409241
1976-08-01,1.0225989,0.6987619,0.33143166,-0.90756315,-0.2224429,-0.21810474,-0.6335709043976502
1976-09-01,1.2683406,0.78978443,0.5665372,-0.7584283,0.023935586,-0.3494522,-1.1186655545656012
1976-10-01,0.40241835,0.3764144,0.3612857,-0.57498986,0.061497472,-0.06598132,0.7915910121562437
1976-11-01,0.39144033,0.37238273,0.35437825,-0.510454,0.06701642,-0.28881726,1.0541337479741082
1976-12-01,0.531115,0.31609726,0.2310703,-0.48627427,-0.03281057,-0.08147714,0.0010933775446030334
1977-01-01,0.41833842,0.35982704,0.41748777,-0.2583873,0.28533104,-0.5354045,-0.1074416260837426
1977-02-01,0.050219756,0.21153142,0.23553814,-0.22473904,-0.06032966,-0.33188236,1.40187585578522
1977-03-01,0.38366598,-0.054641,-0.22378232,-0.26725307,-0.370961,0.0052538305,-0.2803359676085878
1977-04-01,0.02191586,-0.66245943,-0.55019575,0.10338906,-0.110915974,0.013614664,-0.15490929714555235
1977-05-01,-0.35938433,-0.34745237,-0.23610117,-0.27713802,-0.10808922,-0.44140175,-0.26896399479478733
1977-06-01,-0.20456915,-0.22873783,0.009210243,0.18329054,0.07081909,-0.36967322,-0.6858453199920119
1977-07-01,-0.30269915,-0.15358426,-0.0015899211,0.30910695,0.16240546,-0.35828456,-0.788882432275152
1977-08-01,-1.0157071,-0.4456349,-0.22398105,-0.023131588,-0.16852295,-0.016651243,-0.3469284699063186
1977-09-01,-0.7285135,-0.18284012,0.101622105,0.23296657,0.19728346,-0.103529766,-0.585896900854201
1977-10-01,-0.079559155,0.01709708,0.13471554,0.039643917,0.21748963,-0.2229852,-0.5903189440165265
1977-11-01,-0.05788254,0.30315328,0.6821667,-0.073536664,0.51829445,-0.31363824,-0.7371316823542912
1977-12-01,-0.15645249,-0.007247248,0.39219677,0.08179136,0.37553403,-0.3892092,-0.7382529105439593
1978-01-01,-0.09249787,0.08764461,0.5345793,0.370412,0.70387936,-0.3019383,0.24693995394861706
1978-02-01,-0.4366597,0.088650525,0.61336404,0.14435886,0.60078335,-0.07004564,-2.408200269063413
1978-03-01,-1.2293776,-0.54225165,-0.15285186,-0.4283299,-0.18812308,-0.17451249,0.39375521717431305
1978-04-01,-0.7481885,-0.86641306,-0.545544,-0.4304721,-0.46956718,-0.12206372,0.033387381229662845
1978-05-01,-0.87852085,-0.933849,-0.6003717,-0.393778,-0.52621263,-0.16221935,1.8538035964608421
1978-06-01,-0.77413803,-0.9268725,-0.59363556,-0.018449625,-0.34850785,-0.15761615,1.1606616593361712
1978-07-01,-0.2779945,-0.15724653,0.21767032,-0.11576929,0.0786278,-0.18084326,1.1271372488899507
1978-08-01,-1.0714647,-0.46077666,-0.0878764,-0.30427676,-0.26475844,-0.008087767,0.8294441794050793
1978-09-01,-1.1918815,-0.6172686,-0.47777864,-0.37562263,-0.5823894,-0.024135802,0.565996894221465
1978-10-01,-0.56952554,-0.6550784,-0.60562307,-0.46904975,-0.5003404,-0.29114187,0.0013625865085882317
1978-11-01,0.034847125,-0.48052156,-0.63061166,-0.24956878,-0.41491002,-0.11265713,0.23510260948891085
1978-12-01,0.20793469,-0.26821765,-0.31725565,0.11681988,-0.14582127,-0.06332116,0.08966699980034548
1979-01-01,-0.065150425,-0.26956964,0.008284424,0.23709363,0.1529708,-0.07508357,-0.434141894696486
1979-02-01,-1.0709734,-0.42815256,0.18285184,0.69351584,0.52217233,-0.32912335,1.0371365948037201
1979-03-01,-0.81805253,-0.33516142,0.20835479,0.30848676,0.3653578,0.011688166,0.09416670101225694
1979-04-01,0.4830581,-0.037936676,0.33708772,0.48241755,0.55805576,0.12779018,-0.01907488097655167
1979-05-01,0.085708946,0.007916259,0.29589042,-0.015339326,0.3572427,-0.042408876,0.49588275292724016
1979-06-01,0.6268659,-0.30374008,-0.110210605,0.038872555,0.1998816,-0.04687965,0.6275528295398629
1979-07-01,0.38800597,-0.39872795,-0.25239652,0.14024755,0.07497236,0.1563714,-0.8196853455384896
1979-08-01,0.5672552,0.19923586,0.1845841,-0.29919338,0.021996235,-0.036294755,-0.3374088323275415
1979-09-01,0.46350273,0.27925158,0.20006926,-0.68382865,-0.09146171,-0.066208,-0.07716848791536904
1979-10-01,0.3205231,0.08199136,0.05362629,0.09127648,0.18340757,-0.004759127,-0.19030649249180423
1979-11-01,0.25307697,-0.00041327276,0.061317082,-0.0431907,0.10284767,0.24837312,-0.8037827947281455
1979-12-01,0.4029894,0.0898605,0.35520256,0.07529704,0.43476036,0.1756912,-1.1499144281591902
1980-01-01,0.14589396,0.17684974,0.5875419,0.36877933,0.5788915,0.115838476,-0.08592672797210651
1980-02-01,-0.20896856,-0.09595368,0.39044803,0.70660526,0.56900775,0.24039805,0.11334040423601247
1980-03-01,0.5239256,-0.040752955,0.1902852,0.3234554,0.29006466,-0.20446248,-0.8215094479948861
1980-04-01,0.5732745,0.09282764,0.2269988,0.0862001,0.3158718,-0.2660085,-1.1673836854636805
1980-05-01,0.23118162,0.040100545,0.07520427,-0.031071909,0.07386803,-0.021002304,-0.5612262960338068
1980-06-01,0.28757244,-0.005134771,0.035558805,-0.084762655,0.05157617,-0.1511688,-0.49583089151924453
1980-07-01,-0.19461255,-0.34371915,-0.3620184,-0.15663867,-0.23041762,-0.02203132,-0.567416103576469
1980-08-01,-0.22586472,-0.37888783,-0.48839426,0.046073254,-0.3713134,-0.27373245,0.05861771237162383
1980-09-01,-0.36808747,-0.09746367,-0.17820247,-0.016115421,-0.27631706,0.07284025,-0.76107435791868
1980-10-01,-0.40254122,-0.4893272,-0.34470686,-0.52485377,-0.23071277,0.245974,-0.18024871490621683
1980-11-01,-0.5348168,-0.26551858,-0.27508545,-0.3027158,-0.33811373,0.008711567,-0.4669999749115063
1980-12-01,-0.58741444,-0.4079907,-0.35896108,-0.268834,-0.32954437,-0.30537632,-0.28812634401284354
1981-01-01,-1.3084865,-1.2262931,-1.0623313,-0.1735234,-0.75554824,-0.07472974,0.24144725403257
1981-02-01,-1.5700194,-1.1745383,-1.1616178,-0.2574793,-0.8681802,-0.008665254,-0.2806998993195426
1981-03-01,-0.622169,-0.84368235,-0.81413364,-0.45695543,-0.63153905,0.2495158,-1.5766723201238901
1981-04-01,-0.27550286,-0.9685428,-0.8216547,-0.25026858,-0.34592983,0.28891122,-0.20378877664563266
1981-05-01,0.05712873,-0.52485543,-0.5929841,-0.2015731,-0.2967975,0.21005554,0.6958367622549256
1981-06-01,0.06479121,-0.40010974,-0.6355666,-0.3991901,-0.5982127,0.23899919,1.0080910832630119
1981-07-01,-0.18509413,-0.3219873,-0.3893533,0.012538863,-0.3036698,0.25334716,0.8292661136920813
1981-08-01,-0.88946813,-0.66063905,-0.56489664,-0.1254535,-0.3445563,-0.014737792,0.5508800230140277
1981-09-01,-0.7819106,-0.5001603,-0.4471141,-0.078814924,-0.46034315,-0.14903116,0.5708860514773272
1981-10-01,-0.7954085,-0.31943667,-0.4905127,-0.1552381,-0.53517014,-0.023714932,-0.28515819460752473
1981-11-01,-0.6849491,-0.47624642,-0.41246438,-0.037617624,-0.32790253,-0.4278573,0.36082814103298383
1981-12-01,-0.15726042,-0.08575137,-0.26792708,-0.13110147,-0.42739397,0.1667927,0.5659985500211026
1982-01-01,-0.14337113,-0.06138579,-0.19301994,0.1230257,-0.32938045,0.46131068,1.1739793105751932
1982-02-01,-0.4038793,-0.14174125,-0.08440956,0.40628186,-0.06766293,-0.1505094,0.1645144359231127
1982-03-01,-0.9107187,0.009194885,0.13695447,0.48004282,0.43774325,0.06846313,0.586088669613082
1982-04-01,-0.824244,0.5619277,0.6243679,0.91691077,0.69367254,0.12134818,-0.11946124716021544
1982-05-01,-0.16624998,0.76220435,0.83765143,0.9549365,0.8286467,0.130948,-0.34891257526074637
1982-06-01,0.36070028,0.91395205,0.99042624,0.6723332,1.0254954,-0.04191042,-1.185711731966793
1982-07-01,0.7038572,0.77812064,0.8701384,0.44079745,0.8497213,0.055607993,-1.6512356225960103
1982-08-01,1.1174542,1.1681333,1.229204,0.24006386,1.138642,-0.06131482,-1.864055097309498
1982-09-01,1.8547554,1.8349652,1.6224368,-0.1631671,1.2854906,-0.123567045,-1.9673177429142767
1982-10-01,2.6795201,2.2880528,2.119384,-0.044199985,1.4896277,-0.3335281,-1.6426076524557212
1982-11-01,3.0293593,2.7925642,2.5428207,0.083016105,1.5982752,-0.20177518,-2.6426777177965297
1982-12-01,3.4673367,3.1504004,2.7339604,0.029559122,1.3429323,-0.35299054,-2.2497678557814234
1983-01-01,2.87329,3.0864892,2.733447,-0.30849534,1.4729497,-0.5991904,-3.5232180507174307
1983-02-01,2.540201,2.526841,2.165979,-0.24147092,1.2616664,-0.84033585,-3.666408423486256
1983-03-01,2.473259,1.8715193,1.7135844,-0.12577365,0.9649367,-0.48843375,-2.412239874675405
1983-04-01,3.338197,1.6849643,1.0963228,-0.46607274,0.48938376,-0.32441515,-0.8976510474483269
1983-05-01,3.6773858,1.5631113,0.91697115,-0.4210575,0.48506376,-0.28973272,0.4980458321473275
1983-06-01,4.470894,1.5888807,0.57464236,-0.27010083,0.14580522,-0.28894433,-0.008100566303651077
1983-07-01,4.3910804,1.0166233,-0.16467223,-0.43000463,-0.20970194,-0.3517016,-0.39633676447205096
1983-08-01,3.5129333,0.7188754,-0.41102538,-0.46315226,-0.60505545,-0.23609346,0.16307932129897562
1983-09-01,1.6519933,0.17824599,-0.43407267,-0.38731652,-0.7647503,-0.15605105,1.0539201896203392
1983-10-01,0.93106914,-0.30505058,-0.7882547,-0.756597,-1.0444584,-0.114988595,0.699374195651071
1983-11-01,0.71355486,-0.5828951,-1.0235618,-1.0375497,-1.1459424,0.09205481,0.09024761126906997
1983-12-01,0.30471653,-0.59533125,-0.9953531,-0.5094819,-1.2066692,-0.12751786,0.10509680129136045
1984-01-01,0.14132771,-0.4335447,-0.6366311,-0.39209977,-0.96853054,-0.59211415,0.37768433568090076
1984-02-01,-0.25491503,-0.1720103,-0.499224,-0.6286166,-1.0287012,-0.5690043,0.9346639944308234
1984-03-01,-0.5340505,-0.07534055,-0.59308904,-0.83949006,-0.9674333,9.9789635e-05,-0.2993245077383473
1984-04-01,-0.33999795,0.019902343,-0.4352154,-0.7047504,-0.9889308,0.28834113,0.5392212055904666
1984-05-01,-0.7629871,-0.44275936,-0.4149966,-1.0054756,-0.8164699,-0.22413984,0.3439622863592016
1984-06-01,-0.7175246,-1.163582,-0.97115487,-0.9618031,-0.8281729,-0.18870762,-0.18117211296311375
1984-07-01,-0.53802073,-0.70271313,-0.60532,-0.5839041,-0.5077484,-0.08137998,0.46871972642595894
1984-08-01,-0.51241326,-0.48097908,-0.41223317,-0.39421543,-0.5125702,-0.018472193,0.8359543597722973
1984-09-01,-0.05782931,-0.3737775,-0.2567193,0.04377703,-0.18419544,0.041790027,0.4981443263473687
1984-10-01,-0.6069242,-1.0813113,-0.80300224,-0.33490482,-0.6517621,-0.13889389,-0.04502595798008035
1984-11-01,-0.60003173,-1.1617774,-1.2551507,-0.26393333,-0.9597694,0.2747082,0.4286887176333654
1984-12-01,-0.41289103,-1.2508162,-1.2476652,-0.41295686,-0.9175092,0.87091935,0.2703442565136237
1985-01-01,-0.92201424,-1.0068225,-1.0233207,-0.07689323,-0.9098901,0.67189,-0.07879618380268918
1985-02-01,-1.1369423,-1.031742,-0.7685168,-0.011114279,-0.6113818,0.2732101,1.7708953977456425
1985-03-01,-0.80538213,-0.8575371,-0.69965184,-0.7278841,-0.86525655,0.19510657,0.8218593264445934
1985-04-01,-1.1659304,-0.74418545,-0.82255983,-0.3437482,-0.83177024,0.1337337,1.040171370458417
1985-05-01,-1.6777458,-0.88178533,-0.6847804,-0.1668397,-0.6665399,0.1637165,0.310849305792203
1985-06-01,-0.96593195,-0.6465193,-0.60357875,-0.35318023,-0.77214086,0.23470642,-0.4840142932071173
1985-07-01,-1.094049,-0.84951097,-0.57562697,-0.22605874,-0.71910924,0.24769834,-0.2750872061089686
1985-08-01,-1.1275083,-0.6450894,-0.3384228,-0.11393711,-0.32993114,0.25117585,0.908376282960679
1985-09-01,-0.9624387,-0.7468318,-0.53138024,0.011050992,-0.39470792,0.11811848,-0.10020255376335074
1985-10-01,-0.8319121,-0.5197095,-0.40851188,-0.22225758,-0.31441745,-0.070304126,-0.2983524770196034
1985-11-01,-0.9875118,-0.7153881,-0.4305067,0.10058213,-0.2059803,-0.1464146,-0.0574741694639707
1985-12-01,-0.73082346,-0.77637804,-0.47256818,0.13853344,-0.2364453,-0.01740381,0.2166961893396829
1986-01-01,-0.27288088,-0.7976074,-0.84586734,-0.06606363,-0.64638793,0.69043154,0.9965016767066331
1986-02-01,0.28256616,-0.49826062,-0.73473966,0.1759996,-0.489677,0.52746546,-1.1974034081402827
1986-03-01,-0.4899051,-0.40960208,-0.54294765,0.12030748,-0.46948302,0.65133053,0.6677853512804582
1986-04-01,-0.92560136,-0.3373287,-0.35225105,-0.076564744,-0.5256278,0.28474492,0.32086160367175015
1986-05-01,-0.60801584,-0.39030632,-0.31335208,0.21219996,-0.26716322,0.32520956,-0.1934397369557419
1986-06-01,-0.8583443,-0.10849293,-0.0237071,0.13038698,-0.19950989,0.06711915,1.042211854283392
1986-07-01,-0.3954936,-0.050706085,0.04203633,0.10847314,-0.06505128,-0.015150772,0.24163349881029872
1986-08-01,-0.015866945,0.0996645,0.5062282,0.46062714,0.5005225,-0.16514197,-0.4953121009167347
1986-09-01,-0.055487547,0.36234716,0.61749995,0.23539138,0.6766405,-0.10445148,-0.4873601650601476
1986-10-01,0.06289871,0.82338613,0.9462531,0.48267815,0.93848366,0.25534663,0.6945372821688445
1986-11-01,0.14922988,0.9394072,1.1252995,0.60698324,1.0324668,0.11654635,-1.1614897762129304
1986-12-01,0.3688303,1.0289866,1.2948885,0.031702768,1.146771,0.10066854,-1.3043145396059357
1987-01-01,0.37326765,1.1851718,1.4227335,-0.085958265,1.2294942,0.32437164,-0.7204025824925304
1987-02-01,0.9604224,1.0039642,1.1197993,-0.06071566,0.993061,-0.12061039,-1.423062474571777
1987-03-01,1.2159933,0.9473231,1.2534837,0.4064129,1.2601229,-0.094605155,-1.2896170947316947
1987-04-01,1.4342074,0.8956571,0.87254083,0.18888132,0.8923307,-0.3246515,-1.3192874133558767
1987-05-01,1.3762566,1.097137,0.92118883,-0.0976953,0.68378603,-0.3990294,-1.1865804687688708
1987-06-01,1.1103408,1.2443842,1.2979729,-0.08037211,0.83244854,-0.11379473,-1.0125043269702816
1987-07-01,1.0249635,1.453235,1.4814123,-0.47077748,0.98676866,-0.1252218,-1.4128222789210871
1987-08-01,1.0720922,1.7281094,1.8061799,-0.8009451,1.1023695,0.023993365,-0.763072682803335
1987-09-01,1.615158,1.6307615,1.5795205,-0.32245415,1.2690113,-0.18952659,-1.0768746843214427
1987-10-01,1.4404935,1.443731,1.3621278,0.43299368,1.1698684,-0.10735515,-0.04596388274119184
1987-11-01,1.0357567,1.209383,1.2210829,0.78973067,1.112321,0.07047798,0.10487065819481647
1987-12-01,0.51675314,1.0438863,0.8965171,0.59593976,0.84641826,-0.0802536,-0.3540761140930375
1988-01-01,-0.19709553,0.5820313,0.79844844,0.5678302,0.9941054,-0.44706842,0.007037785993067883
1988-02-01,-0.39512342,0.28410715,0.5035602,0.44202456,0.5797647,-0.15314724,-0.4133810621309528
1988-03-01,-0.7923923,-0.09325864,0.032937903,0.05651659,0.06701302,-0.5701831,0.6876018709479539
1988-04-01,-0.8913369,-0.7259047,-0.36300388,-0.29079837,-0.20598832,-0.6601218,0.21009813122805984
1988-05-01,-0.92125624,-1.7181026,-1.321927,-0.22677217,-0.57397354,-0.35191873,1.134094698628775
1988-06-01,-1.5035055,-1.983165,-1.4838153,-0.30256572,-0.7913758,-0.14437258,0.4940648764521408
1988-07-01,-1.4652935,-1.9004296,-1.5956848,-0.3791786,-1.0383421,0.039934292,1.2091794776464233
1988-08-01,-1.449523,-1.4659058,-1.439755,-0.534124,-1.0981413,0.224117,1.6651556040062687
1988-09-01,-1.0856616,-1.5014346,-1.6388308,-1.1600896,-1.5774277,0.067367375,1.9395441138221476
1988-10-01,-1.1532667,-1.9236112,-2.4489233,-1.2121997,-2.404978,0.24709454,1.4789295123032908
1988-11-01,-1.1911085,-1.9341981,-2.4143112,-1.3646146,-2.2524767,0.14601986,1.608508339350294
1988-12-01,-1.0568221,-1.8935213,-2.1584673,-1.1849072,-1.9379519,0.47025067,1.2121049634789332
1989-01-01,-0.79925483,-1.6047995,-1.9847456,-1.1957713,-1.9210659,0.5561583,1.8144046759243568
1989-02-01,-0.36400735,-0.78363925,-1.2649648,-1.0786841,-1.7404517,0.07725835,1.2277485620541961
1989-03-01,-0.0046985704,-1.0434321,-1.250392,-0.56618106,-1.2748783,0.27985576,1.210570465148951
1989-04-01,-0.073884,-0.9669021,-1.1945349,-0.8073664,-1.2506474,0.046753965,1.6629038955751512
1989-05-01,-0.6144319,-0.698565,-0.8544859,-0.44532794,-1.0350492,0.17998762,1.3411515704340973
1989-06-01,-1.017515,-0.44652113,-0.58220994,-0.5536904,-0.84662986,0.039390624,1.0294012413037146
1989-07-01,-0.77417934,-0.3828916,-0.49274653,-0.44584966,-0.6916906,-0.08081141,0.9952243645319853
1989-08-01,-0.23762609,-0.4098495,-0.5680077,-0.74900156,-0.8482412,0.0971764,-0.14357204990436673
1989-09-01,-0.4430178,-0.5867709,-0.6130094,-0.2881192,-0.57540244,0.15085897,0.5762472692685479
1989-10-01,-0.44856358,-0.54131556,-0.47926274,-0.052250642,-0.408233,0.18845253,0.9042432512004616
1989-11-01,-0.47648004,-0.4856458,-0.45640165,-0.2977064,-0.5219234,0.37056208,-0.1381441866585628
1989-12-01,-0.5851062,-0.44311997,-0.21756488,0.42118403,-0.02526837,-0.06607986,-0.426267836316089
1990-01-01,-0.42391944,-0.2904238,-0.013744393,0.46741998,0.11952809,-0.23782407,0.014592535263818521
1990-02-01,-0.19569562,-0.09673667,0.09424742,0.57769704,0.39969173,0.30940053,-1.8340920208095628
1990-03-01,-0.6533072,-0.30686533,-0.015847452,0.6282761,0.2728049,0.5619484,-0.3558550182027907
1990-04-01,-0.43311524,0.05361088,0.3090111,0.46520978,0.44318172,0.30482164,0.3397483801843241
1990-05-01,-0.05745907,0.27144808,0.2589041,0.24817151,0.15597633,0.18775143,1.229514049084773
1990-06-01,-0.32689035,0.12840316,0.0872933,0.5069072,0.1264706,0.075677,0.2602066996153412
1990-07-01,-0.7144622,-0.07637194,0.13608727,0.424088,0.19072196,0.08499463,0.4650913778112071
1990-08-01,-0.6305583,-0.03653187,0.26088443,0.3717233,0.38178283,0.017950222,-0.13753982441264886
1990-09-01,-0.47712252,0.0837698,0.19111466,0.47098425,0.35484734,0.09673498,-0.7948902904844033
1990-10-01,-0.5700937,-0.06605902,0.24385403,0.54727405,0.43252236,0.01918627,0.05387180129615925
1990-11-01,-0.7808282,-0.29526597,0.07258395,0.640027,0.35706758,0.28553095,-0.3390115009406777
1990-12-01,-0.5978661,-0.14393687,0.32099003,0.8127639,0.89716893,0.3143345,-0.14165537509846837
1991-01-01,-0.7122647,-0.02466019,0.56185335,0.6809001,1.0161717,0.09584236,0.7001532889998102
1991-02-01,-0.23443946,-0.114978194,0.24410531,0.8523745,0.60188645,-0.049397264,0.17385183745763208
1991-03-01,-0.057669226,-0.16126637,0.03821297,0.6346994,0.41581896,-0.24097137,-0.6363095730195167
1991-04-01,-0.3865764,-0.041342102,0.23629858,0.8352382,0.47820303,-0.015967378,-0.6701489678174597
1991-05-01,0.4129114,0.52032405,0.5075912,0.644908,0.5591802,-0.32317388,-1.0858500369126904
1991-06-01,0.88006413,1.1956298,0.962435,0.594418,0.68567985,-0.39448303,-0.061093225099805915
1991-07-01,0.48302338,0.6762539,0.49277857,0.18137772,0.2683764,-0.24381056,0.09066775545364086
1991-08-01,-0.21995743,0.32787833,0.36062047,0.1365538,0.26623237,-0.28227046,-0.24737442177752667
1991-09-01,0.04067712,0.27635714,0.3977972,0.33629414,0.5028679,-0.21965756,-1.3996051850507087
1991-10-01,0.20598622,0.63307446,0.9538321,0.5059512,1.0194446,-0.39716855,-0.8486338443133671
1991-11-01,0.4379955,0.9763703,1.2286522,0.16771483,1.2511344,-0.6127948,-0.5272741752959028
1991-12-01,0.6517816,1.1598753,1.62139,0.09965201,1.4560354,-0.52854586,-1.426474302714421
1992-01-01,0.44601265,1.333787,1.7904462,-0.20146537,1.5259341,-0.22633448,-2.627102746092534
1992-02-01,0.8029999,1.2110857,1.8276745,0.0041032373,1.5107282,-0.3020722,-0.5368752513129879
1992-03-01,1.0732992,1.0191015,1.3969936,-0.003078163,1.2085005,-0.96953547,-1.8900728730558582
1992-04-01,1.748291,1.1103866,1.2284437,0.13977848,1.1033249,-1.0006264,-0.8915488738516252
1992-05-01,1.9612411,1.1390419,0.9762002,-0.20348515,0.8785422,-0.8881739,0.3904987701865495
1992-06-01,0.70852214,0.26300064,0.35003754,0.20404793,0.47604626,-0.59973687,-0.44305768704173115
1992-07-01,0.27003127,-0.054412186,0.2903697,0.2800163,0.61547637,-0.5042839,-0.3772761931928606
1992-08-01,0.06396307,-0.2765161,-0.11466634,0.4624733,0.21066347,-0.5779712,0.5755724784165438
1992-09-01,-0.13009979,-0.29196993,-0.12077344,0.33979738,0.10155898,-0.63282937,0.28000979370239876
1992-10-01,-0.123065695,-0.3921193,-0.32050452,0.42073596,-0.2248415,-0.7056861,-1.2505456280050464
1992-11-01,-0.026820462,-0.18975899,-0.061307486,0.32287368,0.12856123,-0.134704,-0.6588752156431494
1992-12-01,-0.0545274,-0.02397265,0.2550787,0.09859276,0.43716443,-0.36567932,-0.5682838855977088
1993-01-01,-0.15213308,0.029174166,0.34058022,0.07246173,0.715518,-0.5066428,-0.8695862002180884
1993-02-01,0.2284617,0.07775051,0.27212352,0.10001365,0.491758,-0.7533764,-0.7319097636960282
1993-03-01,0.620798,0.41603544,0.5146274,0.19702,0.51247305,-0.68134844,-0.15703620379454056
1993-04-01,1.0904856,0.81658065,0.67555106,-0.08255348,0.49529022,-0.54381937,-1.0240557682396065
1993-05-01,0.77889305,0.98797,0.95326424,-0.1365686,0.67250717,-0.52928615,-0.1622851018674893
1993-06-01,0.7425358,0.7578066,0.73913205,-0.24892358,0.65516853,-0.48324674,-0.6161398881723938
1993-07-01,0.56883115,0.2883658,0.4324664,0.03912816,0.5912849,-0.4417239,-0.4727981271318187
1993-08-01,0.42091647,-0.02208518,0.13334015,0.17665301,0.5072473,-0.17972359,-0.7756462213410416
1993-09-01,0.41569227,0.31632912,0.39286777,0.15826446,0.5014743,-0.34846562,-0.6303773234061087
1993-10-01,0.47324124,0.38057163,0.3813048,0.24126376,0.33403426,-0.20157197,-1.1945442496911967
1993-11-01,0.2641603,0.2813742,0.36746225,0.40709314,0.47251835,-0.37084496,0.1461180659949367
1993-12-01,-0.3785193,0.18701985,0.25149608,0.4773215,0.2773138,-0.5929912,0.2133574539707959
1994-01-01,-0.2770634,-0.0888995,-0.12579161,0.42338872,-0.16596946,0.091880485,-0.15594992311421843
1994-02-01,-0.25167057,-0.114821985,0.06139085,0.23542164,0.0051853494,-0.13514864,0.45952070548113844
1994-03-01,-1.1948422,-0.08990601,0.1114792,0.053606294,-0.03656684,-0.2689818,-0.6358449923216
1994-04-01,-1.2222056,-0.3852258,0.0533297,-0.01262101,0.07489796,-0.56193715,-1.1352697020514004
1994-05-01,-1.1419762,-0.17159536,0.19329116,0.15484194,0.16574223,-0.3996849,-0.5524284647174891
1994-06-01,-0.6520817,0.089949794,0.3452729,0.46646944,0.32544816,-0.49197036,-0.22892128769502
1994-07-01,-0.377304,-0.40580848,0.092677034,0.5277474,0.494799,-0.49316448,-1.1353090043056986
1994-08-01,-0.4472736,-0.17073224,0.52247906,0.49982196,1.0393461,-0.23414288,-1.0598077977077256
1994-09-01,0.12000826,0.10937024,0.3348659,0.1738071,0.6069171,-0.49311063,-1.5433487872724305
1994-10-01,0.77677226,0.6780249,0.94214314,0.2075093,1.2175256,-0.6982058,-0.9893933807136
1994-11-01,1.2120988,0.9673018,1.2858983,0.15556374,1.3883301,-0.50657946,-0.4939702432349462
1994-12-01,0.9456126,1.0296698,1.2364811,0.07805691,1.3005131,-0.495325,-1.1369723882073024
1995-01-01,0.72493905,0.7223629,0.87165606,0.196992,1.0365663,-0.3419413,-0.34496251829513586
1995-02-01,0.19322881,0.5742419,0.88098717,0.62716776,1.1427594,-0.08326786,0.03989367530980924
1995-03-01,-0.48660278,-0.12878992,0.33273578,0.7417261,0.6871621,-0.22749798,0.8457506110203176
1995-04-01,-1.0943136,-0.3789939,0.24842374,0.446073,0.48266655,0.08958847,-0.5819432046532477
1995-05-01,-1.062625,-0.6688265,-0.20057854,0.46755308,0.26292259,-0.12869881,-0.2528680327678264
1995-06-01,-0.8317593,-0.39773512,-0.15029459,0.21548447,0.04134325,-0.26593554,0.2738937873790133
1995-07-01,-0.5487127,-0.18958357,-0.15454347,0.11163131,-0.14626649,-0.3743601,0.6801418020363722
1995-08-01,-0.7811063,-0.6364148,-0.5514279,-0.18166266,-0.42873225,-0.5564116,0.4715656185811646
1995-09-01,-0.5308631,-0.88334966,-0.9603189,-0.42820573,-0.7956228,-0.36859155,0.35687045765794567
1995-10-01,-0.770361,-0.99743176,-1.1042999,-0.42167604,-0.87659585,-0.2554744,0.1834213677051884
1995-11-01,-0.46070927,-1.0625587,-1.1124893,-0.47062853,-0.95439583,-0.2346505,0.22266058740015562
1995-12-01,-0.81150085,-1.0627146,-1.0482187,-0.07390176,-0.79793483,0.13775298,-0.566853627096724
1996-01-01,-0.58079994,-0.7411614,-0.78396815,0.32037234,-0.7909567,0.16476054,1.065267527297586
1996-02-01,-0.5039125,-0.7530695,-0.8704277,0.15075877,-0.7718913,0.30527323,0.2407077843102319
1996-03-01,-0.41805083,-0.53134316,-0.66967773,-0.20988502,-0.569636,-0.1395737,1.1885861715656578
1996-04-01,-1.8713877,-0.80736995,-0.46114266,-0.35197678,-0.4481908,0.05705554,0.8740182991340467
1996-05-01,-1.358891,-0.7748709,-0.6188137,-0.28495222,-0.4609687,-0.0876193,0.33412059828088775
1996-06-01,-1.3256527,-0.5349703,-0.4440993,-0.20065278,-0.5074887,-0.054973617,1.2252062544518658
1996-07-01,-1.5937451,-0.34648147,-0.12267455,-0.19618501,-0.29825774,-0.16361295,0.5884323295776368
1996-08-01,-1.3438628,-0.47404128,-0.3339556,0.014142804,-0.27186435,-0.13576858,0.6212715443092193
1996-09-01,-1.6353407,-0.5835893,-0.41949472,-0.1006309,-0.47491586,0.1018544,0.5759640080290309
1996-10-01,-1.1135772,-0.5516873,-0.35083395,-0.14342669,-0.34901863,0.120067365,0.3186610179142953
1996-11-01,-1.4024884,-0.63234913,-0.46622664,-0.11790271,-0.44909224,-0.11879412,-0.2491177422171704
1996-12-01,-1.2280227,-1.0479285,-0.67636955,0.22033308,-0.34725493,-0.29751804,0.8113617045239971
1997-01-01,-0.7055582,-0.9646583,-0.6651986,0.36497194,-0.18022431,-0.48378867,0.2823543751216919
1997-02-01,-0.49829665,-0.58652,-0.36461565,0.45329455,-0.10312364,-0.4515961,1.6527215284594758
1997-03-01,0.73727417,-0.041979026,-0.18779406,0.76879644,0.047249135,-0.10586094,-0.7635384187247675
1997-04-01,1.0579709,0.19585273,0.21747075,0.77953064,0.6801113,-0.16824576,-1.0475762292272817
1997-05-01,2.4648647,0.9458635,0.6778384,0.5716208,0.8218444,-0.16791277,-1.2914253615916214
1997-06-01,3.369732,1.7214319,1.2363963,0.13179879,0.8810455,-0.057039917,-1.4801975940161154
1997-07-01,4.0800376,2.4951973,1.7926185,0.055948984,1.0454252,-0.05459137,-0.8572272261161253
1997-08-01,4.525614,2.8763363,2.0432646,-0.3433672,1.278512,-0.14630319,-1.546803294447607
1997-09-01,4.5013013,3.0851755,2.2598813,-0.41057727,1.4562768,-0.10776292,-1.3318036953047727
1997-10-01,4.308867,3.4186282,2.6231873,-0.41065875,1.4197382,-0.23546267,-1.3705116483476059
1997-11-01,4.2968674,3.6932237,2.7842293,-0.01769572,1.5616928,-0.26668346,-1.24603174047239
1997-12-01,4.1919565,3.7508566,2.8511803,0.12294555,1.4350796,-0.10626805,-0.8899572011407446
1998-01-01,3.7902567,3.3110356,2.6533115,-0.23756683,1.6316588,-0.21850401,-2.8826668319014415
1998-02-01,2.7094295,2.6682081,2.2903173,-0.21522027,1.6946546,0.7252029,-2.092044926274812
1998-03-01,2.3918867,2.0840518,1.6071944,-0.046159446,0.9604521,0.42033187,-2.5833982064629297
1998-04-01,3.0927355,1.6066178,0.957339,-0.37935594,0.32771587,0.3071921,-1.3560575974755682
1998-05-01,3.1798215,1.0746238,0.61018986,-0.6351659,0.1658299,0.3452256,0.2071292996675098
1998-06-01,2.179972,-0.3113024,-0.8845767,-0.36199743,-0.24180281,0.37599763,0.9621856726032536
1998-07-01,1.5572755,-0.45638585,-1.4452261,-0.42529464,-1.0142725,0.48522675,1.415540278901736
1998-08-01,1.0762773,-0.5764182,-1.5034885,-0.4793227,-1.3502555,0.38802275,1.2484231221674147
1998-09-01,0.58372813,-0.6084234,-1.0908381,-0.38537616,-0.95031875,0.46316734,1.0691578802863748
1998-10-01,0.43151486,-0.80655277,-1.3180082,-0.8385331,-1.4958324,0.5012298,1.051592788239272
1998-11-01,-0.2411679,-0.90366274,-1.5165545,-1.0992304,-1.7192103,0.38800216,0.777584953947527
1998-12-01,-0.46282652,-1.4166155,-1.9374417,-0.64565563,-1.821441,0.21235959,1.2331097626055536
1999-01-01,-0.76653546,-1.3413347,-1.7596205,-1.4218014,-2.0533872,0.62417316,1.6935325642000387
1999-02-01,-0.3400422,-0.7253194,-1.3132222,-1.674243,-1.7856148,0.5153757,0.9862572643127279
1999-03-01,0.22621436,-0.34883824,-0.92331815,-1.4859164,-1.3991436,0.6587169,1.217132860802214
1999-04-01,-1.1440164,-0.75252765,-0.86264086,-1.2424245,-1.1177893,0.6855332,1.2721838963756122
1999-05-01,-0.56110615,-0.4565242,-0.74418426,-0.9288053,-0.8546974,0.5177473,0.1712206878972464
1999-06-01,-0.7690374,-0.828512,-0.95158935,-0.7798483,-0.86209345,0.60558456,0.10831397476196787
1999-07-01,-0.94527066,-0.76884323,-0.7598245,-0.70793265,-0.7440296,0.4169927,0.34849806957428425
1999-08-01,-0.97694844,-0.97423846,-1.1343343,-0.64834446,-0.98861617,0.3559103,0.1981045918943966
1999-09-01,-0.83940387,-1.1629155,-0.9936968,-0.7011021,-0.9101974,0.42020378,-0.17238613660558358
1999-10-01,-0.8281494,-1.2378685,-1.0421146,-0.59584033,-0.8106962,0.46852875,0.7740835832990872
1999-11-01,-0.9694746,-1.5548558,-1.5576985,-0.6832828,-1.2971607,0.5449651,0.8060006701559923
1999-12-01,-0.90279496,-1.7442874,-1.8177366,-0.85526747,-1.6297272,-0.26412565,1.2246605743404317
2000-01-01,-0.60148335,-1.6100082,-1.8493057,-0.64675653,-1.7194494,-0.26256528,0.48074397570533595
2000-02-01,-0.18159242,-0.97264606,-1.4854635,-0.9082132,-1.686012,-0.41684422,1.6674050361518689
2000-03-01,-0.36117327,-0.32801068,-0.9581345,-1.2449055,-1.421267,-0.313072,1.3181320601874853
2000-04-01,0.61022377,0.0176412,-0.60071254,-0.93937117,-0.99922895,0.012259581,1.2086442958724846
2000-05-01,-0.3340913,-0.2996685,-0.57306033,-0.8423737,-0.88287616,0.09203909,0.16122737647075902
2000-06-01,-0.61746377,-0.6090817,-0.55356497,-0.5913742,-0.61548615,0.18675815,-0.4647716570318983
2000-07-01,-0.846971,-0.535728,-0.4989645,-0.544859,-0.60128593,0.42639074,-0.458870821301611
2000-08-01,-0.43564698,-0.45290023,-0.37364292,-0.012637943,-0.308076,0.35698164,0.5377802320021609
2000-09-01,-0.4858772,-0.39330232,-0.33980966,0.27241156,-0.3143917,0.32600105,0.76025805012418
2000-10-01,-0.46015862,-0.5113663,-0.5798154,-0.0880177,-0.7128246,0.21697082,0.8354433694048957
2000-11-01,-1.0370078,-0.74347705,-0.77828526,-0.07274224,-0.71192116,0.109985694,1.7517998644602863
2000-12-01,-0.8421542,-0.7922576,-0.86675537,-0.4748533,-0.96416676,0.24785084,0.6175231409468371
2001-01-01,-0.7871476,-0.610885,-0.62019193,-0.41621235,-0.79809284,0.05172764,0.905439154604688
2001-02-01,-0.6059747,-0.3363897,-0.6749067,-0.61029047,-0.9283052,-0.15811825,1.5474593794327347
2001-03-01,0.62795264,0.22541063,-0.2694537,-0.2787997,-0.6324714,0.318769,0.7293878170780728
2001-04-01,0.9218263,0.20705666,-0.04221213,-0.2485244,-0.21871947,0.17619225,0.08494753852100093
2001-05-01,-0.5225524,-0.14539179,-0.10507214,-0.20457359,-0.09588654,0.4536926,-0.6472910422205412
2001-06-01,-0.95454454,-0.16095555,0.09585078,0.20319971,0.11901821,0.38979727,0.19141533862655735
2001-07-01,-0.7476305,-0.10069875,0.24688725,0.3659822,0.37113997,0.2743054,-0.416813890042951
2001-08-01,-0.6810845,-0.33853528,0.035168394,0.43959072,0.21487655,0.28420478,-0.6748029249408066
2001-09-01,-1.0529822,-0.58325255,-0.18263072,0.7572947,0.25607467,0.47729668,-0.05721563051127209
2001-10-01,-1.3090379,-0.51540214,-0.15939157,0.61502457,0.04876747,0.8157031,-0.20586767592405725
2001-11-01,-1.0275778,-0.5484883,-0.17308648,0.6800698,0.07727777,0.68500084,0.5847381150546526
2001-12-01,-0.8153589,-0.5426427,-0.36985993,0.41651404,-0.098888904,0.7601646,-1.12230096362331
2002-01-01,-0.781505,-0.4677853,-0.03334828,0.69839406,0.4659913,0.57056713,0.3470437807853536
2002-02-01,-0.17264803,-0.073609926,0.29971,0.61877805,0.6211015,0.42128024,0.9116792265161887
2002-03-01,0.8222372,0.0019145269,0.101174384,0.40516478,0.3901918,0.3122063,-0.29294775574990034
2002-04-01,0.9055362,0.068044186,0.12104342,0.820435,0.415342,-0.09963183,-0.06553912725367027
2002-05-01,0.23862937,0.16101322,0.29251838,0.8077256,0.5390654,0.056460645,-0.9638495988837944
2002-06-01,-0.0842369,0.67742455,0.78628975,0.3844932,0.7803303,0.1282755,-0.3405071262418921
2002-07-01,-0.7630325,0.47217935,0.8014992,0.3057441,0.91610146,0.1659834,-0.7008848621519985
2002-08-01,-0.75873125,0.58688116,1.0068078,0.1677014,1.0798074,0.15164356,-1.1856233874993756
2002-09-01,-0.18266115,0.7334174,1.1427724,0.17787005,1.2629162,0.15492065,-0.7881829859638019
2002-10-01,0.41731754,1.0250372,1.3249774,0.2497243,1.5733618,0.12906767,-0.6353346693167798
2002-11-01,1.0061263,1.4049126,1.5716091,0.44815233,1.6400968,-0.2311236,-0.6951728202164247
2002-12-01,0.87064785,1.35827,1.4922435,0.26447278,1.5582691,-0.011303226,-1.2948412681263184
2003-01-01,-0.027103,0.8456149,1.0993431,0.3005842,1.336473,-0.07095796,-0.29137798439576795
2003-02-01,-0.4831331,0.2669552,0.6767029,0.64971185,1.1065947,-0.30673653,-0.8106057804531287
2003-03-01,-0.65213364,0.23710455,0.58635676,0.81552756,0.8492544,0.042158216,-0.4475665308892164
2003-04-01,-1.1379308,-0.42982662,-0.02081701,0.76586825,0.37652528,0.24183157,-0.22585231118876622
2003-05-01,-1.5062557,-0.9135222,-0.4016392,0.4218675,-0.02774065,0.13056913,-0.3246937954382913
2003-06-01,-1.3614329,-0.650818,-0.17935102,0.5231561,0.16133825,0.314814,-0.7377692570882954
2003-07-01,-0.76436937,0.08692504,0.15078714,0.5943441,0.13372776,0.14505754,0.262173826333952
2003-08-01,-0.49129447,-0.03820761,-0.049444407,0.78999066,0.17958356,0.18706034,0.006660586584851433
2003-09-01,-0.60356295,0.06635434,0.21125904,0.591162,0.2177952,0.05477336,-0.3090405063723509
2003-10-01,-0.01035461,0.41433108,0.44054204,0.5943929,0.4687624,0.03693165,-0.11836874795722646
2003-11-01,0.22240527,0.43496022,0.43296933,0.8306816,0.4643943,-0.1864477,-0.357113942849456
2003-12-01,0.2817206,0.44205788,0.353618,0.7069905,0.38720343,-0.1187861,1.062223527627841
2004-01-01,0.08569989,0.12067763,0.06857482,0.67082965,0.27966976,0.29139984,-1.4837375826113257
2004-02-01,-0.1512987,0.08206021,0.09976044,0.72243196,0.24401794,0.0031691666,1.2495529656566808
2004-03-01,-0.74065554,-0.013772408,-0.074003704,0.5366433,0.15910475,-0.40292186,0.38259677269194275
2004-04-01,-0.35834223,-0.2441676,-0.017988566,0.4518967,0.1383189,-0.49910036,-0.9466112992125195
2004-05-01,-1.4678135,-0.4201403,0.19637315,0.5208285,0.31582505,-0.12296555,0.9940495295301652
2004-06-01,-1.1091261,-0.24809437,0.07115157,0.3987982,0.2020193,-0.025932672,-0.9955580723874338
2004-07-01,-0.8201701,-0.20520356,0.49938273,0.44454107,0.74081105,0.040646575,-0.6423393948586837
2004-08-01,-0.998845,0.15069939,0.7024157,0.5946135,0.6729635,-0.063611425,-0.49932740158135974
2004-09-01,-0.29622403,0.31468713,0.76250184,0.8444025,0.9202359,-0.111430384,-0.5049722006931001
2004-10-01,0.060153324,0.32636085,0.70175797,0.9687818,0.9879104,-0.10191168,-0.16442575354139494
2004-11-01,0.33618695,0.4439969,0.6379436,0.9411561,0.8338919,0.0871549,-0.8572530752864236
2004-12-01,0.14922479,0.5922109,0.7507193,1.0011511,0.94137555,-0.7641395,-0.8940572747591462
2005-01-01,0.27109477,0.33667675,0.49985656,1.0160145,0.8072181,-0.5059647,0.3387671814296156
2005-02-01,-0.5385616,-0.18663333,0.20537177,0.8691509,0.63894296,0.48185524,-3.2125160687520453
2005-03-01,-1.2181998,-0.073355906,0.39271381,0.7005921,0.7339448,0.3935344,0.44598275011797694
2005-04-01,-0.73801214,0.14848223,0.24698985,0.48912635,0.348879,0.2761553,-0.5959136882486948
2005-05-01,0.09601306,0.3670343,0.33568895,0.4675296,0.33706048,0.28263438,-0.6372991046561038
2005-06-01,-0.3993094,0.3377658,0.38824922,0.49034855,0.37816,0.0968617,0.4966706114416317
2005-07-01,-0.4157512,0.35481578,0.23820394,0.40834692,0.12300112,0.18466735,0.1320809483539419
2005-08-01,-0.040539037,0.21415518,-0.0013767424,0.53364795,-0.060682613,0.22502339,-0.40027438929360987
2005-09-01,-0.69700575,-0.26118642,-0.07930011,0.29605985,-0.07211625,0.23385467,0.27433911539158096
2005-10-01,-1.2110507,-0.20819606,0.09533142,0.46655545,-0.012302133,0.31675535,1.1274927073700836
2005-11-01,-0.76875526,-0.6131889,-0.39577934,0.38037315,-0.27446336,0.5247018,-0.2774441373015006
2005-12-01,-0.58976084,-0.87970364,-0.67677045,0.3991137,-0.43883297,0.9541028,-0.030074804358509174
2006-01-01,-0.0165444,-0.47439697,-0.8005111,-0.032811403,-0.8870443,0.22357349,1.626777165216586
2006-02-01,0.3467949,-0.25254864,-0.5924646,-0.33895668,-0.6768689,0.45059666,0.22967389450350975
2006-03-01,0.09011215,-0.60705125,-0.696667,-0.102463715,-0.4672925,-0.02118747,1.8195560169982914
2006-04-01,-1.4381866,-0.2860871,-0.20991378,-0.12653364,-0.18856822,0.38684955,1.1221483737511522
2006-05-01,-0.5059745,-5.5541004e-05,0.06534225,0.21092513,-0.0292462,0.43030986,-0.45839937673370473
2006-06-01,-0.041768834,0.06999463,0.2233324,0.30432317,0.26399407,0.32814473,-0.30900589414439106
2006-07-01,0.49551153,0.2780229,0.17150407,0.4584017,0.26695797,0.018682783,-0.651583230705118
2006-08-01,0.87767047,0.5380275,0.42121732,0.63031673,0.5013742,-0.11545743,-1.0125023697397046
2006-09-01,1.0303878,0.976594,0.71986854,0.8407423,0.77770203,-0.02714944,-0.58398234053897
2006-10-01,1.3006808,1.1035258,0.8181101,0.51878244,0.8812575,-0.07488136,-1.3172620814187677
2006-11-01,1.1022375,1.1100878,1.0301843,0.6246406,1.2309097,-0.23073402,0.0836596521633194
2006-12-01,0.7830803,1.2448581,1.2174541,0.5651722,1.2988425,-0.78064233,-0.3256121634635901
2007-01-01,0.6911898,1.0071917,0.7442978,0.5129518,0.67694825,-0.53555524,-0.8215824652957857
2007-02-01,0.16831394,0.20428927,0.20583051,0.48242283,0.49821085,-0.27616182,-0.056946440696280895
2007-03-01,-0.6652293,-0.36006677,-0.035055984,0.42994747,0.25366655,-0.13266136,0.2879902435897181
2007-04-01,-1.0988889,-0.5115471,-0.14437799,0.3987177,0.092970826,-0.10180146,-0.047982942674604
2007-05-01,-1.7073201,-0.69064116,-0.31260297,0.4502191,-0.0700434,0.20683767,-0.0052731633283960785
2007-06-01,-1.4631805,-0.57230955,-0.057718225,0.2982348,0.018521592,0.15345375,0.5229996722340116
2007-07-01,-1.2815013,-0.8535755,-0.46664914,0.090612516,-0.21471152,0.09002664,-0.3552453925387656
2007-08-01,-1.7248576,-1.1180855,-0.59905523,-0.056831528,-0.42159095,0.089498214,0.39753468240143175
2007-09-01,-1.704211,-1.4032278,-1.1511909,-0.24913833,-0.9112842,0.092176266,0.0003260810302206706
2007-10-01,-1.6663336,-1.696962,-1.5677284,-0.41214055,-1.1702335,0.041426755,0.6553699331207112
2007-11-01,-1.7247956,-1.7769666,-1.6547989,-0.80277383,-1.5183718,0.023036573,0.7365762210924706
2007-12-01,-1.8833175,-1.5104855,-1.5567988,-0.7230155,-1.4119576,0.20548904,1.729026352524219
2008-01-01,-0.46190837,-1.4176797,-1.723469,-1.1148922,-1.8351316,0.15600164,1.900000756668761
2008-02-01,0.14642379,-1.2736032,-1.7709342,-1.2313371,-1.7808901,0.11104549,2.8058501915908254
2008-03-01,0.8115582,-0.55269593,-1.1171911,-1.2054802,-1.3668901,0.15728804,1.6289981459149818
2008-04-01,0.542364,-0.33255383,-0.9098807,-0.93689114,-1.0745695,0.383657,0.5897403570508948
2008-05-01,0.27205947,0.005543449,-0.6599377,-0.7551929,-1.0043283,0.06343444,-0.2375392960430402
2008-06-01,0.76295763,0.09059706,-0.4557556,-0.70571876,-0.8106119,-0.009610686,0.5686510191570995
2008-07-01,1.2231017,0.45538265,-0.05336127,-0.50814545,-0.5448667,-0.015874146,0.23769868818280374
2008-08-01,1.2180895,0.6184516,0.0059466544,-0.47301784,-0.51979077,-0.1098902,0.9590367973727134
2008-09-01,1.0020368,0.30685183,-0.25063527,-0.4654886,-0.62394565,-0.030737603,1.29158694279714
2008-10-01,0.19079775,-0.08815476,-0.3521625,-0.24271582,-0.3999031,0.03273331,1.2643249744657346
2008-11-01,-0.26952073,-0.18089317,-0.40843225,-0.49910566,-0.6179122,-0.1078901,1.3958689005400715
2008-12-01,-0.4134582,-0.58843577,-0.8695023,-0.5327697,-1.0496068,0.027504873,1.4826728612869162
2009-01-01,0.09252355,-0.46986237,-0.9681563,-0.5506962,-1.0835007,0.20327166,1.026990128786074
2009-02-01,-0.001741313,-0.3952034,-0.5820028,-0.5833451,-0.71319544,0.15852767,1.9193909550763082
2009-03-01,-0.12250224,-0.6235548,-0.4611496,-0.31401724,-0.37995133,0.1710478,0.351825133601004
2009-04-01,0.36156413,-0.07017512,-0.24007556,-0.056913886,-0.19000511,0.11299651,0.8074808109373635
2009-05-01,0.46640792,0.3619611,0.2083084,0.21693107,0.15266806,-0.08603241,-0.2935359050836926
2009-06-01,0.7012067,0.6547377,0.48576462,0.3524653,0.37812313,-0.241242,0.0503770239307417
2009-07-01,0.9794788,0.9103023,0.68912387,0.42239577,0.3954997,-0.13918187,0.12269681883536672
2009-08-01,0.9499165,0.86880124,0.6967177,0.635793,0.49738812,0.012577165,-0.12784419517790815
2009-09-01,0.5220847,0.78648746,0.76982766,0.6726326,0.515197,0.098345526,0.21886238110687506
2009-10-01,0.21274725,0.7158506,0.8790342,0.83100104,1.1578836,-0.030307064,-1.2791247420109617
2009-11-01,0.23833247,1.2070727,1.4707723,0.89617234,1.5045083,-0.20889501,-0.6266618935961613
2009-12-01,0.48472396,1.4700139,1.6412021,0.3974416,1.6695489,-0.0069472347,-0.8750761395970923
2010-01-01,0.44745907,1.0719961,1.5046726,0.50486064,1.736336,-0.07417405,-1.1935462224048492
2010-02-01,-0.09493604,0.7845044,1.2199478,0.47206324,1.4619372,0.41533267,-1.725805072969406
2010-03-01,-0.36089522,0.6787013,1.0900594,0.63171864,1.2613621,0.1764541,-0.8494857022216323
2010-04-01,0.3160649,0.5959626,0.611846,0.61907005,0.8531375,0.10235111,1.0570840180370527
2010-05-01,-0.0048684976,-0.059675474,-0.15290868,0.20559506,0.057113387,0.22175246,0.8304418077899547
2010-06-01,-0.35241252,-0.6717883,-0.6572585,-0.06745163,-0.42292956,0.16632001,0.3157557354217296
2010-07-01,-1.5061439,-1.0640894,-1.103319,-0.3539206,-0.8908008,0.155308,1.7159212139864812
2010-08-01,-1.0718225,-1.1188495,-1.3347403,-0.7777039,-1.4831997,0.2319689,1.793425882757851
2010-09-01,-1.3161131,-1.1815156,-1.4923917,-1.0814728,-1.6953763,0.16490446,2.2816538344801467
2010-10-01,-1.5938122,-1.488338,-1.6185161,-1.1520288,-1.7279184,0.09995301,1.648853686002436
2010-11-01,-1.3950886,-1.6030331,-1.6544545,-1.3100518,-1.6969217,0.26743934,1.2308286177133763
2010-12-01,-1.0933815,-1.6602024,-1.7382115,-1.333517,-1.6835804,0.50832635,2.861741235296223
2011-01-01,-0.50350237,-1.2214402,-1.6507702,-1.1632034,-1.7616265,0.42039537,2.3099952336082787
2011-02-01,0.19922456,-0.60850185,-1.1207272,-0.76979905,-1.3300607,0.4219599,2.8093553476063735
2011-03-01,-0.14523342,-0.6345649,-0.9188102,-0.6391698,-0.8638953,0.49123806,2.558909903042324
2011-04-01,0.5930634,-0.11003264,-0.626648,-0.45958632,-0.7161206,0.2397031,1.714142602549899
2011-05-01,0.530243,-0.029890463,-0.35694745,-0.4484911,-0.5750383,0.27168155,0.15402993305072973
2011-06-01,0.6813328,0.07269703,-0.222958,-0.39805606,-0.43960992,0.34661868,0.20153556530327785
2011-07-01,0.6427914,0.05241109,-0.31194898,-0.32034642,-0.46835956,0.076896496,0.8235506235717072
2011-08-01,0.36533657,-0.25248453,-0.63827664,-0.12971161,-0.67237526,-0.05418753,0.29967275895278733
2011-09-01,-0.3145382,-0.541097,-0.7466758,-0.4469937,-0.74750173,-0.067028545,0.8827081180591626
2011-10-01,-0.33973587,-0.79130465,-0.96935695,-0.5660024,-0.8646071,0.086383164,0.900163253476932
2011-11-01,-0.5235728,-1.1535083,-1.2061799,-0.34461975,-1.0107014,0.11703942,1.0050888465366825
2011-12-01,-0.62518793,-0.8746903,-1.026192,-0.87286705,-1.1651835,0.06801488,2.4670895407771587
2012-01-01,0.017962215,-0.52332014,-1.032184,-1.0009258,-1.3421816,-0.12479163,1.0987328667697933
2012-02-01,0.438958,-0.028304288,-0.64385283,-0.89034134,-0.9646906,-0.17686135,0.4018785575822519
2012-03-01,0.5494141,-0.12950397,-0.49853238,-0.63890517,-0.6169889,-0.18811414,0.5421959733630709
2012-04-01,1.1908002,0.06434191,-0.34567586,-0.14840712,-0.3306639,0.18694891,-0.29892736420969623
2012-05-01,1.2995765,0.14382894,-0.08188567,-0.11452438,-0.3323923,0.172595,-0.15144533596698762
2012-06-01,1.3288236,0.61872846,0.24576299,-0.15827383,-0.12895885,0.17375125,-0.6318997394595651
2012-07-01,0.66950387,0.81486255,0.46076933,-0.005724958,0.061556723,0.23702607,-0.1748863204563651
2012-08-01,0.27504954,0.7226247,0.7502808,0.39936984,0.5094835,0.37945408,-0.3942886514809717
2012-09-01,0.36638916,0.40915814,0.46870115,0.6094473,0.37969065,0.24325772,0.07167670466898715
2012-10-01,-0.032389726,0.030893998,0.29984233,0.7027167,0.47265604,0.06575061,0.2218243271906862
2012-11-01,-0.17548482,0.13176481,0.25337332,0.7420998,0.31036362,-0.2420631,0.16596034962702844
2012-12-01,-0.48796743,-0.20403752,-0.11381169,0.59195507,0.17737065,0.14377886,-0.7292735716990625
2013-01-01,-0.032207124,-0.38345075,-0.34167877,0.24868701,-0.23089074,0.22490877,-0.20058006289323005
2013-02-01,-0.07700365,-0.17146118,-0.1584327,0.23791815,-0.10184622,0.24821126,-0.34318532533112084
2013-03-01,-0.009283567,0.29608476,0.049262576,0.03181734,-0.11884608,0.38717285,1.3928683366974524
2013-04-01,-0.7512418,-0.035881624,-0.0349439,-0.0033839436,-0.038592625,0.5136284,0.16588115049709254
2013-05-01,-1.2265373,-0.6120085,-0.2054347,0.007461343,-0.009179135,0.34379843,0.7000221731016286
2013-06-01,-1.3150687,-0.5856809,-0.22628248,0.04442492,-0.094987966,0.14158149,1.0155097288464372
2013-07-01,-1.134009,-0.46205422,-0.24550134,0.1981043,-0.08875262,0.1414636,0.7472965156100051
2013-08-01,-0.96405447,-0.40591162,-0.19750574,0.32806516,-0.056880403,0.2946524,0.06575273296519758
2013-09-01,-0.69272304,-0.019915482,0.0033052673,0.35227787,-0.10667474,0.26673207,0.30273553422136584
2013-10-01,-0.7718116,-0.050512005,-0.19465914,0.6082928,-0.18060084,0.39304212,-0.24219772585081462
2013-11-01,-0.5103712,-0.025994439,0.10517718,0.63778675,0.11445225,0.5640674,0.6803421695977767
2013-12-01,-0.09499139,-0.0013154201,-0.01503616,0.42668635,-0.018274438,0.59300715,0.044611744909936975
2014-01-01,0.4244176,-0.1488226,-0.29763472,0.20551397,-0.34545487,0.025410827,1.4151093404414368
2014-02-01,-0.63796294,-0.55299515,-0.36746117,0.7333336,0.088067666,-0.07086563,-0.0916176343941329
2014-03-01,-0.5242777,0.06643889,0.00058132265,0.8155645,0.37016538,-0.016426463,-0.9551086260016457
2014-04-01,-0.010806575,0.3076056,0.24919736,0.6392538,0.3852549,0.49336642,0.6996801662209302
2014-05-01,1.1389652,0.5814324,0.45186508,0.8494205,0.74690396,0.40646958,0.43772715403323215
2014-06-01,1.3395734,0.81195503,0.40273267,0.776185,0.38458386,0.46230662,-0.03160863942989826
2014-07-01,1.0939668,0.50109255,0.098909736,0.5867463,0.077536345,0.3395488,-0.360742936354991
2014-08-01,0.9738432,0.52360016,0.27404138,0.7183112,0.27765986,0.23802015,-0.8416362722653754
2014-09-01,0.381568,0.54337424,0.4732241,0.9150968,0.38852966,0.2770287,-0.7518647566176643
2014-10-01,0.7065277,0.7359257,0.5244426,0.8644887,0.47125074,0.20383252,-0.6579316761396374
2014-11-01,0.807001,0.8994313,0.79809093,1.0783035,0.7510526,0.025628394,-0.7856102574668131
2014-12-01,0.12005698,0.81846994,0.744838,0.9867512,0.79379493,0.26212126,-0.631850645298556
2015-01-01,-0.2580695,0.46972507,0.55567366,0.9317216,0.6806615,0.821617,-0.9927168128722592
2015-02-01,-0.33139253,0.3048905,0.6174553,1.1772143,0.91091,0.4410325,0.23266507343254866
2015-03-01,0.24172093,0.30830285,0.54607457,0.9850788,0.98144186,0.7194211,-0.8483016546951018
2015-04-01,1.3967199,0.7517357,0.7877174,1.0630978,1.1786122,0.51034296,-0.06617235715585039
2015-05-01,2.1493964,1.1118413,0.9664414,0.7641926,1.1456313,0.27635807,-0.857244084944734
2015-06-01,2.4138896,1.5276738,1.1467549,0.72633785,1.1475176,0.055771995,-0.7478190919163995
2015-07-01,2.39157,1.959181,1.4579616,0.5437301,1.2402477,-0.040719315,-1.2292554740312107
2015-08-01,1.8656844,2.2242253,1.9524016,0.1194628,1.5088949,0.0025692072,-1.4613647242257368
2015-09-01,2.2701762,2.5191472,2.148971,0.10623116,1.5823102,-0.0072266073,-1.778241074642733
2015-10-01,2.2993376,2.566437,2.3918352,0.22260337,1.761793,0.04894809,-1.6762870777650454
2015-11-01,1.9912316,2.8257136,2.7787502,0.7224022,2.2387044,-0.0015115471,-0.3655242941000339
2015-12-01,2.0146432,2.7988741,2.6432009,0.62463284,2.062931,0.17599191,-0.9137281204536185
2016-01-01,1.2189962,2.5251384,2.4212694,0.30376244,1.71673,0.14459687,-2.1584640120357808
2016-02-01,0.7336137,1.9486728,2.168414,0.43575782,1.7705737,0.63968223,-2.127834924226323
2016-03-01,0.92954993,1.6151787,1.5905854,0.7856877,1.568455,0.755632,-0.1634907951995611
2016-04-01,0.6051985,0.92142874,1.0836885,0.5470632,1.0703512,0.8927572,-1.2082300348368107
2016-05-01,0.36386362,0.20552303,0.45605406,0.5214994,0.8184591,0.89094937,0.3539701577942183
2016-06-01,0.34460202,0.029426454,-0.014200961,0.6794401,0.43250558,0.6742771,0.5560272166583283
2016-07-01,0.33540913,-0.26923662,-0.28989556,0.745037,0.10509303,0.62777054,0.353722188370853
2016-08-01,0.40560398,-0.22726224,-0.37427485,0.671168,-0.2675157,0.44010252,0.5190187058402707
2016-09-01,0.3545908,-0.020273093,-0.4216824,0.444793,-0.4967804,0.5024063,1.1598501894688407
2016-10-01,0.2965948,-0.24449836,-0.4714044,0.21268453,-0.5665961,0.63796526,-0.4900422924726582
2016-11-01,-0.10603712,-0.40815884,-0.41724566,0.019075515,-0.5487484,0.503319,-0.058341098351191424
2016-12-01,-0.097197674,-0.39850068,-0.34346184,0.27215335,-0.33994493,0.19899738,0.20128767288687147
2017-01-01,1.161245,-0.01975821,-0.29299402,0.39248255,-0.43231562,-0.20178553,0.041679172579652805
2017-02-01,1.599239,0.6020429,0.114907935,0.25941733,-0.2151495,0.051724397,-0.07466277929628286
2017-03-01,1.9077657,0.5329102,0.21643966,-0.08426501,-0.028338367,0.48025846,0.9167152210400749
2017-04-01,1.3740864,0.6154405,0.32914156,0.047483638,0.07909002,0.6621344,-0.35024877930164533
2017-05-01,0.699986,0.49263045,0.5302275,0.1004013,0.39197665,0.5056251,0.1782620690571658
2017-06-01,0.102980316,0.25567275,0.512346,0.36227626,0.53144574,0.58212334,-0.6239930287098846
2017-07-01,-0.05360746,0.24812832,0.4446317,0.37778258,0.3972418,0.5360369,0.6263577958937482
2017-08-01,-0.23388389,-0.09054916,-0.047724377,0.4653761,0.027114674,0.51889205,0.5778235359199599
2017-09-01,-0.6667146,-0.6087394,-0.33585465,0.22758429,-0.16479743,0.42142856,0.5589810081704701
2017-10-01,-0.9742611,-0.5357627,-0.4174374,0.0368248,-0.23081909,0.49459046,1.0808990593686905
2017-11-01,-1.0138161,-0.9815711,-0.77529263,0.18692932,-0.46186996,0.62116647,0.8289614812585566
2017-12-01,-1.1529026,-1.1881965,-0.85905033,0.15541913,-0.6032661,1.4520389,-0.17626066672967033
2018-01-01,-0.6752386,-1.0579962,-0.69286644,0.24838038,-0.49052206,1.5199438,1.0132614649870912
2018-02-01,-0.33673847,-0.8133309,-0.6469705,0.20698856,-0.32838622,1.1038027,-0.6194140695103119
2018-03-01,-0.77798307,-0.7664685,-0.6828044,0.36914292,-0.34253716,1.0080091,1.39087756509561
2018-04-01,-0.6960041,-0.47749418,-0.456078,0.47297633,-0.182247,0.7485863,0.49844329030697937
2018-05-01,-0.2921128,-0.11728267,-0.08878148,0.4882193,0.048131887,0.54254544,0.21980679757489963
2018-06-01,-0.5513993,0.2868055,0.22983542,0.41674522,0.1310111,0.4472145,-0.32694291287206284
2018-07-01,-0.059112743,0.39023122,0.35750744,0.39720875,0.17035182,0.4926973,0.12337042747326195
2018-08-01,0.12112045,0.098395504,0.24626516,0.6213102,0.31523478,0.49234456,-0.4343523109268599
2018-09-01,0.038505092,0.23325862,0.31131098,0.6377349,0.36139712,0.36011428,-1.0844991034803713
2018-10-01,0.47495654,0.7851529,0.79111147,1.042509,0.8068862,0.35136306,0.3262177877994207
2018-11-01,0.65906817,0.9309192,0.85320437,0.91890526,0.780871,0.37820965,-0.14445067166682987
2018-12-01,0.6494498,0.8300754,0.8344928,1.0461593,0.91006786,0.60943335,1.076025391734661
2019-01-01,0.5623692,0.61497676,0.61736226,0.9235674,0.72503835,0.85402507,-0.1343574484985272
2019-02-01,0.70297927,0.6246582,0.6839449,0.8413852,1.0085714,0.81862235,-1.464217448806226
2019-03-01,0.30344272,0.7373843,0.9570361,0.7163753,1.0279125,0.95709956,-0.3301099658442215
2019-04-01,0.5955543,0.65497017,0.7445195,0.54387236,0.73896104,1.0018456,0.12713304077985074
2019-05-01,0.38624728,0.6639729,0.7936824,0.54783213,0.90518713,0.8842189,-0.4795148135750067
2019-06-01,0.18047197,0.4190318,0.6250647,0.51396704,0.85347605,0.6344894,-0.48553574111029185
2019-07-01,-0.25394437,0.09642532,0.44687125,0.74012375,0.7562679,0.62734455,-0.497343444008919
2019-08-01,-0.6000069,-0.24745956,0.030525954,0.87162787,0.38802376,0.39472073,-0.22484512123677425
2019-09-01,-0.785229,-0.31962729,-0.10564927,0.9226794,0.26425847,0.17892277,-1.3079092677980049
2019-10-01,-0.4910756,0.15037793,0.50228626,1.1186638,0.6785139,0.12489051,-0.4050886737283645
2019-11-01,-0.1418543,0.4208749,0.5123002,0.92388445,0.5673574,0.27852413,-0.8782643501856727
2019-12-01,0.2912007,0.27128035,0.44486412,0.94654876,0.76858354,0.42960867,-0.47563054857821857
2020-01-01,0.31211767,0.2557244,0.5245978,0.9775364,0.86296237,0.1861943,0.245745616774295
2020-02-01,0.111342326,0.112937845,0.42494175,1.0366781,0.9577128,0.3952688,0.02569915698626352
2020-03-01,0.5005995,0.19159578,0.48382252,0.9122568,0.7452871,0.44135377,-0.13024666188569262
2020-04-01,0.4260042,0.4266425,0.41350633,0.55155486,0.45820644,0.2692658,0.14506853620797486
2020-05-01,0.107557856,-0.17237537,-0.225971,0.23501356,-0.019452019,0.34039423,0.35337608589267416
2020-06-01,-0.74006635,-0.70216566,-0.36719158,0.27799925,-0.026364198,0.43941823,-0.43419359158229065
2020-07-01,-1.105447,-0.49240896,-0.18173113,0.17512657,-0.050558798,0.36020607,0.41206915917725623
2020-08-01,-1.0750195,-0.58655816,-0.5980411,-0.03646886,-0.53479755,0.41268066,1.1094114305756484
2020-09-01,-0.9052437,-1.17776,-0.888848,-0.18665862,-0.79639363,0.33587652,0.7822525888184857
2020-10-01,-0.78180563,-1.2923279,-1.290748,-0.42909828,-1.0801018,0.49256125,0.4495518843105079
2020-11-01,-0.71696156,-1.2297556,-1.3470448,-0.49333534,-1.0591115,0.78006417,0.629767021788734
2020-12-01,-0.7465897,-0.8554637,-1.0857556,-0.6123692,-1.1596344,0.42529902,1.964006996777573
2021-01-01,-0.36002716,-0.46875164,-0.9526014,-1.0298513,-1.2724725,0.4840439,2.0483142810966704
2021-02-01,-0.40392566,-0.42315042,-0.7262187,-0.6671325,-0.9653224,0.032823026,1.5465694913003312
2021-03-01,-0.00022420016,-0.33008182,-0.47519916,-0.3034939,-0.46229172,0.395238,0.5112456436361545
2021-04-01,-0.7348954,-0.6154006,-0.48303378,0.05763411,-0.25902823,0.48317713,0.2926934182483134
2021-05-01,-0.34723002,-0.32478324,-0.25343838,0.19951217,-0.14050674,0.69425416,-1.0838672451047564
