index,NINO1+2,NINO3,NINO4,NINO3.4
1950-01-01,-1.555333333333337,-2.0986666666666665,-1.3790000000000013,-1.9943333333333335
1950-02-01,-1.779666666666671,-1.514999999999997,-1.5273333333333348,-1.6923333333333375
1950-03-01,-1.3780000000000037,-0.8436666666666639,-1.8010000000000055,-1.4130000000000038
1950-04-01,-1.9059999999999988,-1.140666666666668,-1.7270000000000039,-1.5386666666666606
1950-05-01,-1.7353333333333296,-1.5613333333333301,-1.1866666666666745,-1.7533333333333339
1950-06-01,-1.7946666666666644,-1.109333333333332,-0.8390000000000022,-1.2666666666666657
1950-07-01,-1.6489999999999974,-0.8946666666666694,-1.2586666666666595,-1.0033333333333303
1950-08-01,-0.8859999999999957,-0.6483333333333334,-1.2483333333333384,-0.975000000000005
1950-09-01,-1.1663333333333306,-0.8913333333333284,-1.491333333333344,-0.9786666666666655
1950-10-01,-1.032,-0.8113333333333337,-1.63066666666667,-1.026333333333337
1950-11-01,-1.8093333333333312,-1.243000000000002,-1.7070000000000007,-1.2326666666666704
1950-12-01,-1.097333333333335,-1.079666666666668,-1.399333333333331,-1.309000000000001
1951-01-01,-0.45533333333333914,-0.868666666666666,-1.1090000000000018,-1.3043333333333358
1951-02-01,-0.90966666666667,-0.754999999999999,-1.1073333333333366,-1.0423333333333353
1951-03-01,-0.7480000000000047,-0.33366666666666234,-0.5810000000000066,-0.3830000000000062
1951-04-01,-0.24599999999999866,-0.21066666666666833,-0.4170000000000016,-0.23866666666666347
1951-05-01,0.17466666666667052,-0.18133333333333113,0.26333333333332476,-0.013333333333331865
1951-06-01,1.4853333333333367,0.04066666666666663,0.08099999999999952,0.0033333333333338544
1951-07-01,1.8610000000000042,0.6153333333333322,0.22133333333334093,0.30666666666667197
1951-08-01,1.174000000000003,0.4016666666666673,-0.2583333333333364,0.1649999999999956
1951-09-01,0.5636666666666699,0.45866666666666944,-0.12133333333334306,0.5113333333333365
1951-10-01,0.718,0.5986666666666629,-0.2206666666666699,0.4836666666666609
1951-11-01,0.6806666666666672,0.8069999999999986,-0.0470000000000006,0.5473333333333308
1951-12-01,0.012666666666664383,0.6103333333333332,0.04066666666666663,0.31099999999999994
1952-01-01,-0.20533333333333914,0.14133333333333553,-0.03900000000000148,0.12566666666666748
1952-02-01,-0.07966666666667166,-0.03499999999999659,-0.15733333333333732,-0.012333333333337748
1952-03-01,-0.4080000000000048,-0.15366666666666262,-0.34100000000000463,-0.1130000000000031
1952-04-01,-1.0959999999999965,-0.31066666666666976,-0.15700000000000358,-0.018666666666661058
1952-05-01,-0.9353333333333289,-0.6113333333333308,-0.24666666666667325,-0.14333333333333442
1952-06-01,-1.194666666666663,-0.9193333333333342,-0.47900000000000276,-0.5466666666666669
1952-07-01,-1.2289999999999957,-0.9846666666666692,-0.7786666666666591,-0.7633333333333283
1952-08-01,-1.115999999999996,-0.678333333333331,-0.7883333333333375,-0.5550000000000033
1952-09-01,-1.3563333333333283,-0.6413333333333284,-0.37133333333334306,-0.35866666666666447
1952-10-01,-0.6519999999999975,-0.621333333333336,-0.7006666666666703,-0.4563333333333368
1952-11-01,-0.8293333333333344,-1.0330000000000013,-0.536999999999999,-0.7826666666666675
1952-12-01,-0.5073333333333352,-0.559666666666665,-0.6993333333333318,-0.38899999999999935
1953-01-01,-0.43533333333333957,0.061333333333333684,-0.34900000000000375,0.1956666666666642
1953-02-01,0.17033333333332834,0.22500000000000142,-0.21733333333333604,0.24766666666666382
1953-03-01,0.7319999999999958,0.31633333333333624,-0.2910000000000039,0.2869999999999955
1953-04-01,1.4640000000000022,0.13933333333332953,-0.137000000000004,0.22133333333333738
1953-05-01,1.0146666666666704,0.11866666666666958,0.003333333333326749,0.34666666666666757
1953-06-01,0.305333333333337,0.2606666666666655,0.18099999999999739,0.3933333333333344
1953-07-01,0.0010000000000047748,-0.06466666666667109,-0.058666666666660205,0.13666666666667027
1953-08-01,0.17400000000000304,-0.05833333333333357,-0.21833333333333727,0.0849999999999973
1953-09-01,0.33366666666666944,0.2886666666666713,-0.4613333333333429,0.29133333333333766
1953-10-01,-0.1819999999999986,0.11866666666666603,-0.1006666666666689,0.15366666666666262
1953-11-01,-0.1493333333333311,0.046999999999997044,-0.10699999999999932,0.1773333333333298
1953-12-01,-0.597333333333335,0.20033333333333303,0.03066666666666862,0.4009999999999998
1954-01-01,-1.9053333333333384,-0.15866666666666518,0.04099999999999682,0.4356666666666662
1954-02-01,-1.2196666666666722,-0.134999999999998,-0.027333333333334764,0.27766666666666495
1954-03-01,-1.3180000000000014,-0.6436666666666646,-0.3510000000000062,-0.3830000000000062
1954-04-01,-3.0859999999999985,-1.97066666666667,-0.7070000000000007,-1.1786666666666612
1954-05-01,-2.9853333333333296,-1.6313333333333304,-0.7066666666666741,-0.8133333333333326
1954-06-01,-2.4646666666666626,-1.5793333333333344,-0.7989999999999995,-0.9266666666666659
1954-07-01,-2.828999999999997,-1.454666666666668,-1.0886666666666613,-1.18333333333333
1954-08-01,-1.695999999999998,-1.5583333333333336,-1.1583333333333385,-1.4250000000000043
1954-09-01,-1.7063333333333297,-1.7313333333333283,-1.2713333333333452,-1.598666666666663
1954-10-01,-2.041999999999998,-1.661333333333335,-1.480666666666668,-1.486333333333338
1954-11-01,-1.4593333333333334,-1.463000000000001,-1.157,-1.132666666666669
1954-12-01,-1.477333333333334,-1.549666666666667,-1.239333333333331,-1.3389999999999986
1955-01-01,-0.8453333333333397,-0.8586666666666645,-0.9090000000000025,-0.9343333333333348
1955-02-01,-1.1296666666666724,-0.7049999999999983,-1.087333333333337,-0.9423333333333375
1955-03-01,-1.368000000000002,-0.9036666666666626,-1.2310000000000052,-1.063000000000006
1955-04-01,-1.235999999999997,-1.3106666666666698,-1.0570000000000022,-1.2186666666666603
1955-05-01,-2.1553333333333278,-1.8213333333333317,-1.0966666666666747,-1.2733333333333334
1955-06-01,-1.9246666666666634,-1.6893333333333338,-0.9589999999999996,-1.1766666666666659
1955-07-01,-1.4389999999999965,-1.404666666666671,-0.8586666666666609,-1.1433333333333309
1955-08-01,-1.5459999999999958,-1.4583333333333321,-1.2483333333333384,-1.3450000000000024
1955-09-01,-1.4663333333333277,-1.6813333333333311,-1.3513333333333435,-1.4386666666666628
1955-10-01,-1.8219999999999992,-2.401333333333337,-2.0006666666666675,-2.3063333333333382
1955-11-01,-1.8293333333333344,-2.3930000000000007,-2.006999999999998,-2.452666666666669
1955-12-01,-1.697333333333333,-2.089666666666666,-1.4493333333333318,-2.029
1956-01-01,-1.305333333333337,-1.0586666666666638,-1.2790000000000035,-1.2043333333333344
1956-02-01,-1.1996666666666727,-0.7049999999999983,-1.187333333333335,-0.9923333333333346
1956-03-01,-0.7580000000000027,-0.5336666666666616,-1.1010000000000062,-0.823000000000004
1956-04-01,-1.1459999999999972,-0.6606666666666676,-1.0970000000000013,-0.9686666666666603
1956-05-01,-1.2053333333333285,-0.761333333333333,-0.916666666666675,-0.8033333333333346
1956-06-01,-0.9346666666666614,-0.8493333333333339,-0.7890000000000015,-0.9166666666666679
1956-07-01,-0.1389999999999958,-1.0246666666666684,-1.0386666666666606,-1.063333333333329
1956-08-01,-0.4359999999999964,-1.0583333333333336,-1.4583333333333393,-1.1750000000000043
1956-09-01,-1.0063333333333304,-1.021333333333331,-1.4213333333333438,-0.9886666666666635
1956-10-01,-1.2019999999999982,-1.0713333333333352,-1.1206666666666685,-0.9663333333333384
1956-11-01,-1.0693333333333328,-1.333000000000002,-0.8069999999999986,-1.1426666666666705
1956-12-01,-1.3273333333333355,-1.2096666666666671,-0.6493333333333311,-0.8889999999999993
1957-01-01,-1.66533333333334,-0.7186666666666639,-0.6090000000000018,-0.5043333333333351
1957-02-01,0.07033333333333047,-0.2049999999999983,-0.4773333333333376,-0.21233333333333704
1957-03-01,0.7819999999999965,0.26633333333333553,-0.45100000000000406,0.17699999999999605
1957-04-01,1.1240000000000023,0.2793333333333301,-0.05700000000000216,0.41133333333333866
1957-05-01,2.404666666666671,0.5386666666666677,0.01333333333332476,0.6166666666666671
1957-06-01,2.015333333333338,0.6906666666666652,-0.37900000000000134,0.6333333333333329
1957-07-01,1.8610000000000042,1.0753333333333295,-0.5586666666666602,0.8766666666666723
1957-08-01,1.1940000000000026,0.8816666666666677,-0.03833333333333755,0.8349999999999973
1957-09-01,0.9136666666666713,0.6486666666666707,-0.11133333333334505,0.7213333333333374
1957-10-01,0.6180000000000021,0.618666666666666,0.019333333333332092,0.7036666666666633
1957-11-01,0.5506666666666682,0.907,0.06300000000000239,0.9173333333333318
1957-12-01,0.652666666666665,1.2503333333333337,0.34066666666666734,1.3009999999999984
1958-01-01,0.13466666666666072,1.3013333333333357,0.7309999999999981,1.785666666666664
1958-02-01,0.2603333333333282,1.0350000000000037,0.9226666666666645,1.4876666666666623
1958-03-01,0.47199999999999775,0.5163333333333355,0.6689999999999934,0.9869999999999948
1958-04-01,0.7140000000000022,0.2293333333333294,0.27299999999999613,0.4513333333333378
1958-05-01,0.12466666666666981,0.03866666666666774,0.06333333333332547,0.37666666666666515
1958-06-01,-0.024666666666661285,-0.04933333333333323,0.020999999999997243,0.26333333333333186
1958-07-01,0.061000000000003496,-0.2446666666666708,-0.06866666666666177,0.026666666666670835
1958-08-01,-0.4159999999999968,-0.20833333333333215,-0.13833333333333897,-0.005000000000002558
1958-09-01,-0.406333333333329,-0.5113333333333294,-0.1513333333333442,-0.3186666666666653
1958-10-01,-0.20199999999999818,-0.501333333333335,0.009333333333330529,-0.2663333333333391
1958-11-01,-0.3793333333333315,-0.21300000000000097,-0.02699999999999747,0.047333333333330785
1958-12-01,-0.5073333333333352,-0.41966666666666796,0.11066666666666691,0.021000000000000796
1959-01-01,-0.8753333333333373,-0.07866666666666688,0.05099999999999838,0.5256666666666661
1959-02-01,-0.46966666666667223,-0.05499999999999616,-0.20733333333333803,0.42766666666666353
1959-03-01,0.3419999999999952,-0.13366666666666305,-0.32100000000000506,0.18699999999999406
1959-04-01,0.12400000000000233,-0.13066666666667004,-0.17700000000000315,0.06133333333333724
1959-05-01,-0.39533333333332976,-0.41133333333333155,-0.2566666666666748,-0.23333333333333428
1959-06-01,-0.6246666666666627,-0.5493333333333332,-0.4490000000000016,-0.3566666666666656
1959-07-01,-0.5689999999999955,-0.8546666666666702,-0.6286666666666605,-0.8533333333333282
1959-08-01,-1.0159999999999982,-0.8683333333333323,-0.5383333333333375,-0.7650000000000041
1959-09-01,-0.6163333333333298,-0.7313333333333283,-0.5613333333333443,-0.7986666666666622
1959-10-01,-0.3019999999999996,-0.44133333333333624,-0.44066666666666876,-0.47633333333333994
1959-11-01,0.1006666666666689,-0.5330000000000013,-0.657,-0.6626666666666701
1959-12-01,-0.23733333333333562,-0.4796666666666667,-0.5093333333333305,-0.4190000000000005
1960-01-01,-0.33533333333333815,-0.34866666666666646,-0.6990000000000016,-0.27433333333333465
1960-02-01,-0.4196666666666715,-0.47499999999999787,-0.7573333333333352,-0.46233333333333704
1960-03-01,-0.24800000000000466,-0.33366666666666234,-0.5710000000000051,-0.3030000000000044
1960-04-01,-1.105999999999998,-0.43066666666667075,-0.6170000000000009,-0.32866666666666333
1960-05-01,-1.085333333333331,-0.5413333333333306,-0.49666666666667325,-0.25333333333333385
1960-06-01,-1.4146666666666619,-0.7593333333333341,-0.6390000000000029,-0.48666666666666814
1960-07-01,-1.3189999999999955,-0.5946666666666687,-0.7486666666666615,-0.41333333333333044
1960-08-01,-1.0159999999999982,-0.32833333333333314,-0.7283333333333388,-0.1550000000000047
1960-09-01,-0.2663333333333284,-0.3313333333333297,-0.7113333333333429,-0.2786666666666626
1960-10-01,-0.911999999999999,-0.871333333333336,-0.6006666666666689,-0.4963333333333395
1960-11-01,-0.5993333333333339,-0.9430000000000014,-0.3769999999999989,-0.44266666666666765
1960-12-01,-0.29733333333333434,-0.6596666666666664,-0.12933333333333152,-0.37900000000000134
1961-01-01,-0.07533333333334014,-0.5486666666666657,-0.34900000000000375,-0.3143333333333338
1961-02-01,0.4603333333333275,-0.2049999999999983,-0.4073333333333373,-0.19233333333333746
1961-03-01,-0.7280000000000015,-0.38366666666666305,-0.5310000000000059,-0.3430000000000035
1961-04-01,-0.7859999999999978,-0.2706666666666706,-0.7170000000000023,-0.45866666666666234
1961-05-01,-0.9253333333333309,-0.261333333333333,-0.6366666666666738,-0.18333333333333357
1961-06-01,-0.9746666666666641,-0.32933333333333437,-0.5090000000000003,-0.05666666666666487
1961-07-01,-1.5289999999999964,-0.9746666666666712,-0.7086666666666588,-0.4033333333333289
1961-08-01,-1.1459999999999972,-1.0283333333333324,-0.8683333333333358,-0.6650000000000027
1961-09-01,-1.1363333333333294,-1.3813333333333304,-0.7013333333333449,-0.9386666666666628
1961-10-01,-1.0519999999999996,-1.291333333333334,-0.9306666666666707,-1.0063333333333375
1961-11-01,-0.6693333333333342,-0.8230000000000004,-0.6069999999999993,-0.6326666666666689
1961-12-01,-0.8873333333333342,-0.6496666666666684,-0.5393333333333317,-0.6290000000000013
1962-01-01,-0.7353333333333403,-0.5686666666666653,-0.669000000000004,-0.5843333333333334
1962-02-01,-0.7296666666666702,-0.4349999999999987,-0.6573333333333373,-0.5623333333333349
1962-03-01,-2.1280000000000037,-0.7336666666666645,-0.5610000000000035,-0.4830000000000041
1962-04-01,-2.3759999999999977,-1.1106666666666705,-0.5870000000000033,-0.6886666666666628
1962-05-01,-1.5153333333333308,-1.0813333333333297,-0.8066666666666755,-0.8833333333333329
1962-06-01,-1.3546666666666631,-0.9493333333333318,-0.5890000000000022,-0.6466666666666683
1962-07-01,-1.3189999999999955,-0.7546666666666688,-0.7686666666666611,-0.5333333333333279
1962-08-01,-0.7659999999999982,-0.4783333333333317,-0.8083333333333371,-0.5250000000000057
1962-09-01,-0.7363333333333308,-0.7913333333333306,-0.8513333333333435,-0.7786666666666626
1962-10-01,-1.1819999999999986,-0.8413333333333348,-0.8206666666666678,-0.7463333333333395
1962-11-01,-0.8793333333333315,-1.123000000000001,-0.7970000000000006,-0.9526666666666692
1962-12-01,-1.097333333333335,-1.1496666666666684,-0.7993333333333332,-0.9289999999999985
1963-01-01,-0.8453333333333397,-0.8086666666666638,-0.8690000000000033,-0.7743333333333347
1963-02-01,-0.8196666666666701,-0.6149999999999984,-0.717333333333336,-0.5323333333333373
1963-03-01,-0.7580000000000027,-0.2936666666666632,-0.34100000000000463,-0.10300000000000509
1963-04-01,-1.2159999999999975,-0.1506666666666696,-0.3370000000000033,-0.03866666666666063
1963-05-01,-0.5653333333333279,-0.28133333333333255,-0.5166666666666764,-0.30333333333333456
1963-06-01,-0.8746666666666627,-0.03933333333333522,-0.6490000000000009,-0.10666666666666558
1963-07-01,-0.34899999999999665,0.4353333333333289,-0.27866666666665907,0.4866666666666717
1963-08-01,0.15400000000000347,0.5616666666666674,0.0016666666666615981,0.6249999999999964
1963-09-01,0.05366666666667186,0.45866666666666944,0.23866666666665637,0.6813333333333347
1963-10-01,-0.06199999999999761,0.42866666666666475,0.2293333333333294,0.6436666666666611
1963-11-01,-0.21933333333333138,0.5569999999999986,0.0030000000000001137,0.7673333333333296
1963-12-01,-0.29733333333333434,0.7503333333333337,0.0006666666666674814,1.0210000000000008
1964-01-01,-0.6453333333333369,0.3613333333333344,0.09099999999999753,0.7956666666666656
1964-02-01,-1.2896666666666725,-0.09499999999999886,-0.14733333333333576,0.3776666666666628
1964-03-01,-1.4080000000000048,-0.48366666666666447,-0.6410000000000053,-0.26300000000000523
1964-04-01,-1.355999999999998,-1.390666666666668,-0.6070000000000029,-0.8686666666666625
1964-05-01,-2.675333333333331,-1.8313333333333297,-0.7066666666666741,-1.1133333333333333
1964-06-01,-1.8846666666666643,-1.629333333333335,-1.029,-1.1366666666666667
1964-07-01,-1.7689999999999948,-1.1146666666666682,-1.108666666666661,-0.9633333333333312
1964-08-01,-1.6659999999999968,-1.5683333333333316,-1.3783333333333374,-1.2550000000000026
1964-09-01,-1.2263333333333293,-1.1613333333333316,-1.711333333333343,-1.3986666666666636
1964-10-01,-1.4420000000000002,-1.2213333333333338,-1.6206666666666685,-1.3463333333333374
1964-11-01,-0.9693333333333314,-1.1829999999999998,-1.7469999999999999,-1.4426666666666677
1964-12-01,-1.3373333333333335,-1.4996666666666663,-1.5993333333333304,-1.3689999999999998
1965-01-01,-0.6953333333333376,-0.9586666666666659,-1.0890000000000022,-0.8843333333333341
1965-02-01,-0.3196666666666701,-0.5449999999999982,-0.7573333333333352,-0.5623333333333349
1965-03-01,-0.008000000000002672,-0.2736666666666636,-0.7510000000000048,-0.3430000000000035
1965-04-01,1.3440000000000012,-0.11066666666667047,-0.9170000000000016,-0.43866666666666276
1965-05-01,1.53466666666667,0.3086666666666673,-0.41666666666667496,0.05666666666666487
1965-06-01,1.2253333333333387,0.47066666666666634,-0.08900000000000219,0.3633333333333333
1965-07-01,1.041000000000004,0.705333333333332,0.011333333333340079,0.6066666666666691
1965-08-01,1.3740000000000023,1.0116666666666667,0.12166666666666259,1.1149999999999949
1965-09-01,0.37366666666667214,1.0786666666666704,0.11866666666665537,1.2913333333333377
1965-10-01,0.3180000000000014,1.1086666666666645,0.5193333333333321,1.4536666666666633
1965-11-01,0.4306666666666672,1.2769999999999975,0.40300000000000225,1.4173333333333318
1965-12-01,0.34266666666666623,1.2203333333333326,0.33066666666666933,1.3610000000000007
1966-01-01,0.3746666666666627,1.031333333333336,0.3809999999999967,1.1256666666666675
1966-02-01,-0.6096666666666728,0.495000000000001,0.4426666666666641,0.7976666666666645
1966-03-01,-1.4680000000000035,-0.023666666666663616,0.7589999999999932,0.926999999999996
1966-04-01,-1.565999999999999,-0.2806666666666686,0.17299999999999827,0.3413333333333384
1966-05-01,-1.725333333333328,-1.0513333333333321,-0.056666666666675525,-0.38333333333333286
1966-06-01,-1.5546666666666624,-0.729333333333333,-0.03900000000000148,-0.086666666666666
1966-07-01,-1.2889999999999944,-0.544666666666668,0.08133333333334036,0.036666666666668846
1966-08-01,-1.1759999999999984,-0.7683333333333309,-0.20833333333333925,-0.37500000000000355
1966-09-01,-0.896333333333331,-0.90133333333333,-0.19133333333334335,-0.4486666666666643
1966-10-01,-0.5819999999999972,-0.741333333333337,-0.08066666666666933,-0.4963333333333395
1966-11-01,-0.9193333333333342,-0.9930000000000021,-0.05699999999999861,-0.4726666666666688
1966-12-01,-0.6273333333333326,-1.0996666666666677,-0.3293333333333308,-0.5689999999999991
1967-01-01,-1.0353333333333374,-0.7286666666666655,-0.7190000000000012,-0.6643333333333352
1967-02-01,-0.5796666666666717,-0.49499999999999744,-0.7873333333333363,-0.6423333333333368
1967-03-01,-1.0480000000000018,-0.9036666666666626,-0.5010000000000048,-0.7830000000000048
1967-04-01,-0.7159999999999975,-1.230666666666668,-0.18700000000000117,-1.0786666666666633
1967-05-01,-0.8153333333333279,-0.6613333333333316,-0.1566666666666734,-0.5833333333333321
1967-06-01,-1.0546666666666624,-0.3793333333333351,-0.3890000000000029,-0.2566666666666677
1967-07-01,-1.0989999999999966,-0.6946666666666701,-0.3786666666666605,-0.3233333333333306
1967-08-01,-1.4959999999999951,-0.9883333333333333,-0.46833333333333727,-0.4150000000000027
1967-09-01,-1.8063333333333276,-1.3913333333333284,-0.5613333333333443,-0.8586666666666645
1967-10-01,-1.7319999999999993,-1.3613333333333344,-0.43066666666667075,-0.7463333333333395
1967-11-01,-1.7793333333333337,-1.213000000000001,-0.3569999999999993,-0.6226666666666709
1967-12-01,-1.847333333333335,-1.2396666666666682,-0.3893333333333331,-0.6490000000000009
1968-01-01,-1.6153333333333393,-1.3986666666666636,-0.4590000000000032,-0.854333333333333
1968-02-01,-1.399666666666672,-1.5749999999999993,-0.46733333333333604,-1.0723333333333365
1968-03-01,-1.578000000000003,-1.4436666666666618,-0.5710000000000051,-0.9530000000000065
1968-04-01,-1.7659999999999982,-1.090666666666671,-0.45700000000000074,-0.7186666666666603
1968-05-01,-2.0253333333333288,-1.2113333333333323,-0.5966666666666747,-0.7433333333333323
1968-06-01,-1.6146666666666611,-0.42933333333333223,-0.08900000000000219,0.15333333333333243
1968-07-01,-0.8089999999999975,0.07533333333332948,-0.34866666666665935,0.28666666666666885
1968-08-01,-0.2559999999999967,0.03166666666666629,-0.20833333333333925,0.15499999999999758
1968-09-01,0.32366666666667143,-0.0813333333333297,-0.19133333333334335,0.0013333333333349628
1968-10-01,-0.15199999999999747,-0.021333333333334537,-0.07066666666666777,0.03366666666666163
1968-11-01,-0.09933333333333394,0.046999999999997044,0.40300000000000225,0.4973333333333301
1968-12-01,0.15266666666666495,0.3903333333333343,0.6206666666666685,0.6709999999999994
1969-01-01,-0.20533333333333914,0.45133333333333425,0.9209999999999958,0.9556666666666658
1969-02-01,-0.7496666666666698,0.3150000000000013,1.0826666666666647,1.1076666666666632
1969-03-01,0.3419999999999952,0.21633333333333837,0.6289999999999942,0.5369999999999955
1969-04-01,0.8740000000000023,0.17933333333333223,0.4029999999999987,0.31133333333333724
1969-05-01,1.314666666666671,0.45866666666666944,0.33333333333332504,0.3566666666666656
1969-06-01,0.9653333333333372,0.2306666666666679,-0.03900000000000148,-0.03666666666666529
1969-07-01,0.28100000000000236,-0.09466666666666868,-0.16866666666665964,-0.21333333333333115
1969-08-01,-0.12599999999999767,0.24166666666666714,0.13166666666666416,0.1649999999999956
1969-09-01,0.02366666666667072,0.45866666666666944,0.3986666666666565,0.4313333333333347
1969-10-01,0.5980000000000025,0.5386666666666642,0.5593333333333312,0.6236666666666615
1969-11-01,0.5706666666666678,0.5169999999999995,0.4930000000000021,0.3973333333333322
1969-12-01,0.5826666666666647,0.6403333333333343,0.39066666666666805,0.3810000000000002
1970-01-01,0.3946666666666623,0.4213333333333331,0.21099999999999852,0.28566666666666407
1970-02-01,-0.37966666666667237,0.005000000000002558,0.29266666666666197,0.1976666666666631
1970-03-01,-1.2580000000000027,-0.37366666666666504,0.008999999999993236,-0.14300000000000423
1970-04-01,-0.9859999999999971,-0.5406666666666702,-0.04700000000000415,-0.07866666666666333
1970-05-01,-1.7853333333333303,-0.9813333333333318,-0.09666666666667467,-0.30333333333333456
1970-06-01,-2.0046666666666617,-1.4593333333333334,-0.3490000000000002,-0.6866666666666674
1970-07-01,-2.508999999999997,-1.9346666666666685,-0.4586666666666588,-1.0833333333333286
1970-08-01,-1.8459999999999965,-1.7383333333333333,-0.898333333333337,-1.2550000000000026
1970-09-01,-1.4363333333333301,-1.271333333333331,-1.111333333333345,-1.0686666666666653
1970-10-01,-1.1419999999999995,-1.2713333333333345,-1.1706666666666692,-1.116333333333337
1970-11-01,-1.1793333333333322,-1.4830000000000005,-1.126999999999999,-1.132666666666669
1970-12-01,-1.1573333333333338,-1.3196666666666665,-1.4993333333333325,-1.3290000000000006
1971-01-01,-1.4353333333333396,-1.5786666666666669,-1.669000000000004,-1.7343333333333355
1971-02-01,-1.6796666666666695,-1.5649999999999977,-1.3873333333333377,-1.5723333333333365
1971-03-01,-1.458000000000002,-1.3036666666666648,-1.3110000000000035,-1.363000000000003
1971-04-01,-0.6659999999999968,-1.0406666666666702,-1.1670000000000016,-1.1886666666666628
1971-05-01,-1.2353333333333296,-1.1213333333333324,-1.0666666666666735,-0.9833333333333343
1971-06-01,-1.5446666666666644,-1.2393333333333345,-1.139000000000003,-1.1266666666666652
1971-07-01,-1.0289999999999964,-1.1246666666666698,-1.2086666666666588,-1.1633333333333304
1971-08-01,-1.235999999999997,-1.3283333333333331,-1.2483333333333384,-1.105000000000004
1971-09-01,-1.2163333333333277,-1.0413333333333306,-1.461333333333343,-0.998666666666665
1971-10-01,-1.3019999999999996,-1.3313333333333368,-1.3206666666666678,-1.2463333333333395
1971-11-01,-0.7693333333333321,-1.3130000000000024,-0.9869999999999983,-1.1426666666666705
1971-12-01,-0.9973333333333336,-1.4796666666666667,-0.6793333333333322,-1.2289999999999992
1972-01-01,-0.3753333333333373,-0.7286666666666655,-0.6890000000000036,-0.9243333333333332
1972-02-01,0.4503333333333295,-0.5249999999999986,-0.3073333333333359,-0.4523333333333355
1972-03-01,0.5819999999999972,-0.2936666666666632,-0.16100000000000492,-0.19300000000000495
1972-04-01,0.6340000000000039,-0.0006666666666710341,0.11299999999999599,0.0713333333333388
1972-05-01,0.7146666666666697,0.20866666666666944,0.11333333333332618,0.3866666666666667
1972-06-01,1.7753333333333359,0.6106666666666669,0.10099999999999909,0.45333333333333314
1972-07-01,2.0310000000000024,1.205333333333332,0.13133333333334107,0.8466666666666711
1972-08-01,2.3740000000000023,1.6216666666666661,-0.03833333333333755,1.0949999999999953
1972-09-01,1.2336666666666716,1.4286666666666683,0.10866666666665736,1.2313333333333354
1972-10-01,1.3780000000000001,1.7386666666666635,0.3993333333333311,1.5436666666666632
1972-11-01,1.3706666666666685,1.9869999999999983,0.5330000000000013,1.9073333333333302
1972-12-01,2.0026666666666664,2.240333333333332,0.6706666666666692,2.091000000000001
1973-01-01,1.2646666666666597,1.781333333333336,0.6709999999999958,1.7956666666666656
1973-02-01,0.16033333333333033,0.7950000000000017,0.3926666666666634,1.197666666666663
1973-03-01,-0.578000000000003,0.08633333333333582,0.008999999999993236,0.2669999999999959
1973-04-01,-1.105999999999998,-0.8306666666666693,-0.37700000000000244,-0.5786666666666633
1973-05-01,-1.3653333333333286,-1.3213333333333317,-0.43666666666667453,-0.9733333333333327
1973-06-01,-1.6146666666666611,-1.4093333333333327,-0.8190000000000026,-1.1766666666666659
1973-07-01,-1.2289999999999957,-1.654666666666671,-1.0486666666666586,-1.5333333333333279
1973-08-01,-1.615999999999996,-1.6183333333333323,-1.3483333333333363,-1.6350000000000051
1973-09-01,-1.3063333333333276,-1.521333333333331,-1.491333333333344,-1.6586666666666652
1973-10-01,-1.0919999999999987,-1.6913333333333362,-1.6506666666666696,-1.986333333333338
1973-11-01,-1.1193333333333335,-1.8230000000000004,-1.9269999999999996,-2.372666666666671
1973-12-01,-1.1473333333333322,-1.8596666666666657,-2.0393333333333317,-2.269000000000002
1974-01-01,-1.3553333333333377,-1.7986666666666657,-2.019000000000002,-2.0843333333333334
1974-02-01,-1.3796666666666724,-1.3349999999999973,-1.4773333333333376,-1.6523333333333348
1974-03-01,-0.8380000000000045,-0.9636666666666649,-1.1510000000000034,-1.443000000000005
1974-04-01,-0.39599999999999724,-0.8106666666666698,-1.1970000000000027,-1.358666666666661
1974-05-01,-0.20533333333332848,-0.891333333333332,-1.1466666666666754,-1.293333333333333
1974-06-01,-0.7746666666666613,-0.8393333333333324,-1.0790000000000006,-1.1966666666666654
1974-07-01,-0.5789999999999971,-0.5846666666666707,-1.1586666666666616,-0.9033333333333289
1974-08-01,-0.4659999999999975,-0.39833333333333343,-0.8183333333333387,-0.5250000000000057
1974-09-01,-0.6363333333333294,-0.6313333333333304,-1.0513333333333428,-0.6386666666666656
1974-10-01,-1.2119999999999997,-1.031333333333336,-1.230666666666668,-0.9363333333333372
1974-11-01,-1.009333333333334,-1.1030000000000015,-1.1469999999999985,-1.0926666666666698
1974-12-01,-1.4673333333333325,-1.0396666666666654,-1.11933333333333,-0.9690000000000012
1975-01-01,-1.1553333333333384,-0.5386666666666642,-0.7090000000000032,-0.45433333333333437
1975-02-01,-1.1796666666666695,-0.8449999999999989,-0.5473333333333379,-0.6823333333333359
1975-03-01,-0.32800000000000296,-0.8636666666666635,-0.8610000000000042,-1.0930000000000035
1975-04-01,-0.005999999999996675,-0.5706666666666678,-0.9970000000000034,-0.9586666666666623
1975-05-01,-0.96533333333333,-1.0913333333333313,-1.1466666666666754,-1.1333333333333329
1975-06-01,-1.4246666666666634,-1.3993333333333347,-1.429000000000002,-1.4966666666666661
1975-07-01,-0.9289999999999949,-1.19466666666667,-1.528666666666659,-1.3933333333333309
1975-08-01,-0.945999999999998,-1.0783333333333331,-1.7583333333333364,-1.5250000000000057
1975-09-01,-1.5663333333333291,-1.40133333333333,-2.051333333333343,-1.6686666666666632
1975-10-01,-1.9819999999999993,-1.6113333333333344,-2.2106666666666683,-1.8263333333333378
1975-11-01,-2.2493333333333325,-1.4329999999999998,-2.117000000000001,-1.6526666666666685
1975-12-01,-1.8873333333333342,-1.8196666666666665,-2.149333333333331,-1.9289999999999985
1976-01-01,-1.1153333333333393,-1.8986666666666636,-1.7390000000000043,-2.004333333333335
1976-02-01,-0.6396666666666704,-1.1049999999999969,-1.307333333333336,-1.2623333333333377
1976-03-01,-0.5280000000000022,-0.6736666666666622,-0.9810000000000052,-0.823000000000004
1976-04-01,0.16400000000000148,-0.6606666666666676,-0.8270000000000017,-0.9386666666666628
1976-05-01,0.7046666666666717,-0.34133333333333127,-0.7666666666666764,-0.7333333333333343
1976-06-01,1.3753333333333373,0.32066666666666777,-0.7590000000000003,-0.37666666666666515
1976-07-01,1.6110000000000042,0.4353333333333289,-0.7186666666666603,-0.16333333333333044
1976-08-01,1.2540000000000049,0.7516666666666687,-0.6183333333333358,0.12499999999999645
1976-09-01,0.8236666666666714,0.8186666666666689,-0.5013333333333421,0.3013333333333357
1976-10-01,0.4980000000000011,0.9086666666666652,-0.03066666666666862,0.7436666666666625
1976-11-01,0.4906666666666659,0.7769999999999975,0.08300000000000196,0.7073333333333309
1976-12-01,0.3826666666666654,0.6603333333333339,-0.24933333333333252,0.49099999999999966
1977-01-01,0.23466666666666214,0.881333333333334,-0.09900000000000375,0.7756666666666661
1977-02-01,-0.37966666666667237,0.5550000000000033,-0.14733333333333576,0.3776666666666628
1977-03-01,-0.4680000000000035,0.21633333333333837,-0.2310000000000052,0.18699999999999406
1977-04-01,-0.5859999999999985,-0.640666666666668,-0.23700000000000188,-0.3786666666666605
1977-05-01,-0.9253333333333309,-0.3813333333333304,-0.35666666666667624,-0.2133333333333347
1977-06-01,-0.6046666666666631,-0.1893333333333338,-0.16900000000000048,0.013333333333331865
1977-07-01,-0.4989999999999952,-0.23466666666666924,-0.058666666666660205,0.08666666666666956
1977-08-01,-0.9059999999999953,-0.38833333333333186,-0.0783333333333367,-0.005000000000002558
1977-09-01,-1.1163333333333298,-0.031333333333328994,0.18866666666665566,0.4013333333333371
1977-10-01,-0.4819999999999993,0.2686666666666646,0.2793333333333301,0.633666666666663
1977-11-01,-0.4693333333333314,0.19699999999999918,0.3230000000000004,0.48733333333333206
1977-12-01,-0.5573333333333323,0.25033333333333374,0.4106666666666676,0.690999999999999
1978-01-01,-0.41533333333334,0.13133333333333397,0.40099999999999625,0.6256666666666675
1978-02-01,-0.39966666666667194,0.005000000000002558,0.1926666666666641,0.24766666666666382
1978-03-01,-1.208000000000002,-0.45366666666666333,-0.14100000000000534,-0.19300000000000495
1978-04-01,-0.7759999999999962,-0.9406666666666688,-0.5870000000000033,-0.6986666666666608
1978-05-01,-1.2453333333333276,-1.15133333333333,-0.3966666666666754,-0.7333333333333343
1978-06-01,-1.1846666666666614,-0.9693333333333349,-0.559000000000001,-0.706666666666667
1978-07-01,-0.9389999999999965,-0.8546666666666702,-0.6186666666666589,-0.553333333333331
1978-08-01,-1.3759999999999977,-1.0183333333333309,-0.5883333333333383,-0.7850000000000037
1978-09-01,-0.8863333333333294,-0.7213333333333303,-0.4813333333333425,-0.7086666666666623
1978-10-01,-0.9619999999999997,-0.4113333333333351,-0.5606666666666698,-0.4663333333333384
1978-11-01,-0.04933333333333323,-0.3130000000000024,-0.38700000000000045,-0.3726666666666709
1978-12-01,0.08266666666666467,0.010333333333331751,-0.16933333333333067,-0.05900000000000105
1979-01-01,0.1546666666666603,-0.3186666666666653,0.04099999999999682,-0.13433333333333408
1979-02-01,-0.5796666666666717,-0.2849999999999966,-0.10733333333333661,-0.22233333333333505
1979-03-01,-0.578000000000003,-0.05366666666666475,-0.02100000000000435,-0.01300000000000523
1979-04-01,0.15400000000000347,0.06933333333332925,-0.027000000000001023,0.011333333333336526
1979-05-01,-0.1253333333333302,-0.05133333333333212,-0.17666666666667652,-0.2433333333333323
1979-06-01,0.15533333333333843,-0.14933333333333465,-0.23900000000000077,-0.29666666666666686
1979-07-01,-0.2589999999999968,-0.3146666666666711,-0.19866666666666077,-0.47333333333332916
1979-08-01,-0.0659999999999954,0.1316666666666677,-0.4483333333333377,-0.10500000000000398
1979-09-01,0.4236666666666693,0.5786666666666704,-0.29133333333334477,0.27133333333333454
1979-10-01,0.4380000000000024,0.4386666666666663,-0.18066666666667075,0.11366666666665992
1979-11-01,0.14066666666666805,0.39699999999999847,0.11299999999999955,0.2873333333333292
1979-12-01,-0.08733333333333348,0.43033333333333346,0.29066666666666663,0.5109999999999992
1980-01-01,-0.2453333333333383,0.38133333333333397,0.37099999999999866,0.5356666666666641
1980-02-01,-0.4196666666666715,0.035000000000003695,0.36266666666666225,0.21766666666666268
1980-03-01,-0.008000000000002672,-0.1736666666666622,0.1889999999999965,0.026999999999993918
1980-04-01,0.004000000000001336,-0.20066666666667032,0.13299999999999912,-0.06866666666666177
1980-05-01,-0.4353333333333289,-0.15133333333333,0.26333333333332476,0.07666666666666799
1980-06-01,-0.36466666666666114,0.08066666666666578,0.1609999999999978,0.2133333333333347
1980-07-01,-0.8389999999999951,-0.23466666666666924,0.021333333333341642,-0.06333333333332902
1980-08-01,-0.4859999999999971,-0.33833333333333115,-0.28833333333333755,-0.37500000000000355
1980-09-01,-0.29633333333332956,-0.18133333333333113,-0.2713333333333452,-0.2786666666666626
1980-10-01,-0.5019999999999989,-0.42133333333333667,-0.020666666666670608,-0.2563333333333375
1980-11-01,-0.4193333333333342,-0.10300000000000153,-0.01699999999999946,-0.1026666666666678
1980-12-01,-0.40733333333333377,0.0003333333333337407,-0.029333333333330103,0.05099999999999838
1981-01-01,-1.5053333333333399,-0.7086666666666659,-0.12900000000000134,-0.3643333333333345
1981-02-01,-1.1696666666666715,-0.884999999999998,-0.1773333333333369,-0.6423333333333368
1981-03-01,-0.5480000000000018,-0.5936666666666639,-0.17100000000000648,-0.6430000000000042
1981-04-01,-0.7259999999999991,-0.5206666666666706,-0.517000000000003,-0.5286666666666626
1981-05-01,-0.7653333333333308,-0.5413333333333306,-0.5566666666666755,-0.5733333333333341
1981-06-01,-0.6346666666666643,-0.42933333333333223,-0.5890000000000022,-0.456666666666667
1981-07-01,-0.8889999999999958,-0.5946666666666687,-0.7286666666666584,-0.6433333333333309
1981-08-01,-1.1259999999999977,-0.7383333333333333,-0.7083333333333393,-0.5250000000000057
1981-09-01,-0.7963333333333296,-0.23133333333332828,-0.4013333333333442,-0.18866666666666276
1981-10-01,-0.5819999999999972,-0.18133333333333468,-0.38066666666667004,-0.29633333333333667
1981-11-01,-0.4693333333333314,-0.40300000000000225,-0.3069999999999986,-0.41266666666667007
1981-12-01,-0.1873333333333349,-0.05966666666666498,-0.08933333333333238,-0.19900000000000162
1982-01-01,-0.26533333333333786,0.20133333333333425,-0.029000000000003467,0.12566666666666748
1982-02-01,-0.7896666666666725,-0.004999999999999005,-0.1773333333333369,-0.16233333333333633
1982-03-01,-1.2880000000000038,-0.0936666666666639,0.06899999999999551,0.12699999999999534
1982-04-01,-0.8059999999999974,-0.010666666666669045,0.32299999999999685,0.21133333333333937
1982-05-01,-0.3053333333333299,0.38866666666666916,0.39333333333332376,0.456666666666667
1982-06-01,0.1253333333333373,0.5406666666666666,0.44099999999999895,0.533333333333335
1982-07-01,0.47100000000000364,0.41533333333332934,0.13133333333334107,0.3666666666666707
1982-08-01,0.804000000000002,0.9416666666666664,0.08166666666666345,0.7249999999999943
1982-09-01,1.3036666666666719,1.8886666666666692,0.3286666666666562,1.491333333333337
1982-10-01,1.8079999999999998,2.2986666666666657,0.6793333333333322,1.9936666666666625
1982-11-01,3.020666666666667,2.3969999999999985,0.5730000000000004,1.9173333333333318
1982-12-01,3.152666666666665,2.8503333333333316,0.510666666666669,2.2010000000000005
1983-01-01,2.6446666666666623,3.001333333333335,0.39099999999999824,2.3456666666666663
1983-02-01,2.0303333333333278,2.3050000000000033,0.3226666666666631,1.937666666666665
1983-03-01,2.2319999999999958,1.6863333333333372,0.22899999999999565,1.3769999999999953
1983-04-01,3.3240000000000016,1.5493333333333297,0.04299999999999926,0.9513333333333378
1983-05-01,3.8446666666666722,1.728666666666669,0.16333333333332334,0.9066666666666663
1983-06-01,4.235333333333337,1.520666666666667,0.0009999999999976694,0.543333333333333
1983-07-01,3.8010000000000055,0.8053333333333299,-0.26866666666666106,-0.11333333333332973
1983-08-01,2.924000000000003,0.6516666666666673,-0.398333333333337,-0.2650000000000041
1983-09-01,1.3736666666666721,0.12866666666667115,-0.7813333333333432,-0.5186666666666646
1983-10-01,0.9780000000000015,-0.6113333333333344,-0.890666666666668,-1.1563333333333397
1983-11-01,0.39066666666666805,-1.0330000000000013,-1.0169999999999995,-1.292666666666669
1983-12-01,0.21266666666666723,-0.8396666666666661,-0.8293333333333308,-1.029
1984-01-01,-0.38533333333333886,-0.5786666666666669,-0.8290000000000042,-0.6643333333333352
1984-02-01,-0.8796666666666724,-0.14499999999999602,-0.717333333333336,-0.19233333333333746
1984-03-01,-0.8680000000000021,-0.23366666666666447,-0.8510000000000062,-0.5130000000000052
1984-04-01,-0.2359999999999971,-0.49066666666666947,-0.8770000000000024,-0.6786666666666612
1984-05-01,-1.1153333333333286,-0.9313333333333311,-0.786666666666676,-0.7333333333333343
1984-06-01,-0.944666666666663,-1.1693333333333342,-0.7789999999999999,-0.8966666666666683
1984-07-01,-0.6289999999999978,-0.7746666666666684,-0.5986666666666594,-0.5033333333333303
1984-08-01,-0.5559999999999974,-0.40833333333333144,-0.6183333333333358,-0.24500000000000455
1984-09-01,-0.06633333333332914,-0.34133333333333127,-0.5413333333333448,-0.3386666666666649
1984-10-01,-0.5119999999999969,-0.6713333333333367,-0.7406666666666695,-0.6763333333333392
1984-11-01,-0.1393333333333331,-0.9930000000000021,-0.907,-1.1826666666666696
1984-12-01,-0.40733333333333377,-1.2696666666666658,-0.9493333333333318,-1.3490000000000002
1985-01-01,-0.7753333333333394,-1.2586666666666666,-0.6390000000000029,-1.1643333333333352
1985-02-01,-1.3796666666666724,-0.9049999999999976,-0.707333333333338,-0.722333333333335
1985-03-01,-0.8880000000000017,-0.7836666666666616,-1.0110000000000063,-0.7830000000000048
1985-04-01,-1.3759999999999977,-1.0506666666666682,-1.147000000000002,-1.1786666666666612
1985-05-01,-1.8853333333333282,-1.0613333333333301,-0.9866666666666752,-1.033333333333335
1985-06-01,-1.2746666666666613,-1.019333333333332,-0.9490000000000016,-0.9166666666666679
1985-07-01,-1.3989999999999974,-1.0946666666666687,-0.7186666666666603,-0.7333333333333307
1985-08-01,-1.2259999999999955,-0.8783333333333339,-0.5783333333333367,-0.5550000000000033
1985-09-01,-0.9863333333333308,-0.8613333333333308,-0.4813333333333425,-0.6986666666666643
1985-10-01,-0.921999999999997,-0.8013333333333357,-0.4006666666666696,-0.48633333333333795
1985-11-01,-0.7993333333333332,-0.703000000000003,-0.34699999999999775,-0.3726666666666709
1985-12-01,-0.3873333333333342,-0.7296666666666667,-0.23933333333333096,-0.4089999999999989
1986-01-01,-0.005333333333339851,-0.7986666666666657,-0.24900000000000233,-0.6543333333333337
1986-02-01,-0.09966666666667123,-0.5249999999999986,-0.23733333333333562,-0.7023333333333355
1986-03-01,-0.7280000000000015,-0.37366666666666504,-0.16100000000000492,-0.4130000000000038
1986-04-01,-0.8559999999999981,-0.38066666666667004,-0.3470000000000013,-0.32866666666666333
1986-05-01,-1.185333333333329,-0.6013333333333328,-0.33666666666667666,-0.533333333333335
1986-06-01,-1.074666666666662,-0.4493333333333318,-0.19900000000000162,-0.30666666666666487
1986-07-01,-0.4889999999999972,-0.13466666666666782,-0.07866666666665978,-0.11333333333332973
1986-08-01,-0.09599999999999653,0.17166666666666686,0.06166666666666387,0.3149999999999977
1986-09-01,0.18366666666667086,0.2986666666666693,0.2186666666666568,0.5213333333333345
1986-10-01,0.2480000000000011,0.5286666666666662,0.2293333333333294,0.8136666666666628
1986-11-01,0.3506666666666689,0.7769999999999975,0.3730000000000011,1.0073333333333316
1986-12-01,0.5926666666666662,0.9203333333333319,0.32066666666666777,1.1209999999999987
1987-01-01,0.9946666666666601,1.0213333333333345,0.3009999999999984,1.1356666666666655
1987-02-01,0.970333333333329,1.1450000000000031,0.5026666666666628,1.1276666666666628
1987-03-01,1.4419999999999966,0.996333333333336,0.4689999999999941,0.9869999999999948
1987-04-01,1.5640000000000036,0.7693333333333321,0.07299999999999685,0.5713333333333388
1987-05-01,1.5146666666666704,0.8886666666666692,0.18333333333332646,0.6266666666666652
1987-06-01,0.9753333333333387,0.8606666666666669,0.4009999999999998,0.923333333333332
1987-07-01,1.0210000000000043,1.1153333333333322,0.48133333333333894,1.2966666666666704
1987-08-01,0.8140000000000036,1.451666666666668,0.5916666666666615,1.5649999999999977
1987-09-01,1.103666666666669,1.6586666666666687,0.7786666666666555,1.6413333333333355
1987-10-01,1.4480000000000004,1.1586666666666652,0.8193333333333293,1.2436666666666625
1987-11-01,1.140666666666668,0.9869999999999983,0.8230000000000004,1.0673333333333304
1987-12-01,0.6626666666666665,1.0003333333333337,0.760666666666669,0.940999999999999
1988-01-01,0.024666666666661285,0.6813333333333347,0.6409999999999982,0.9056666666666651
1988-02-01,-0.3096666666666721,-0.004999999999999005,0.4526666666666621,0.27766666666666495
1988-03-01,-0.8080000000000034,-0.1436666666666646,0.1389999999999958,0.0969999999999942
1988-04-01,-0.8359999999999985,-0.6506666666666696,-0.35700000000000287,-0.43866666666666276
1988-05-01,-1.2653333333333308,-1.5713333333333317,-0.6166666666666742,-1.2533333333333339
1988-06-01,-1.6646666666666619,-2.1793333333333322,-0.8790000000000013,-1.7366666666666681
1988-07-01,-1.3689999999999962,-2.064666666666671,-0.9386666666666592,-1.7333333333333307
1988-08-01,-1.455999999999996,-1.4783333333333317,-0.768333333333338,-1.1950000000000038
1988-09-01,-1.286333333333328,-1.0913333333333313,-0.9213333333333438,-0.998666666666665
1988-10-01,-1.2119999999999997,-1.5513333333333357,-1.640666666666668,-1.896333333333338
1988-11-01,-0.9593333333333334,-1.6630000000000003,-1.7270000000000003,-2.0526666666666706
1988-12-01,-0.7573333333333352,-1.6096666666666657,-1.769333333333332,-1.9690000000000012
1989-01-01,-0.295333333333339,-1.4386666666666663,-1.7190000000000012,-1.964333333333336
1989-02-01,-0.059666666666672086,-0.9649999999999963,-1.5373333333333363,-1.472333333333335
1989-03-01,-0.14800000000000324,-1.013666666666662,-1.161000000000005,-1.2030000000000065
1989-04-01,-0.08599999999999852,-0.8606666666666705,-1.017000000000003,-1.0786666666666633
1989-05-01,-1.2053333333333285,-0.8313333333333297,-0.786666666666676,-0.8733333333333348
1989-06-01,-1.0846666666666636,-0.3193333333333328,-0.9190000000000005,-0.586666666666666
1989-07-01,-0.7889999999999944,-0.4546666666666681,-0.8486666666666594,-0.5733333333333306
1989-08-01,-0.2959999999999958,-0.39833333333333343,-0.768333333333338,-0.5250000000000057
1989-09-01,-0.656333333333329,-0.30133333333332857,-0.5013333333333421,-0.2986666666666622
1989-10-01,-0.4819999999999993,-0.4013333333333371,-0.4506666666666703,-0.3963333333333381
1989-11-01,-0.24933333333333252,-0.593,-0.536999999999999,-0.4526666666666692
1989-12-01,-0.40733333333333377,-0.37966666666666526,-0.11933333333332996,-0.13899999999999935
1990-01-01,-0.4753333333333387,-0.2886666666666642,0.1609999999999978,0.015666666666664497
1990-02-01,-0.15966666666666995,0.015000000000004121,0.3826666666666618,0.20766666666666467
1990-03-01,-0.44800000000000395,-0.2836666666666616,0.30899999999999395,0.04699999999999349
1990-04-01,-0.5159999999999982,-0.09066666666667089,0.12299999999999756,0.08133333333333681
1990-05-01,-0.23533333333332962,0.15866666666666873,-0.06666666666667354,0.086666666666666
1990-06-01,-0.2946666666666644,-0.03933333333333522,-0.04899999999999949,-0.086666666666666
1990-07-01,-0.6589999999999954,0.005333333333329193,0.021333333333341642,0.08666666666666956
1990-08-01,-0.4359999999999964,0.11166666666666814,0.13166666666666416,0.2149999999999963
1990-09-01,-0.48633333333333084,0.11866666666666958,0.2186666666666568,0.22133333333333738
1990-10-01,-0.7119999999999997,-0.14133333333333553,0.38933333333332953,0.21366666666666134
1990-11-01,-0.6593333333333327,-0.20300000000000296,0.5030000000000001,0.1073333333333295
1990-12-01,-0.5073333333333352,-0.0796666666666681,0.6506666666666696,0.3509999999999991
1991-01-01,-0.545333333333339,0.13133333333333397,0.580999999999996,0.4856666666666669
1991-02-01,-0.37966666666667237,0.005000000000002558,0.532666666666664,0.3176666666666641
1991-03-01,-0.20800000000000196,-0.16366666666666418,0.3389999999999951,0.03699999999999548
1991-04-01,-0.2959999999999994,-0.05066666666666819,0.3429999999999964,0.1913333333333398
1991-05-01,-0.3253333333333295,0.23866666666666703,0.46333333333332405,0.2666666666666657
1991-06-01,0.2053333333333356,0.6806666666666672,0.3810000000000002,0.5233333333333334
1991-07-01,0.6010000000000026,0.835333333333331,0.4413333333333398,0.7566666666666713
1991-08-01,0.3640000000000043,0.5116666666666667,0.471666666666664,0.6749999999999972
1991-09-01,0.463666666666672,0.3586666666666716,0.3286666666666562,0.42133333333333667
1991-10-01,0.6480000000000032,0.6086666666666645,0.7093333333333298,0.8636666666666599
1991-11-01,0.7206666666666663,0.9469999999999992,0.6930000000000014,1.1973333333333294
1991-12-01,0.8226666666666667,1.2503333333333337,0.8106666666666698,1.690999999999999
1992-01-01,0.46466666666666256,1.371333333333336,0.6209999999999987,1.8356666666666648
1992-02-01,0.6103333333333296,1.2650000000000041,0.8826666666666618,1.777666666666665
1992-03-01,1.2419999999999973,1.0563333333333382,0.6389999999999958,1.3769999999999953
1992-04-01,2.184000000000001,1.1693333333333307,0.4629999999999974,1.2013333333333378
1992-05-01,2.2146666666666697,1.1886666666666699,0.31333333333332547,1.0466666666666669
1992-06-01,0.8553333333333377,0.5506666666666682,0.27099999999999724,0.5733333333333341
1992-07-01,-0.06899999999999551,-0.05466666666666953,0.3113333333333408,0.21666666666667211
1992-08-01,-0.13599999999999568,-0.08833333333333115,0.14166666666666217,0.05499999999999616
1992-09-01,0.033666666666672285,-0.0713333333333317,0.0986666666666558,-0.06866666666666532
1992-10-01,-0.0019999999999988916,-0.3413333333333348,-0.0006666666666674814,-0.29633333333333667
1992-11-01,-0.0693333333333328,-0.46300000000000097,-0.006999999999997897,-0.2826666666666675
1992-12-01,-0.10733333333333306,-0.3596666666666657,0.07066666666666777,-0.15899999999999892
1993-01-01,-0.015333333333337862,-0.10866666666666447,0.22099999999999653,0.14566666666666706
1993-02-01,0.30033333333332735,0.3950000000000031,0.10266666666666424,0.40766666666666396
1993-03-01,0.6019999999999968,0.4063333333333361,0.048999999999995936,0.3869999999999969
1993-04-01,1.2540000000000013,0.8393333333333324,0.0329999999999977,0.5913333333333384
1993-05-01,1.154666666666671,1.0786666666666669,0.06333333333332547,0.7766666666666673
1993-06-01,1.0353333333333374,0.4406666666666652,0.04100000000000037,0.3533333333333317
1993-07-01,0.7010000000000041,0.24533333333333118,0.0713333333333388,0.22666666666667012
1993-08-01,0.5640000000000036,0.24166666666666714,0.13166666666666416,0.13499999999999446
1993-09-01,0.38366666666667015,0.3186666666666689,0.2986666666666551,0.3513333333333364
1993-10-01,0.5480000000000018,0.12866666666666404,0.019333333333332092,0.0536666666666612
1993-11-01,0.3006666666666682,-0.013000000000001677,0.09299999999999997,0.0073333333333316375
1993-12-01,0.012666666666664383,0.08033333333333204,0.1806666666666672,0.16100000000000136
1994-01-01,-0.09533333333333971,0.20133333333333425,0.1109999999999971,0.09566666666666634
1994-02-01,-0.32966666666667166,-0.07499999999999929,-0.0573333333333359,0.057666666666662536
1994-03-01,-1.0080000000000027,-0.3536666666666619,0.048999999999995936,0.10699999999999577
1994-04-01,-1.2659999999999982,-0.38066666666667004,0.11299999999999599,0.2613333333333365
1994-05-01,-1.05533333333333,-0.10133333333333283,0.2233333333333256,0.30666666666666487
1994-06-01,-0.9146666666666619,-0.05933333333333479,0.26099999999999923,0.3133333333333326
1994-07-01,-0.8689999999999962,-0.2746666666666684,0.5013333333333385,0.2466666666666697
1994-08-01,-1.0259999999999962,-0.25833333333333286,0.7116666666666625,0.524999999999995
1994-09-01,-0.14633333333333098,-0.05133333333332857,0.5386666666666571,0.4813333333333354
1994-10-01,0.7880000000000003,0.5186666666666646,0.6893333333333302,0.7536666666666605
1994-11-01,0.6006666666666689,0.8869999999999969,0.7430000000000021,1.1073333333333295
1994-12-01,0.8526666666666678,0.820333333333334,0.9206666666666692,1.2510000000000012
1995-01-01,0.7346666666666621,0.7713333333333345,0.7209999999999965,1.025666666666666
1995-02-01,0.10033333333332806,0.44500000000000384,0.7126666666666637,0.7376666666666623
1995-03-01,-0.4880000000000031,-0.023666666666663616,0.7089999999999961,0.4669999999999952
1995-04-01,-1.5459999999999994,-0.4006666666666696,0.5129999999999981,0.28133333333333965
1995-05-01,-1.4153333333333293,-0.7213333333333303,0.39333333333332376,-0.11333333333333329
1995-06-01,-0.9246666666666634,-0.5493333333333332,0.21099999999999852,-0.13666666666666671
1995-07-01,-0.6089999999999947,-0.4446666666666701,0.03133333333333965,-0.21333333333333115
1995-08-01,-0.40599999999999525,-0.9083333333333314,-0.13833333333333897,-0.6250000000000036
1995-09-01,-0.286333333333328,-1.0413333333333306,-0.3513333333333435,-0.8386666666666649
1995-10-01,-0.5619999999999976,-1.001333333333335,-0.4506666666666703,-0.8763333333333385
1995-11-01,-0.28933333333333167,-1.0630000000000024,-0.5869999999999997,-1.1026666666666678
1995-12-01,-0.8573333333333331,-0.9796666666666667,-0.4993333333333325,-0.9490000000000016
1996-01-01,-0.6453333333333369,-0.8086666666666638,-0.4690000000000012,-0.854333333333333
1996-02-01,-0.4396666666666711,-0.6749999999999972,-0.5273333333333348,-0.8623333333333356
1996-03-01,-0.32800000000000296,-0.5336666666666616,-0.40100000000000335,-0.6130000000000031
1996-04-01,-1.9159999999999968,-0.8306666666666693,-0.45700000000000074,-0.46866666666666035
1996-05-01,-1.4453333333333305,-0.7413333333333298,-0.4566666666666741,-0.38333333333333286
1996-06-01,-1.8846666666666643,-0.7593333333333341,-0.47900000000000276,-0.4366666666666674
1996-07-01,-1.2589999999999968,-0.6346666666666678,-0.4486666666666608,-0.44333333333332803
1996-08-01,-0.8659999999999961,-0.428333333333331,-0.3183333333333387,-0.2150000000000034
1996-09-01,-0.646333333333331,-0.49133333333332985,-0.36133333333334505,-0.4486666666666643
1996-10-01,-0.7119999999999997,-0.5913333333333348,-0.31066666666666976,-0.4463333333333388
1996-11-01,-1.099333333333334,-0.6530000000000022,-0.2270000000000003,-0.41266666666667007
1996-12-01,-1.1373333333333342,-1.0096666666666678,-0.18933333333333024,-0.6490000000000009
1997-01-01,-0.9053333333333384,-0.8886666666666656,0.01099999999999568,-0.5343333333333327
1997-02-01,-0.21966666666667223,-0.6749999999999972,0.1926666666666641,-0.3723333333333372
1997-03-01,0.541999999999998,-0.3436666666666639,0.23899999999999366,-0.24300000000000566
1997-04-01,0.9040000000000035,-0.11066666666667047,0.5929999999999964,0.16133333333333866
1997-05-01,2.12466666666667,0.6486666666666672,0.5233333333333263,0.6466666666666647
1997-06-01,2.9953333333333383,1.5106666666666655,0.26099999999999923,1.0933333333333337
1997-07-01,3.631000000000004,2.095333333333329,0.47133333333334093,1.56666666666667
1997-08-01,3.954000000000004,2.5916666666666686,0.5016666666666616,1.894999999999996
1997-09-01,3.963666666666672,2.8386666666666684,0.6786666666666576,2.1313333333333375
1997-10-01,3.668000000000003,3.0786666666666633,0.5793333333333308,2.36366666666666
1997-11-01,4.460666666666668,3.2669999999999995,0.6930000000000014,2.417333333333332
1997-12-01,4.242666666666665,3.3003333333333345,0.5706666666666678,2.2910000000000004
1998-01-01,3.5546666666666624,3.0813333333333333,0.6309999999999967,2.3856666666666655
1998-02-01,2.640333333333327,2.495000000000001,0.5926666666666627,2.027666666666665
1998-03-01,2.7419999999999973,1.9163333333333377,0.29899999999999594,1.3369999999999962
1998-04-01,2.684000000000001,1.6393333333333295,-0.06700000000000372,0.7813333333333397
1998-05-01,2.7246666666666712,1.3886666666666692,-0.2566666666666748,0.576666666666668
1998-06-01,2.2353333333333367,0.3706666666666649,-0.7089999999999996,-0.3866666666666667
1998-07-01,1.411000000000005,-0.3846666666666678,-0.7886666666666606,-0.9933333333333287
1998-08-01,0.9640000000000022,-0.668333333333333,-1.018333333333338,-1.2850000000000037
1998-09-01,0.22366666666667,-0.9513333333333307,-1.0213333333333452,-1.258666666666663
1998-10-01,0.32800000000000296,-0.991333333333337,-1.3406666666666673,-1.4663333333333384
1998-11-01,-0.1493333333333311,-0.8630000000000031,-1.4570000000000007,-1.4626666666666708
1998-12-01,-0.1873333333333349,-1.0996666666666677,-1.479333333333333,-1.689
1999-01-01,-0.7753333333333394,-1.248666666666665,-1.679000000000002,-1.6843333333333348
1999-02-01,-0.5396666666666725,-0.884999999999998,-1.6373333333333377,-1.3223333333333365
1999-03-01,-0.03800000000000381,-0.5236666666666636,-1.3410000000000046,-0.9530000000000065
1999-04-01,-0.8959999999999972,-0.8706666666666685,-1.2170000000000023,-1.1186666666666625
1999-05-01,-0.6853333333333289,-0.8013333333333321,-1.0266666666666744,-1.1433333333333344
1999-06-01,-0.7646666666666633,-0.8993333333333347,-1.0090000000000003,-1.1966666666666654
1999-07-01,-0.22899999999999565,-0.7546666666666688,-1.14866666666666,-1.1633333333333304
1999-08-01,-0.1159999999999961,-0.8383333333333312,-1.0983333333333363,-1.225000000000005
1999-09-01,-1.0563333333333276,-1.1113333333333308,-0.9713333333333445,-1.088666666666665
1999-10-01,-0.8719999999999999,-1.381333333333334,-0.9706666666666699,-1.236333333333338
1999-11-01,-1.229333333333333,-1.5030000000000001,-1.2769999999999975,-1.5826666666666682
1999-12-01,-0.6473333333333322,-1.549666666666667,-1.359333333333332,-1.7390000000000008
2000-01-01,-0.7553333333333399,-1.6586666666666652,-1.3290000000000042,-1.764333333333333
2000-02-01,-0.6196666666666708,-1.134999999999998,-1.467333333333336,-1.5423333333333353
2000-03-01,-0.4680000000000035,-0.503666666666664,-1.4310000000000045,-0.9830000000000041
2000-04-01,-0.03599999999999781,-0.1706666666666692,-1.4270000000000032,-0.8686666666666625
2000-05-01,-0.39533333333332976,-0.3713333333333324,-1.286666666666676,-0.8633333333333333
2000-06-01,-0.3746666666666627,-0.5893333333333324,-0.9090000000000025,-0.7866666666666653
2000-07-01,-0.27899999999999636,-0.6246666666666698,-0.7286666666666584,-0.6633333333333304
2000-08-01,-0.5659999999999954,-0.4783333333333317,-0.6283333333333374,-0.485000000000003
2000-09-01,-0.22633333333332928,-0.31133333333333013,-0.49133333333334406,-0.5186666666666646
2000-10-01,-0.28200000000000003,-0.501333333333335,-0.6506666666666696,-0.6963333333333388
2000-11-01,-1.1993333333333318,-0.703000000000003,-0.7769999999999975,-0.7826666666666675
2000-12-01,-0.9673333333333325,-0.6596666666666664,-0.9493333333333318,-0.9190000000000005
2001-01-01,-0.6253333333333373,-0.41866666666666674,-0.8890000000000029,-0.7343333333333355
2001-02-01,-0.47966666666667024,-0.2849999999999966,-0.8273333333333355,-0.6323333333333352
2001-03-01,0.17199999999999704,-0.0036666666666640424,-0.7110000000000056,-0.4830000000000041
2001-04-01,0.18400000000000105,-0.12066666666666848,-0.5870000000000033,-0.4886666666666635
2001-05-01,-0.7053333333333285,-0.14133333333333198,-0.3866666666666738,-0.33333333333333215
2001-06-01,-0.8446666666666616,-0.27933333333333366,-0.17900000000000205,-0.18666666666666742
2001-07-01,-0.5789999999999971,-0.2746666666666684,0.08133333333334036,-0.04333333333332945
2001-08-01,-0.8459999999999965,-0.2183333333333337,0.05166666666666231,-0.05500000000000327
2001-09-01,-1.1263333333333279,-0.5913333333333313,0.20866666666665523,-0.19866666666666433
2001-10-01,-1.1419999999999995,-0.4313333333333347,0.18933333333333024,-0.1463333333333381
2001-11-01,-0.8893333333333331,-0.6829999999999998,0.08300000000000196,-0.3726666666666709
2001-12-01,-1.0273333333333348,-0.6196666666666673,0.12066666666666848,-0.4089999999999989
2002-01-01,-0.7753333333333394,-0.4886666666666635,0.40099999999999625,-0.15433333333333366
2002-02-01,-0.0696666666666701,-0.24499999999999744,0.4626666666666637,-0.04233333333333533
2002-03-01,0.7619999999999969,0.1463333333333381,0.24899999999999523,0.006999999999994344
2002-04-01,0.8140000000000036,-0.0006666666666710341,0.4029999999999987,0.02133333333333809
2002-05-01,0.6246666666666698,0.25866666666667015,0.6033333333333246,0.30666666666666487
2002-06-01,0.38533333333333886,0.5706666666666678,0.6409999999999982,0.7133333333333347
2002-07-01,-0.23899999999999721,0.38533333333333175,0.6213333333333395,0.7366666666666717
2002-08-01,-0.26599999999999824,0.5116666666666667,0.6416666666666622,0.8649999999999949
2002-09-01,0.20366666666667044,0.8586666666666716,0.6086666666666574,1.0913333333333348
2002-10-01,0.3680000000000021,0.9886666666666635,0.6493333333333311,1.2436666666666625
2002-11-01,0.9706666666666663,1.296999999999997,0.8530000000000015,1.4673333333333325
2002-12-01,1.0926666666666662,1.2103333333333346,0.8406666666666673,1.3709999999999987
2003-01-01,0.1246666666666627,0.5713333333333352,0.570999999999998,0.6056666666666644
2003-02-01,-0.1196666666666708,0.4350000000000023,0.6826666666666625,0.6376666666666644
2003-03-01,-0.06800000000000139,0.18633333333333724,0.5989999999999966,0.3669999999999938
2003-04-01,-0.5559999999999974,-0.44066666666666876,0.3329999999999984,-0.13866666666666205
2003-05-01,-1.6453333333333298,-0.9613333333333323,-0.056666666666675525,-0.6133333333333333
2003-06-01,-1.3546666666666631,-0.5893333333333324,0.10099999999999909,-0.2866666666666653
2003-07-01,-1.0089999999999968,0.11533333333333218,0.18133333333333823,0.20666666666667055
2003-08-01,0.014000000000002899,0.2616666666666667,0.19166666666666288,0.25499999999999545
2003-09-01,-0.44633333333332814,0.14866666666667072,0.17866666666665765,0.27133333333333454
2003-10-01,0.22800000000000153,0.3986666666666636,0.35933333333333195,0.4236666666666622
2003-11-01,0.2806666666666686,0.6469999999999985,0.3730000000000011,0.33733333333332993
2003-12-01,0.21266666666666723,0.7703333333333333,0.4306666666666672,0.43100000000000094
2004-01-01,-0.20533333333333914,0.4213333333333331,0.4309999999999974,0.2656666666666645
2004-02-01,-0.0696666666666701,0.2950000000000017,0.3726666666666638,0.22766666666666424
2004-03-01,-0.7380000000000031,0.13633333333333653,0.09899999999999665,0.11699999999999378
2004-04-01,-0.575999999999997,-0.060666666666669755,0.08299999999999841,0.0713333333333388
2004-05-01,-1.595333333333329,-0.4513333333333307,0.10333333333332462,0.06666666666666643
2004-06-01,-1.074666666666662,-0.2693333333333321,0.22100000000000009,0.13333333333333286
2004-07-01,-0.7789999999999964,-0.02466666666666839,0.4213333333333402,0.4866666666666717
2004-08-01,-0.7459999999999951,0.24166666666666714,0.5516666666666623,0.764999999999997
2004-09-01,-0.2663333333333284,0.44866666666667143,0.6886666666666557,0.8113333333333372
2004-10-01,0.13800000000000168,0.5386666666666642,0.6993333333333318,0.7236666666666629
2004-11-01,0.7106666666666683,0.6269999999999989,0.7530000000000001,0.6573333333333302
2004-12-01,0.3626666666666658,0.6803333333333335,0.8706666666666685,0.7409999999999997
2005-01-01,-0.025333333333339425,0.32133333333333525,0.8809999999999967,0.6656666666666666
2005-02-01,-0.9396666666666711,-0.09499999999999886,0.6726666666666645,0.35766666666666325
2005-03-01,-1.458000000000002,-0.06366666666666276,0.6089999999999947,0.4469999999999956
2005-04-01,-0.4159999999999968,-0.05066666666666819,0.42299999999999827,0.2613333333333365
2005-05-01,-0.3753333333333302,0.15866666666666873,0.2933333333333259,0.30666666666666487
2005-06-01,-0.7746666666666613,0.0606666666666662,0.17099999999999937,0.043333333333333
2005-07-01,-0.34899999999999665,0.10533333333333061,-0.10866666666666092,-0.23333333333333073
2005-08-01,-0.39599999999999724,0.18166666666666842,-0.05833333333333712,-0.05500000000000327
2005-09-01,-0.7363333333333308,-0.0813333333333297,0.028666666666655516,-0.038666666666664185
2005-10-01,-1.2719999999999985,-0.3413333333333348,0.08933333333333238,-0.0663333333333398
2005-11-01,-1.4293333333333322,-1.1330000000000027,-0.14699999999999847,-0.5926666666666698
2005-12-01,-0.9273333333333333,-1.2296666666666667,-0.25933333333333053,-0.9190000000000005
2006-01-01,-0.3753333333333373,-0.8086666666666638,-0.49900000000000233,-0.9143333333333352
2006-02-01,0.22033333333332905,-0.34499999999999886,-0.6773333333333369,-0.6723333333333379
2006-03-01,-0.2880000000000038,-0.5536666666666648,-0.5910000000000046,-0.7130000000000045
2006-04-01,-1.4959999999999987,-0.4206666666666692,-0.3370000000000033,-0.31866666666666177
2006-05-01,-0.5553333333333299,-0.0813333333333297,-0.056666666666675525,-0.08333333333333215
2006-06-01,-0.21466666666666256,-0.009333333333334082,0.06099999999999994,0.0033333333333338544
2006-07-01,0.20100000000000406,0.015333333333330756,0.20133333333334136,0.0066666666666712615
2006-08-01,0.7040000000000042,0.39166666666666927,0.4216666666666633,0.30499999999999616
2006-09-01,0.97366666666667,0.8286666666666704,0.638666666666655,0.6013333333333364
2006-10-01,1.0480000000000018,0.878666666666664,0.6893333333333302,0.6936666666666618
2006-11-01,0.7906666666666666,0.9969999999999999,0.9230000000000018,0.9873333333333321
2006-12-01,0.7026666666666657,1.1403333333333343,0.9206666666666692,1.1409999999999982
2007-01-01,0.6646666666666619,0.871333333333336,0.6509999999999962,0.6956666666666642
2007-02-01,0.11033333333332962,0.08500000000000085,0.4626666666666637,0.12766666666666282
2007-03-01,-0.6480000000000032,-0.4036666666666626,0.3389999999999951,-0.18300000000000338
2007-04-01,-1.225999999999999,-0.63066666666667,0.10299999999999798,-0.31866666666666177
2007-05-01,-1.7853333333333303,-0.8813333333333304,-0.0766666666666751,-0.4733333333333327
2007-06-01,-1.6046666666666631,-0.7193333333333349,-0.06900000000000261,-0.3566666666666656
2007-07-01,-0.9789999999999957,-0.9546666666666681,-0.21866666666666035,-0.5833333333333286
2007-08-01,-1.195999999999998,-1.178333333333331,-0.3083333333333371,-0.7150000000000034
2007-09-01,-0.9763333333333293,-1.271333333333331,-0.6513333333333442,-1.1086666666666645
2007-10-01,-1.5219999999999985,-1.4313333333333347,-0.8506666666666689,-1.396333333333338
2007-11-01,-1.739333333333331,-1.623000000000001,-1.0869999999999997,-1.5326666666666675
2007-12-01,-1.6673333333333353,-1.6596666666666664,-1.11933333333333,-1.5889999999999986
2008-01-01,-0.4853333333333403,-1.468666666666664,-1.4490000000000016,-1.6843333333333348
2008-02-01,0.22033333333332905,-1.2449999999999974,-1.5773333333333355,-1.672333333333338
2008-03-01,0.3919999999999959,-0.753666666666664,-1.3510000000000062,-1.2130000000000045
2008-04-01,0.40400000000000347,-0.46066666666666833,-1.1670000000000016,-0.9886666666666635
2008-05-01,0.53466666666667,-0.2513333333333314,-1.1066666666666762,-0.8433333333333337
2008-06-01,0.555333333333337,-0.15933333333333266,-1.0090000000000003,-0.6866666666666674
2008-07-01,0.9910000000000032,0.27533333333332877,-0.8286666666666598,-0.303333333333331
2008-08-01,1.394000000000002,0.5016666666666687,-0.7483333333333384,-0.13500000000000512
2008-09-01,1.0236666666666707,0.2986666666666693,-0.6813333333333453,-0.24866666666666504
2008-10-01,0.34800000000000253,0.0886666666666649,-0.5906666666666673,-0.3463333333333374
2008-11-01,-0.27933333333333366,-0.12300000000000111,-0.7169999999999987,-0.4526666666666692
2008-12-01,-0.4573333333333345,-0.5696666666666665,-0.8093333333333312,-0.8590000000000018
2009-01-01,-0.16533333333334,-0.5086666666666666,-0.9490000000000016,-0.8843333333333341
2009-02-01,-0.6796666666666695,-0.5649999999999977,-0.847333333333335,-0.7923333333333353
2009-03-01,-0.8180000000000014,-0.7136666666666649,-0.5810000000000066,-0.693000000000005
2009-04-01,0.40400000000000347,-0.1706666666666692,-0.25700000000000145,-0.3486666666666629
2009-05-01,0.34466666666667223,0.28866666666666774,-0.016666666666676377,0.05666666666666487
2009-06-01,0.6553333333333384,0.5606666666666662,0.17099999999999937,0.3133333333333326
2009-07-01,0.7510000000000048,0.6853333333333289,0.2913333333333412,0.4866666666666717
2009-08-01,0.8440000000000047,0.8016666666666694,0.4416666666666629,0.5649999999999977
2009-09-01,0.5036666666666711,0.7886666666666713,0.5686666666666547,0.6813333333333347
2009-10-01,0.3180000000000014,0.7786666666666662,0.9193333333333307,0.883666666666663
2009-11-01,0.3306666666666658,1.0769999999999982,1.123000000000001,1.457333333333331
2009-12-01,0.5926666666666662,1.320333333333334,1.1806666666666672,1.7409999999999997
2010-01-01,0.28466666666666285,1.0713333333333352,1.1209999999999987,1.525666666666666
2010-02-01,0.12033333333332763,0.8750000000000036,0.8826666666666618,1.2576666666666654
2010-03-01,0.07199999999999562,0.5563333333333382,0.7489999999999952,0.8969999999999949
2010-04-01,-0.1059999999999981,0.2693333333333321,0.5029999999999966,0.3813333333333375
2010-05-01,0.23466666666666924,-0.17133333333333312,0.0933333333333266,-0.22333333333333272
2010-06-01,0.015333333333337862,-0.7093333333333334,-0.30900000000000105,-0.6866666666666674
2010-07-01,-1.0289999999999964,-1.0146666666666704,-0.7986666666666586,-1.0733333333333306
2010-08-01,-1.3059999999999974,-1.1483333333333334,-1.2483333333333384,-1.3850000000000051
2010-09-01,-1.2263333333333293,-1.2913333333333306,-1.4413333333333433,-1.598666666666663
2010-10-01,-1.291999999999998,-1.4813333333333354,-1.6106666666666705,-1.6863333333333372
2010-11-01,-1.3193333333333328,-1.5130000000000017,-1.5869999999999997,-1.6426666666666705
2010-12-01,-0.9073333333333338,-1.4996666666666663,-1.4493333333333318,-1.5990000000000002
2011-01-01,-0.4853333333333403,-1.2586666666666666,-1.399000000000001,-1.5443333333333342
2011-02-01,-0.15966666666666995,-0.7749999999999986,-1.047333333333338,-1.1123333333333356
2011-03-01,-0.8780000000000037,-0.7336666666666645,-0.8110000000000035,-0.9230000000000054
2011-04-01,-0.19599999999999795,-0.33066666666666933,-0.7370000000000019,-0.7686666666666611
2011-05-01,0.1146666666666718,-0.29133333333333056,-0.5666666666666735,-0.5233333333333334
2011-06-01,0.295333333333339,-0.11933333333333351,-0.5090000000000003,-0.37666666666666515
2011-07-01,0.10100000000000264,-0.1946666666666701,-0.47866666666665836,-0.42333333333332845
2011-08-01,-0.21599999999999753,-0.38833333333333186,-0.6283333333333374,-0.6450000000000031
2011-09-01,-0.7363333333333308,-0.6113333333333308,-0.7613333333333436,-0.7986666666666622
2011-10-01,-0.782,-1.0613333333333337,-0.9006666666666696,-1.0463333333333367
2011-11-01,-0.5693333333333328,-1.123000000000001,-0.8969999999999985,-1.1826666666666696
2011-12-01,-0.6873333333333349,-0.919666666666668,-1.0093333333333305,-1.059000000000001
2012-01-01,-0.18533333333333957,-0.5686666666666653,-1.019000000000002,-0.8743333333333325
2012-02-01,0.3603333333333296,-0.18499999999999872,-0.9073333333333373,-0.6723333333333379
2012-03-01,0.16199999999999548,-0.18366666666666376,-0.7610000000000063,-0.6130000000000031
2012-04-01,0.9040000000000035,-0.020666666666670608,-0.5970000000000013,-0.4986666666666615
2012-05-01,0.8746666666666698,0.08866666666666845,-0.5166666666666764,-0.32333333333333414
2012-06-01,1.0153333333333379,0.4306666666666672,-0.3890000000000029,0.023333333333333428
2012-07-01,0.40100000000000335,0.5653333333333315,-0.2586666666666595,0.2466666666666697
2012-08-01,0.06400000000000361,0.5216666666666683,0.07166666666666188,0.4649999999999963
2012-09-01,0.06366666666666987,0.33866666666666845,0.20866666666665523,0.3813333333333375
2012-10-01,-0.3719999999999999,0.01866666666666461,0.30933333333333124,0.26366666666666205
2012-11-01,-0.4193333333333342,-0.02300000000000324,0.3030000000000008,0.15733333333333022
2012-12-01,-0.8573333333333331,-0.429666666666666,0.060666666666669755,-0.25900000000000034
2013-01-01,-0.675333333333338,-0.6586666666666652,-0.07900000000000418,-0.5343333333333327
2013-02-01,-0.7296666666666702,-0.5649999999999977,-0.1873333333333349,-0.5123333333333377
2013-03-01,-0.6780000000000044,-0.12366666666666504,-0.37100000000000577,-0.25300000000000367
2013-04-01,-1.225999999999999,-0.36066666666667047,-0.267000000000003,-0.24866666666666148
2013-05-01,-1.585333333333331,-0.8213333333333317,-0.22666666666667368,-0.40333333333333243
2013-06-01,-1.9046666666666638,-0.8893333333333331,-0.19900000000000162,-0.42666666666666586
2013-07-01,-1.5989999999999966,-0.7046666666666681,-0.23866666666665992,-0.3833333333333293
2013-08-01,-1.1559999999999953,-0.6483333333333334,-0.17833333333333812,-0.3850000000000051
2013-09-01,-0.77633333333333,-0.3213333333333317,-0.11133333333334505,-0.17866666666666475
2013-10-01,-0.7519999999999989,-0.19133333333333624,-0.04066666666667018,-0.1963333333333388
2013-11-01,-0.5693333333333328,-0.20300000000000296,0.04299999999999926,-0.1426666666666705
2013-12-01,-0.4473333333333329,-0.13966666666666683,-0.05933333333333124,-0.16900000000000048
2014-01-01,-0.005333333333339851,-0.42866666666666475,-0.17900000000000205,-0.4943333333333335
2014-02-01,-0.6096666666666728,-0.7849999999999966,0.0726666666666631,-0.6123333333333356
2014-03-01,-0.3180000000000014,-0.31366666666666276,0.27899999999999636,-0.2830000000000048
2014-04-01,-0.02599999999999625,0.05933333333333124,0.352999999999998,0.08133333333333681
2014-05-01,1.064666666666671,0.38866666666666916,0.5333333333333243,0.31666666666666643
2014-06-01,1.545333333333339,0.5306666666666651,0.39099999999999824,0.23333333333333428
2014-07-01,0.9810000000000052,0.31533333333333147,0.14133333333333908,-0.06333333333332902
2014-08-01,0.8940000000000019,0.18166666666666842,0.2516666666666616,-0.035000000000003695
2014-09-01,0.7936666666666703,0.3686666666666696,0.3986666666666565,0.29133333333333766
2014-10-01,0.6880000000000024,0.5786666666666633,0.4793333333333294,0.44366666666666177
2014-11-01,0.7906666666666666,0.7769999999999975,0.7330000000000005,0.7573333333333316
2014-12-01,0.40266666666666495,0.6803333333333335,0.760666666666669,0.7109999999999985
2015-01-01,-0.15533333333333843,0.3513333333333364,0.7509999999999977,0.5056666666666665
2015-02-01,-0.529666666666671,0.05500000000000327,0.8726666666666638,0.4176666666666655
2015-03-01,0.08199999999999719,0.09633333333333738,0.8989999999999938,0.4669999999999952
2015-04-01,1.0040000000000013,0.6293333333333315,0.982999999999997,0.7013333333333378
2015-05-01,1.5446666666666715,0.9486666666666679,0.9333333333333265,0.9166666666666679
2015-06-01,2.1953333333333376,1.4506666666666668,0.9109999999999978,1.173333333333332
2015-07-01,2.541000000000004,1.8553333333333306,0.8813333333333411,1.4566666666666706
2015-08-01,1.6540000000000035,2.0916666666666686,0.981666666666662,1.9349999999999952
2015-09-01,2.2836666666666723,2.4986666666666686,1.0586666666666567,2.211333333333336
2015-10-01,2.118000000000002,2.618666666666666,1.0793333333333308,2.36366666666666
2015-11-01,2.270666666666667,2.8469999999999978,1.4329999999999998,2.7173333333333325
2015-12-01,2.2026666666666657,2.8403333333333336,1.3706666666666685,2.6610000000000014
2016-01-01,1.7946666666666609,2.591333333333335,1.2209999999999965,2.565666666666665
2016-02-01,1.3003333333333273,1.9750000000000014,1.2126666666666637,2.2576666666666654
2016-03-01,1.3419999999999952,1.536333333333335,1.0689999999999955,1.6169999999999938
2016-04-01,0.4440000000000026,0.61933333333333,0.7429999999999986,0.9013333333333371
2016-05-01,0.48466666666666924,-0.021333333333330984,0.5333333333333243,0.29666666666666686
2016-06-01,0.6453333333333369,-0.1393333333333331,0.3810000000000002,-0.03666666666666529
2016-07-01,0.2510000000000048,-0.6146666666666682,0.15133333333334065,-0.47333333333332916
2016-08-01,0.24400000000000333,-0.5283333333333324,-0.05833333333333712,-0.5750000000000028
2016-09-01,0.5636666666666699,-0.2613333333333294,-0.25133333333334207,-0.5786666666666633
2016-10-01,0.33800000000000097,-0.5613333333333337,-0.44066666666666876,-0.736333333333338
2016-11-01,0.12066666666666848,-0.6230000000000011,-0.45700000000000074,-0.7626666666666679
2016-12-01,0.4226666666666645,-0.4696666666666651,-0.18933333333333024,-0.4989999999999988
2017-01-01,0.9346666666666614,-0.07866666666666688,-0.15900000000000247,-0.42433333333333323
2017-02-01,1.3603333333333296,0.4250000000000007,-0.08733333333333704,-0.08233333333333448
2017-03-01,1.6119999999999983,0.3463333333333374,-0.03100000000000591,0.03699999999999548
2017-04-01,1.054000000000002,0.4493333333333318,0.06299999999999883,0.21133333333333937
2017-05-01,0.21466666666666967,0.2986666666666693,0.18333333333332646,0.36666666666666714
2017-06-01,-0.23466666666666214,0.0606666666666662,0.32099999999999795,0.33333333333333215
2017-07-01,-0.3189999999999955,0.03533333333333033,0.2613333333333401,0.2466666666666697
2017-08-01,-0.33599999999999497,-0.2483333333333313,0.08166666666666345,-0.1550000000000047
2017-09-01,-0.8063333333333276,-0.7213333333333303,-0.04133333333334477,-0.42866666666666475
2017-10-01,-0.8119999999999976,-0.7213333333333338,-0.20066666666667032,-0.5663333333333398
2017-11-01,-1.1993333333333318,-1.083000000000002,-0.39699999999999847,-0.9626666666666708
2017-12-01,-1.4273333333333333,-1.2296666666666667,-0.5193333333333321,-0.9789999999999992
2018-01-01,-1.1253333333333373,-1.1786666666666648,-0.4390000000000036,-0.9743333333333339
2018-02-01,-0.9696666666666722,-0.9049999999999976,-0.34733333333333505,-0.7823333333333373
2018-03-01,-1.358000000000004,-0.9336666666666638,-0.22100000000000364,-0.8030000000000044
2018-04-01,-1.0259999999999962,-0.6206666666666685,0.022999999999996135,-0.508666666666663
2018-05-01,-0.7453333333333276,-0.3313333333333297,0.15333333333332533,-0.20333333333333314
2018-06-01,-0.7246666666666641,0.010666666666665492,0.24099999999999966,0.043333333333333
2018-07-01,-0.39899999999999736,0.11533333333333218,0.23133333333333894,0.12666666666667226
2018-08-01,-0.26599999999999824,-0.05833333333333357,0.4516666666666609,0.0849999999999973
2018-09-01,-0.0763333333333307,0.34866666666667,0.5786666666666562,0.4713333333333374
2018-10-01,0.15800000000000125,0.748666666666665,0.9493333333333318,0.9036666666666626
2018-11-01,0.8006666666666682,0.8969999999999985,0.9130000000000003,0.9073333333333302
2018-12-01,1.0426666666666655,0.9103333333333339,0.9106666666666676,0.8909999999999982
2019-01-01,0.83466666666666,0.6013333333333364,0.7609999999999957,0.645666666666667
2019-02-01,0.5203333333333298,0.5850000000000009,0.7126666666666637,0.7076666666666647
2019-03-01,0.12199999999999633,0.6363333333333365,0.6389999999999958,0.806999999999995
2019-04-01,0.2940000000000005,0.5493333333333297,0.5229999999999961,0.6213333333333395
2019-05-01,0.1946666666666701,0.4986666666666686,0.5333333333333243,0.5466666666666669
2019-06-01,-0.34466666666666157,0.20066666666666677,0.6109999999999971,0.45333333333333314
2019-07-01,-0.6889999999999965,-0.10466666666667024,0.7613333333333401,0.3466666666666711
2019-08-01,-0.7659999999999982,-0.32833333333333314,0.6516666666666637,0.0449999999999946
2019-09-01,-0.7163333333333277,-0.271333333333331,0.5786666666666562,0.0313333333333361
2019-10-01,-0.7519999999999989,0.15866666666666518,0.7493333333333325,0.4836666666666609
2019-11-01,-0.10933333333333195,0.3269999999999982,0.7630000000000017,0.5173333333333296
2019-12-01,-0.04733333333333434,0.24033333333333218,0.8706666666666685,0.5210000000000008
2020-01-01,-0.3653333333333393,0.22133333333333383,0.8509999999999991,0.6056666666666644
2020-02-01,0.02033333333332976,0.10500000000000398,0.7726666666666624,0.3676666666666648
2020-03-01,-0.05800000000000338,0.2063333333333368,0.7489999999999952,0.47699999999999676
2020-04-01,0.2740000000000009,0.2793333333333301,0.5229999999999961,0.36133333333333795
2020-05-01,-0.1353333333333282,-0.3313333333333297,0.0933333333333266,-0.27333333333333343
2020-06-01,-0.694666666666663,-0.6893333333333338,0.12099999999999866,-0.336666666666666
2020-07-01,-1.2789999999999964,-0.5846666666666707,-0.008666666666659495,-0.303333333333331
2020-08-01,-1.0459999999999958,-0.6183333333333323,-0.3183333333333387,-0.5950000000000024
2020-09-01,-1.2263333333333293,-0.9913333333333298,-0.5513333333333428,-0.8286666666666633
2020-10-01,-0.6019999999999968,-1.1013333333333364,-0.8006666666666682,-1.2563333333333375
2020-11-01,-0.5893333333333324,-1.203000000000003,-0.8969999999999985,-1.422666666666668
2020-12-01,-0.6073333333333331,-0.8196666666666665,-0.9993333333333325,-1.158999999999999
2021-01-01,-0.8853333333333389,-0.618666666666666,-1.049000000000003,-0.9943333333333335
2021-02-01,-0.8596666666666728,-0.7249999999999979,-0.957333333333338,-1.0023333333333362
2021-03-01,-0.7480000000000047,-0.6836666666666638,-0.6510000000000034,-0.8030000000000044
2021-04-01,-0.945999999999998,-0.7906666666666702,-0.42700000000000315,-0.7186666666666603
2021-05-01,-0.7853333333333303,-0.5613333333333301,-0.2066666666666741,-0.4633333333333347
2021-06-01,-0.3746666666666627,-0.3193333333333328,-0.1390000000000029,-0.2766666666666673
2021-07-01,-0.20899999999999608,-0.3146666666666711,-0.22866666666665836,-0.39333333333333087
2021-08-01,-0.2959999999999958,-0.45833333333333215,-0.28833333333333755,-0.5350000000000037
2021-09-01,-0.7063333333333297,-0.4313333333333311,-0.5413333333333448,-0.5486666666666622
2021-10-01,-0.8719999999999999,-0.7813333333333361,-0.7306666666666679,-0.9463333333333388
2021-11-01,-1.1293333333333315,-1.0330000000000013,-0.6769999999999996,-0.9426666666666677
2021-12-01,-1.697333333333333,-1.2696666666666658,-0.739333333333331,-1.059000000000001
2022-01-01,-1.0953333333333397,-1.3186666666666653,-0.37900000000000134,-0.9543333333333344
2022-02-01,-1.559666666666672,-1.144999999999996,-0.38733333333333775,-0.9023333333333348
2022-03-01,-0.7380000000000031,-0.7436666666666625,-0.7110000000000056,-0.9830000000000041
2022-04-01,-1.4059999999999988,-0.9306666666666707,-0.8470000000000013,-1.1186666666666625
2022-05-01,-1.6353333333333282,-1.0613333333333301,-0.8266666666666751,-1.1533333333333324
