,NZT7 Mean Anomaly,NZT7 Min Anomaly,NZT7 Max Anomaly
1909-01-01,-2.25,-2.48,-1.99
1909-02-01,-0.52,-1.0,-0.09
1909-03-01,0.04,0.15,-0.11
1909-04-01,-1.08,-1.42,-0.82
1909-05-01,0.21,0.36,0.08
1909-06-01,0.42,0.68,0.11
1909-07-01,-0.3,0.67,-1.25
1909-08-01,0.08,0.35,-0.2
1909-09-01,-0.52,-0.22,-0.85
1909-10-01,-0.2,-0.45,-0.02
1909-11-01,0.16,-0.26,0.54
1909-12-01,1.28,0.36,2.19
1910-01-01,-0.12,-0.11,-0.2
1910-02-01,0.41,0.07,0.77
1910-03-01,0.07,-0.09,0.23
1910-04-01,-1.31,-1.94,-0.69
1910-05-01,0.24,0.47,0.11
1910-06-01,0.02,0.33,-0.32
1910-07-01,-1.05,-0.46,-1.62
1910-08-01,-0.4,-0.7,-0.03
1910-09-01,-0.49,-1.3,0.29
1910-10-01,0.39,-0.06,0.76
1910-11-01,0.77,-0.08,1.61
1910-12-01,-0.31,-0.83,0.2
1911-01-01,-1.12,-1.87,-0.36
1911-02-01,-1.53,-1.95,-1.15
1911-03-01,0.79,0.53,0.95
1911-04-01,1.55,1.94,1.19
1911-05-01,-0.34,-0.73,-0.01
1911-06-01,-0.24,0.33,-0.76
1911-07-01,-0.83,-0.58,-1.02
1911-08-01,-0.3,-0.5,-0.13
1911-09-01,-0.85,-1.1,-0.61
1911-10-01,-0.93,-1.48,-0.4
1911-11-01,-1.47,-2.1,-0.83
1911-12-01,-2.67,-3.15,-2.22
1912-01-01,-2.12,-2.41,-1.9
1912-02-01,-2.88,-3.29,-2.45
1912-03-01,-2.5,-2.47,-2.58
1912-04-01,-0.8,-0.77,-0.83
1912-05-01,-1.87,-1.7,-2.07
1912-06-01,-1.09,-0.77,-1.39
1912-07-01,-0.73,0.32,-1.77
1912-08-01,-1.37,-1.66,-1.04
1912-09-01,-0.1,0.47,-0.62
1912-10-01,-0.33,-0.61,-0.01
1912-11-01,-1.15,-1.15,-1.1
1912-12-01,-0.39,-1.23,0.43
1913-01-01,-0.7,-0.98,-0.39
1913-02-01,-1.63,-1.86,-1.36
1913-03-01,-0.41,-0.48,-0.33
1913-04-01,-2.08,-2.23,-1.94
1913-05-01,-3.1,-3.08,-3.12
1913-06-01,-1.63,-1.77,-1.49
1913-07-01,-0.01,0.45,-0.47
1913-08-01,-0.7,-0.23,-1.15
1913-09-01,0.4,0.6,0.19
1913-10-01,-0.01,-0.15,0.12
1913-11-01,-0.89,-0.91,-0.89
1913-12-01,-1.69,-1.79,-1.6
1914-01-01,0.21,-0.4,0.81
1914-02-01,-0.78,-0.96,-0.66
1914-03-01,-0.51,-0.61,-0.46
1914-04-01,-0.52,-0.27,-0.76
1914-05-01,-2.21,-2.07,-2.37
1914-06-01,-1.41,-1.28,-1.53
1914-07-01,-0.88,-0.75,-0.98
1914-08-01,-1.25,-1.81,-0.7
1914-09-01,-0.88,-1.57,-0.21
1914-10-01,-0.46,-1.32,0.37
1914-11-01,-1.18,-1.44,-0.95
1914-12-01,-2.49,-3.17,-1.81
1915-01-01,-0.79,-1.03,-0.51
1915-02-01,-1.96,-1.81,-2.07
1915-03-01,-2.17,-1.55,-2.87
1915-04-01,-1.82,-2.07,-1.6
1915-05-01,-0.97,-0.7,-1.27
1915-06-01,-0.96,-0.62,-1.29
1915-07-01,0.27,0.64,-0.08
1915-08-01,-0.45,-0.42,-0.45
1915-09-01,0.79,0.87,0.73
1915-10-01,0.89,0.79,0.94
1915-11-01,-0.78,-0.91,-0.69
1915-12-01,-0.1,-0.25,0.06
1916-01-01,-0.73,-0.82,-0.59
1916-02-01,0.42,0.22,0.64
1916-03-01,1.78,2.39,1.11
1916-04-01,0.49,0.38,0.6
1916-05-01,0.23,0.73,-0.24
1916-06-01,1.3,1.64,0.94
1916-07-01,0.23,0.86,-0.38
1916-08-01,-0.62,-0.07,-1.16
1916-09-01,-0.19,-0.61,0.26
1916-10-01,-0.24,-0.21,-0.32
1916-11-01,0.73,0.83,0.61
1916-12-01,1.17,0.39,1.99
1917-01-01,0.57,0.05,1.14
1917-02-01,-1.01,-0.99,-1.07
1917-03-01,-0.02,-0.05,-0.0
1917-04-01,0.82,1.41,0.26
1917-05-01,0.69,1.11,0.26
1917-06-01,0.18,0.44,-0.04
1917-07-01,0.92,1.86,0.01
1917-08-01,-0.6,-0.5,-0.7
1917-09-01,0.59,1.07,0.12
1917-10-01,0.25,0.22,0.25
1917-11-01,0.7,0.27,1.11
1917-12-01,-0.79,-1.32,-0.28
1918-01-01,-0.3,-0.07,-0.52
1918-02-01,0.45,0.82,0.07
1918-03-01,-0.18,0.16,-0.54
1918-04-01,0.01,0.35,-0.37
1918-05-01,-0.74,-0.79,-0.68
1918-06-01,-0.47,-0.06,-0.89
1918-07-01,-2.02,-1.68,-2.42
1918-08-01,-0.9,-0.85,-0.92
1918-09-01,-1.31,-1.39,-1.2
1918-10-01,-0.5,-0.62,-0.39
1918-11-01,-1.4,-1.53,-1.32
1918-12-01,-2.26,-2.69,-1.85
1919-01-01,-2.34,-2.38,-2.32
1919-02-01,-0.48,-0.53,-0.41
1919-03-01,-1.14,-1.71,-0.54
1919-04-01,-1.55,-1.83,-1.23
1919-05-01,-1.6,-1.83,-1.37
1919-06-01,-0.77,-0.76,-0.8
1919-07-01,-0.38,-0.04,-0.71
1919-08-01,-0.54,-0.34,-0.75
1919-09-01,-1.62,-2.08,-1.18
1919-10-01,-0.57,-1.05,-0.09
1919-11-01,-1.8,-2.27,-1.33
1919-12-01,-1.87,-2.76,-0.97
1920-01-01,-2.44,-2.4,-2.49
1920-02-01,-0.6,-0.79,-0.43
1920-03-01,-0.75,-1.38,-0.16
1920-04-01,-0.51,-0.06,-0.93
1920-05-01,-2.24,-2.14,-2.3
1920-06-01,-0.44,0.01,-0.89
1920-07-01,-0.22,-0.03,-0.33
1920-08-01,-1.64,-1.41,-1.84
1920-09-01,-1.46,-1.32,-1.63
1920-10-01,-0.38,-0.48,-0.29
1920-11-01,-1.56,-1.84,-1.27
1920-12-01,-0.56,-1.16,-0.0
1921-01-01,-1.17,-1.52,-0.82
1921-02-01,-1.47,-1.86,-1.1
1921-03-01,-1.07,-1.44,-0.71
1921-04-01,-1.75,-2.1,-1.39
1921-05-01,-0.78,-0.58,-0.98
1921-06-01,0.15,0.42,-0.1
1921-07-01,-0.14,-0.02,-0.23
1921-08-01,-0.63,-0.69,-0.51
1921-09-01,-0.02,-0.33,0.3
1921-10-01,-0.15,0.45,-0.8
1921-11-01,-0.76,-1.07,-0.46
1921-12-01,-1.19,-1.47,-0.94
1922-01-01,-0.83,-0.68,-0.94
1922-02-01,-0.33,-0.44,-0.23
1922-03-01,-1.74,-1.72,-1.72
1922-04-01,-0.46,-0.49,-0.48
1922-05-01,-0.5,-0.33,-0.66
1922-06-01,-1.48,-1.54,-1.36
1922-07-01,-0.82,-1.04,-0.66
1922-08-01,-0.42,-0.66,-0.18
1922-09-01,-0.77,-1.16,-0.34
1922-10-01,1.05,0.69,1.4
1922-11-01,-0.52,-0.94,-0.08
1922-12-01,-0.36,-0.37,-0.3
1923-01-01,-0.59,-0.23,-0.92
1923-02-01,-2.28,-2.57,-1.98
1923-03-01,-1.82,-1.92,-1.72
1923-04-01,-2.26,-2.84,-1.69
1923-05-01,-0.37,0.1,-0.8
1923-06-01,-1.03,-0.97,-1.1
1923-07-01,-1.17,-0.67,-1.64
1923-08-01,-1.62,-2.15,-1.12
1923-09-01,-0.05,-0.12,0.0
1923-10-01,-0.17,0.11,-0.41
1923-11-01,1.19,0.8,1.59
1923-12-01,1.04,0.4,1.7
1924-01-01,0.16,-0.32,0.61
1924-02-01,0.41,0.35,0.5
1924-03-01,0.41,0.93,-0.15
1924-04-01,2.25,2.2,2.31
1924-05-01,-0.54,-0.4,-0.63
1924-06-01,-0.26,-0.11,-0.37
1924-07-01,-0.62,-1.01,-0.2
1924-08-01,-0.26,-0.34,-0.09
1924-09-01,0.8,0.35,1.27
1924-10-01,0.78,0.85,0.72
1924-11-01,0.36,0.09,0.61
1924-12-01,-1.11,-1.13,-1.01
1925-01-01,-0.53,-0.52,-0.52
1925-02-01,-1.59,-1.53,-1.62
1925-03-01,-1.56,-2.1,-1.03
1925-04-01,-0.92,-1.22,-0.63
1925-05-01,-1.21,-1.1,-1.35
1925-06-01,-1.31,-1.16,-1.46
1925-07-01,-0.13,0.27,-0.54
1925-08-01,-1.17,-1.07,-1.29
1925-09-01,-1.42,-1.35,-1.46
1925-10-01,-0.28,-0.41,-0.08
1925-11-01,-1.4,-1.58,-1.18
1925-12-01,-0.71,-1.16,-0.2
1926-01-01,-0.37,-0.54,-0.2
1926-02-01,-2.49,-2.53,-2.44
1926-03-01,-1.69,-1.92,-1.43
1926-04-01,0.71,0.8,0.59
1926-05-01,-0.58,-0.36,-0.76
1926-06-01,-0.86,-1.36,-0.33
1926-07-01,-0.16,-0.39,0.07
1926-08-01,-0.8,-1.06,-0.5
1926-09-01,-0.72,-1.13,-0.29
1926-10-01,-0.29,-0.0,-0.59
1926-11-01,-1.36,-1.63,-1.09
1926-12-01,-1.35,-1.61,-1.09
1927-01-01,-0.17,-0.69,0.37
1927-02-01,-0.21,-0.9,0.5
1927-03-01,-0.8,-1.1,-0.48
1927-04-01,-1.6,-1.97,-1.27
1927-05-01,-1.32,-1.51,-1.11
1927-06-01,-1.97,-1.94,-1.97
1927-07-01,-0.33,-0.19,-0.45
1927-08-01,-1.25,-1.15,-1.36
1927-09-01,-0.46,-0.57,-0.38
1927-10-01,-0.53,-0.83,-0.23
1927-11-01,-1.67,-1.52,-1.8
1927-12-01,-1.51,-1.9,-1.15
1928-01-01,-0.73,-1.16,-0.27
1928-02-01,0.75,0.25,1.27
1928-03-01,0.85,0.79,0.85
1928-04-01,1.65,2.2,1.12
1928-05-01,0.53,0.66,0.41
1928-06-01,-0.47,0.0,-0.93
1928-07-01,0.49,0.85,0.19
1928-08-01,-0.28,-0.44,-0.17
1928-09-01,-0.6,-0.83,-0.33
1928-10-01,-0.01,0.01,0.02
1928-11-01,-0.34,-1.02,0.25
1928-12-01,-0.75,-0.93,-0.6
1929-01-01,-0.64,-0.78,-0.47
1929-02-01,-0.88,-1.41,-0.3
1929-03-01,-0.13,-0.06,-0.18
1929-04-01,-0.36,-0.04,-0.63
1929-05-01,-1.29,-1.72,-0.84
1929-06-01,0.5,0.75,0.28
1929-07-01,-0.79,-0.52,-1.06
1929-08-01,-1.01,-1.38,-0.64
1929-09-01,-1.53,-2.24,-0.84
1929-10-01,-0.23,-0.81,0.38
1929-11-01,-0.24,-0.17,-0.29
1929-12-01,-1.3,-1.23,-1.31
1930-01-01,-1.97,-1.9,-2.05
1930-02-01,-1.33,-1.81,-0.83
1930-03-01,-1.06,-1.78,-0.36
1930-04-01,-0.41,-0.64,-0.19
1930-05-01,-1.13,-1.71,-0.57
1930-06-01,-1.24,-1.58,-0.85
1930-07-01,-1.63,-1.81,-1.48
1930-08-01,-0.57,-0.39,-0.72
1930-09-01,-1.9,-1.67,-2.11
1930-10-01,-1.86,-2.18,-1.55
1930-11-01,-2.0,-2.24,-1.76
1930-12-01,-1.15,-1.77,-0.5
1931-01-01,-1.65,-1.85,-1.47
1931-02-01,-2.72,-3.04,-2.38
1931-03-01,-1.47,-1.48,-1.42
1931-04-01,-0.9,-0.6,-1.18
1931-05-01,-1.15,-1.44,-0.87
1931-06-01,-1.45,-1.47,-1.48
1931-07-01,-0.76,-0.46,-1.07
1931-08-01,-1.55,-1.51,-1.64
1931-09-01,-2.17,-2.07,-2.23
1931-10-01,-0.15,-0.76,0.48
1931-11-01,0.49,-0.17,1.15
1931-12-01,-0.44,-0.84,-0.07
1932-01-01,-1.89,-2.22,-1.51
1932-02-01,-1.44,-1.06,-1.87
1932-03-01,-0.81,-0.77,-0.86
1932-04-01,-0.16,0.18,-0.5
1932-05-01,-1.2,-1.34,-1.08
1932-06-01,-1.05,-0.8,-1.26
1932-07-01,-1.77,-1.94,-1.59
1932-08-01,-2.13,-2.65,-1.6
1932-09-01,-1.09,-1.08,-1.08
1932-10-01,0.37,0.43,0.31
1932-11-01,-0.06,-0.68,0.57
1932-12-01,-0.89,-1.3,-0.5
1933-01-01,0.05,-0.09,0.21
1933-02-01,-0.28,-0.29,-0.3
1933-03-01,0.08,-0.65,0.8
1933-04-01,-0.56,-0.75,-0.34
1933-05-01,-1.2,-0.91,-1.48
1933-06-01,-1.79,-1.49,-2.09
1933-07-01,-0.57,-0.08,-1.04
1933-08-01,-0.8,-0.85,-0.75
1933-09-01,-0.39,-0.61,-0.18
1933-10-01,-0.31,-0.98,0.34
1933-11-01,-0.83,-1.51,-0.19
1933-12-01,0.07,-0.65,0.78
1934-01-01,-1.89,-2.14,-1.56
1934-02-01,-0.88,-0.96,-0.81
1934-03-01,-1.14,-1.28,-1.04
1934-04-01,0.06,0.2,-0.08
1934-05-01,-1.38,-1.37,-1.42
1934-06-01,-0.73,-0.1,-1.3
1934-07-01,-1.15,-1.11,-1.14
1934-08-01,-0.32,-0.21,-0.4
1934-09-01,-0.25,-0.52,-0.01
1934-10-01,-0.24,-0.57,0.09
1934-11-01,1.2,0.49,1.94
1934-12-01,2.67,1.74,3.59
1935-01-01,1.57,1.13,1.99
1935-02-01,1.23,1.2,1.3
1935-03-01,0.59,0.76,0.43
1935-04-01,0.85,0.87,0.81
1935-05-01,-1.21,-1.06,-1.37
1935-06-01,-0.78,-0.51,-1.01
1935-07-01,-0.77,-0.68,-0.89
1935-08-01,-0.55,-0.72,-0.39
1935-09-01,-2.25,-2.68,-1.84
1935-10-01,0.13,0.06,0.21
1935-11-01,-1.9,-2.04,-1.76
1935-12-01,1.43,1.07,1.79
1936-01-01,-0.4,-0.38,-0.42
1936-02-01,-1.15,-0.98,-1.33
1936-03-01,-2.31,-2.34,-2.24
1936-04-01,0.45,0.53,0.39
1936-05-01,-1.86,-2.04,-1.65
1936-06-01,-0.82,-1.09,-0.54
1936-07-01,-1.0,-0.83,-1.21
1936-08-01,0.27,0.35,0.21
1936-09-01,-0.92,-1.33,-0.51
1936-10-01,0.67,0.48,0.88
1936-11-01,-0.23,-0.3,-0.15
1936-12-01,-1.39,-1.6,-1.11
1937-01-01,-1.82,-1.74,-1.88
1937-02-01,-2.94,-3.05,-2.8
1937-03-01,-0.77,-0.54,-1.0
1937-04-01,-1.06,-0.99,-1.14
1937-05-01,-0.63,-0.4,-0.88
1937-06-01,-1.9,-1.59,-2.19
1937-07-01,-1.11,-1.08,-1.12
1937-08-01,-0.33,-0.38,-0.28
1937-09-01,-0.85,-0.58,-1.1
1937-10-01,-1.0,-1.87,-0.19
1937-11-01,0.32,-0.48,1.11
1937-12-01,0.77,0.42,1.16
1938-01-01,0.64,0.32,0.97
1938-02-01,1.72,1.92,1.5
1938-03-01,1.52,1.35,1.67
1938-04-01,2.42,3.23,1.67
1938-05-01,0.59,0.04,1.18
1938-06-01,-0.52,-0.64,-0.36
1938-07-01,-1.42,-0.98,-1.88
1938-08-01,-0.56,-0.82,-0.28
1938-09-01,-0.39,-0.58,-0.22
1938-10-01,0.2,-0.37,0.77
1938-11-01,0.44,0.3,0.6
1938-12-01,-1.69,-2.0,-1.38
1939-01-01,-2.59,-3.11,-2.03
1939-02-01,-1.45,-1.95,-0.91
1939-03-01,0.02,-0.21,0.26
1939-04-01,-0.06,-0.43,0.33
1939-05-01,-0.27,-0.46,-0.07
1939-06-01,0.7,0.71,0.69
1939-07-01,-2.07,-1.65,-2.85
1939-08-01,-1.16,-0.84,-1.5
1939-09-01,-0.81,-1.09,-0.51
1939-10-01,-0.91,-1.37,-0.43
1939-11-01,0.04,-0.08,0.17
1939-12-01,0.41,-0.2,1.06
1940-01-01,0.15,0.16,0.15
1940-02-01,-2.0,-2.16,-1.81
1940-03-01,-1.75,-2.5,-1.02
1940-04-01,-2.05,-1.97,-2.16
1940-05-01,-1.77,-1.41,-2.14
1940-06-01,-0.88,-1.07,-0.69
1940-07-01,-0.78,-1.03,-0.52
1940-08-01,-0.1,-0.25,0.04
1940-09-01,-0.08,-0.01,-0.2
1940-10-01,-0.71,-1.05,-0.35
1940-11-01,-1.0,-1.28,-0.7
1940-12-01,0.61,-0.15,1.4
1941-01-01,0.11,-0.18,0.39
1941-02-01,-0.68,-1.08,-0.3
1941-03-01,0.25,0.1,0.38
1941-04-01,-1.65,-1.82,-1.46
1941-05-01,-0.57,-0.66,-0.49
1941-06-01,-2.02,-1.99,-2.01
1941-07-01,-0.71,-0.61,-0.84
1941-08-01,-1.73,-1.48,-1.93
1941-09-01,-0.58,-1.05,-0.1
1941-10-01,-1.33,-1.37,-1.29
1941-11-01,-0.6,-0.88,-0.3
1941-12-01,-1.05,-1.29,-0.81
1942-01-01,-1.89,-2.05,-1.75
1942-02-01,-1.65,-1.59,-1.73
1942-03-01,-0.98,-0.92,-1.03
1942-04-01,-0.25,-0.42,-0.11
1942-05-01,-0.31,0.04,-0.68
1942-06-01,-0.53,-0.89,-0.14
1942-07-01,-0.05,0.23,-0.32
1942-08-01,-0.25,-0.55,0.07
1942-09-01,-0.21,-0.59,0.13
1942-10-01,0.6,0.31,0.88
1942-11-01,-0.01,-0.44,0.41
1942-12-01,-1.4,-2.12,-0.73
1943-01-01,-0.65,-0.91,-0.41
1943-02-01,-0.88,-1.02,-0.75
1943-03-01,-1.31,-1.9,-0.73
1943-04-01,-0.35,-0.81,0.13
1943-05-01,-1.86,-2.2,-1.5
1943-06-01,-0.36,-0.08,-0.67
1943-07-01,-1.21,-1.22,-1.21
1943-08-01,-1.92,-2.04,-1.79
1943-09-01,-1.17,-0.85,-1.48
1943-10-01,-1.1,-0.9,-1.27
1943-11-01,0.08,-0.3,0.47
1943-12-01,0.57,-0.32,1.44
1944-01-01,-0.3,-0.96,0.33
1944-02-01,-0.54,-0.71,-0.42
1944-03-01,-0.75,-0.56,-0.93
1944-04-01,0.3,0.8,-0.19
1944-05-01,-1.42,-1.36,-1.48
1944-06-01,-1.23,-1.35,-1.16
1944-07-01,-0.31,-0.03,-0.58
1944-08-01,-1.11,-0.99,-1.28
1944-09-01,-1.23,-1.34,-1.14
1944-10-01,-0.64,-0.82,-0.45
1944-11-01,-0.8,-1.29,-0.38
1944-12-01,-1.93,-2.31,-1.57
1945-01-01,-0.47,-0.4,-0.5
1945-02-01,-0.65,-0.53,-0.78
1945-03-01,-1.37,-1.92,-0.87
1945-04-01,-0.67,-0.78,-0.58
1945-05-01,-1.88,-1.54,-2.21
1945-06-01,-1.9,-1.75,-2.08
1945-07-01,-1.65,-1.68,-1.62
1945-08-01,0.55,0.9,0.18
1945-09-01,-0.67,-0.93,-0.45
1945-10-01,-1.92,-2.42,-1.46
1945-11-01,0.23,-0.69,1.1
1945-12-01,-2.48,-3.2,-1.82
1946-01-01,-1.44,-2.29,-0.6
1946-02-01,-0.65,-1.8,0.52
1946-03-01,-0.35,-0.25,-0.47
1946-04-01,-0.32,-0.41,-0.24
1946-05-01,0.09,0.22,-0.05
1946-06-01,-0.2,-0.09,-0.28
1946-07-01,0.54,0.49,0.54
1946-08-01,-0.54,-0.59,-0.49
1946-09-01,-0.43,-0.67,-0.15
1946-10-01,-1.25,-1.59,-0.95
1946-11-01,-3.08,-3.68,-2.49
1946-12-01,-2.05,-2.48,-1.55
1947-01-01,-2.11,-2.27,-1.92
1947-02-01,-1.46,-1.81,-1.1
1947-03-01,-0.33,-0.62,-0.07
1947-04-01,-0.69,-0.75,-0.67
1947-05-01,-0.59,-0.91,-0.29
1947-06-01,-0.53,-0.37,-0.72
1947-07-01,-0.42,-0.82,-0.05
1947-08-01,-0.13,-0.35,0.11
1947-09-01,-0.26,-0.89,0.37
1947-10-01,-0.37,-0.22,-0.61
1947-11-01,-0.07,-0.75,0.62
1947-12-01,0.36,-0.01,0.72
1948-01-01,0.38,0.08,0.74
1948-02-01,-0.62,-0.9,-0.33
1948-03-01,0.24,-0.16,0.63
1948-04-01,-0.42,-0.36,-0.46
1948-05-01,-0.28,-0.14,-0.42
1948-06-01,-1.03,-1.01,-1.03
1948-07-01,0.51,0.94,0.09
1948-08-01,-0.54,-0.92,-0.18
1948-09-01,-0.29,-0.82,0.19
1948-10-01,-0.72,-1.02,-0.42
1948-11-01,-0.69,-1.09,-0.29
1948-12-01,-0.32,-1.26,0.6
1949-01-01,-1.79,-1.83,-1.72
1949-02-01,0.35,-0.46,1.11
1949-03-01,-1.21,-1.58,-0.79
1949-04-01,-1.98,-2.17,-1.8
1949-05-01,-0.81,-0.67,-0.98
1949-06-01,-0.17,0.18,-0.5
1949-07-01,0.81,0.86,0.73
1949-08-01,-0.83,-1.05,-0.61
1949-09-01,-0.91,-1.49,-0.3
1949-10-01,0.9,0.55,1.25
1949-11-01,-0.52,-1.15,0.07
1949-12-01,-1.02,-1.7,-0.35
1950-01-01,-0.64,-0.9,-0.39
1950-02-01,-1.51,-2.23,-0.8
1950-03-01,-1.14,-1.46,-0.8
1950-04-01,-1.19,-1.13,-1.24
1950-05-01,1.19,1.38,1.02
1950-06-01,-0.7,-0.85,-0.54
1950-07-01,-0.51,-0.66,-0.31
1950-08-01,-1.32,-1.82,-0.83
1950-09-01,-0.32,-0.62,-0.03
1950-10-01,0.26,-0.16,0.71
1950-11-01,0.35,-0.41,1.08
1950-12-01,-0.27,-1.09,0.5
1951-01-01,-1.05,-0.98,-1.11
1951-02-01,-1.0,-1.28,-0.72
1951-03-01,0.06,0.1,-0.0
1951-04-01,0.05,0.45,-0.4
1951-05-01,-1.4,-1.62,-1.17
1951-06-01,-1.84,-2.34,-1.32
1951-07-01,-0.08,-0.21,0.1
1951-08-01,-1.46,-1.71,-1.21
1951-09-01,-0.35,-0.89,0.17
1951-10-01,-0.27,-0.15,-0.35
1951-11-01,-0.44,-0.61,-0.28
1951-12-01,-1.89,-2.15,-1.64
1952-01-01,-1.96,-2.37,-1.61
1952-02-01,-0.19,-0.26,-0.1
1952-03-01,-1.01,-1.28,-0.75
1952-04-01,-0.07,-0.29,0.18
1952-05-01,-0.53,-0.54,-0.5
1952-06-01,-0.66,-0.47,-0.82
1952-07-01,-1.31,-1.77,-0.83
1952-08-01,0.08,0.02,0.14
1952-09-01,0.0,-0.45,0.43
1952-10-01,0.26,0.06,0.49
1952-11-01,-0.42,0.01,-0.86
1952-12-01,0.01,0.01,0.03
1953-01-01,-1.63,-1.71,-1.57
1953-02-01,-1.57,-1.48,-1.66
1953-03-01,-0.73,-0.84,-0.63
1953-04-01,-0.9,-0.69,-1.09
1953-05-01,-0.43,-0.27,-0.64
1953-06-01,-0.56,-0.4,-0.75
1953-07-01,-0.47,-0.57,-0.38
1953-08-01,-0.01,-0.11,0.09
1953-09-01,-0.27,-0.69,0.19
1953-10-01,-0.64,-0.82,-0.47
1953-11-01,0.85,0.6,1.08
1953-12-01,-0.21,-0.63,0.24
1954-01-01,-0.53,-1.17,0.09
1954-02-01,0.6,0.41,0.83
1954-03-01,0.83,0.93,0.68
1954-04-01,-1.05,-1.4,-0.72
1954-05-01,0.28,0.11,0.46
1954-06-01,0.65,0.6,0.75
1954-07-01,-0.44,-0.58,-0.3
1954-08-01,-0.76,-0.97,-0.54
1954-09-01,-0.75,-1.61,0.09
1954-10-01,-0.46,-1.68,0.73
1954-11-01,1.38,1.23,1.52
1954-12-01,0.09,-0.13,0.33
1955-01-01,-0.21,-0.75,0.35
1955-02-01,0.77,0.92,0.6
1955-03-01,0.32,0.19,0.4
1955-04-01,0.9,0.74,1.11
1955-05-01,0.76,0.54,1.0
1955-06-01,-0.99,-0.76,-1.23
1955-07-01,-0.9,-0.8,-1.0
1955-08-01,0.25,0.22,0.32
1955-09-01,0.05,-0.38,0.5
1955-10-01,0.76,0.43,1.06
1955-11-01,-0.01,-0.79,0.79
1955-12-01,0.42,-0.12,1.0
1956-01-01,1.88,1.89,1.86
1956-02-01,-0.1,-0.39,0.18
1956-03-01,-1.08,-1.54,-0.6
1956-04-01,2.45,2.97,1.9
1956-05-01,0.2,0.38,-0.01
1956-06-01,0.58,0.44,0.73
1956-07-01,-0.1,-0.06,-0.17
1956-08-01,-0.62,-0.97,-0.28
1956-09-01,0.03,-0.68,0.72
1956-10-01,0.4,0.32,0.49
1956-11-01,0.19,-0.01,0.38
1956-12-01,-0.09,-0.41,0.26
1957-01-01,-0.13,-0.87,0.58
1957-02-01,0.7,0.09,1.31
1957-03-01,1.19,1.26,1.11
1957-04-01,0.73,0.87,0.58
1957-05-01,0.08,0.31,-0.15
1957-06-01,-0.32,-0.66,0.03
1957-07-01,-0.94,-0.84,-1.08
1957-08-01,0.19,0.25,0.16
1957-09-01,-0.33,-0.69,0.09
1957-10-01,-0.99,-1.22,-0.78
1957-11-01,-0.44,-0.47,-0.39
1957-12-01,-1.52,-1.89,-1.14
1958-01-01,-1.42,-1.6,-1.22
1958-02-01,0.73,0.98,0.54
1958-03-01,0.65,0.66,0.6
1958-04-01,-1.27,-1.66,-0.87
1958-05-01,-0.44,-0.4,-0.5
1958-06-01,-0.59,-1.2,-0.02
1958-07-01,-1.3,-1.36,-1.27
1958-08-01,-0.38,-0.51,-0.25
1958-09-01,-1.04,-1.89,-0.17
1958-10-01,1.06,0.96,1.16
1958-11-01,0.75,-0.11,1.61
1958-12-01,0.65,0.62,0.69
1959-01-01,0.37,0.03,0.73
1959-02-01,-0.39,-0.66,-0.09
1959-03-01,0.17,0.36,-0.02
1959-04-01,-0.08,0.01,-0.13
1959-05-01,-2.66,-2.36,-2.97
1959-06-01,-1.14,-1.87,-0.35
1959-07-01,-0.37,-0.6,-0.1
1959-08-01,-0.42,-0.9,0.08
1959-09-01,0.06,-0.15,0.26
1959-10-01,-1.39,-1.53,-1.29
1959-11-01,0.11,-0.44,0.68
1959-12-01,0.27,0.28,0.26
1960-01-01,0.27,-0.17,0.72
1960-02-01,-0.57,-0.66,-0.5
1960-03-01,-1.08,-0.85,-1.33
1960-04-01,-0.55,-0.72,-0.42
1960-05-01,0.07,0.06,0.07
1960-06-01,0.05,0.37,-0.26
1960-07-01,0.06,-0.17,0.3
1960-08-01,-0.88,-1.05,-0.72
1960-09-01,-0.35,-0.12,-0.64
1960-10-01,0.59,0.58,0.65
1960-11-01,-0.33,-0.56,-0.11
1960-12-01,-1.32,-1.95,-0.7
1961-01-01,-0.7,-0.73,-0.63
1961-02-01,-0.5,-0.64,-0.34
1961-03-01,-1.2,-1.0,-1.37
1961-04-01,-0.4,-0.58,-0.19
1961-05-01,-0.76,-0.81,-0.74
1961-06-01,-0.84,-1.23,-0.44
1961-07-01,-0.63,-0.6,-0.69
1961-08-01,-0.98,-1.0,-0.95
1961-09-01,-0.94,-0.78,-1.09
1961-10-01,1.62,0.99,2.26
1961-11-01,0.36,-0.08,0.78
1961-12-01,1.08,0.25,1.91
1962-01-01,1.03,0.73,1.36
1962-02-01,-0.53,-0.85,-0.16
1962-03-01,0.21,0.24,0.15
1962-04-01,-0.29,-0.29,-0.32
1962-05-01,1.48,1.67,1.26
1962-06-01,0.6,0.75,0.45
1962-07-01,0.54,0.63,0.43
1962-08-01,-0.22,-0.57,0.12
1962-09-01,-0.4,-0.67,-0.12
1962-10-01,1.22,1.31,1.14
1962-11-01,0.15,-0.29,0.6
1962-12-01,-0.15,-0.81,0.51
1963-01-01,0.0,-0.46,0.5
1963-02-01,0.48,0.65,0.34
1963-03-01,-0.9,-1.1,-0.65
1963-04-01,-1.29,-1.52,-1.02
1963-05-01,-0.58,-0.88,-0.29
1963-06-01,-1.03,-0.92,-1.12
1963-07-01,-0.56,-0.27,-0.82
1963-08-01,-1.42,-1.56,-1.3
1963-09-01,-0.47,-0.27,-0.65
1963-10-01,0.4,-0.14,0.94
1963-11-01,-1.15,-1.65,-0.67
1963-12-01,-1.22,-1.87,-0.59
1964-01-01,-1.92,-2.42,-1.42
1964-02-01,-0.4,-0.75,-0.06
1964-03-01,-0.46,-0.62,-0.32
1964-04-01,-0.8,-0.85,-0.74
1964-05-01,-1.02,-1.14,-0.94
1964-06-01,-0.74,-0.53,-0.99
1964-07-01,0.38,0.67,0.06
1964-08-01,-0.7,-1.1,-0.32
1964-09-01,-0.86,-1.22,-0.48
1964-10-01,-0.41,-0.75,-0.02
1964-11-01,-0.5,-0.84,-0.16
1964-12-01,0.37,-0.05,0.83
1965-01-01,0.77,0.6,0.99
1965-02-01,-1.29,-1.55,-1.07
1965-03-01,-0.57,-0.08,-1.06
1965-04-01,-0.63,-0.56,-0.69
1965-05-01,-0.98,-1.02,-0.99
1965-06-01,-0.61,-0.66,-0.54
1965-07-01,-1.38,-1.4,-1.34
1965-08-01,-0.97,-0.83,-1.09
1965-09-01,-0.45,-0.85,-0.05
1965-10-01,-1.29,-1.71,-0.88
1965-11-01,-0.77,-0.84,-0.69
1965-12-01,-0.54,-1.09,0.0
1966-01-01,-0.94,-0.7,-1.15
1966-02-01,1.24,1.31,1.19
1966-03-01,0.71,0.75,0.68
1966-04-01,0.06,-0.16,0.3
1966-05-01,-1.44,-1.39,-1.51
1966-06-01,-0.57,-0.89,-0.26
1966-07-01,-0.66,-0.47,-0.88
1966-08-01,-1.33,-1.54,-1.13
1966-09-01,-0.63,-0.61,-0.65
1966-10-01,-0.28,-0.91,0.32
1966-11-01,-0.77,-1.07,-0.43
1966-12-01,-0.91,-1.05,-0.77
1967-01-01,-0.9,-0.8,-1.02
1967-02-01,-0.95,-1.55,-0.31
1967-03-01,0.24,0.33,0.16
1967-04-01,0.16,0.01,0.26
1967-05-01,-0.29,-0.29,-0.25
1967-06-01,-1.13,-1.77,-0.46
1967-07-01,-0.69,-1.14,-0.28
1967-08-01,1.02,1.16,0.87
1967-09-01,-1.17,-1.35,-0.98
1967-10-01,0.42,-0.21,1.02
1967-11-01,-0.62,-0.85,-0.43
1967-12-01,-0.16,-0.25,-0.08
1968-01-01,-0.9,-1.1,-0.76
1968-02-01,-0.47,-0.99,0.04
1968-03-01,2.06,2.1,2.03
1968-04-01,-0.27,0.31,-0.87
1968-05-01,0.37,0.7,0.02
1968-06-01,-0.28,0.05,-0.6
1968-07-01,-1.07,-1.06,-1.08
1968-08-01,-0.03,-0.09,0.05
1968-09-01,-1.17,-1.32,-0.99
1968-10-01,-1.01,-1.11,-0.93
1968-11-01,-0.81,-1.36,-0.24
1968-12-01,-1.23,-1.21,-1.24
1969-01-01,-0.8,-0.86,-0.72
1969-02-01,-1.31,-1.11,-1.48
1969-03-01,-0.1,-0.64,0.39
1969-04-01,-1.04,-1.01,-1.1
1969-05-01,-0.54,-0.12,-0.96
1969-06-01,-1.75,-2.13,-1.36
1969-07-01,-1.17,-1.37,-0.96
1969-08-01,-0.32,-0.44,-0.17
1969-09-01,0.92,1.13,0.69
1969-10-01,-1.18,-1.66,-0.7
1969-11-01,0.79,0.37,1.24
1969-12-01,1.37,1.16,1.58
1970-01-01,1.1,1.04,1.15
1970-02-01,-0.5,-1.11,0.07
1970-03-01,0.8,1.23,0.37
1970-04-01,0.62,0.39,0.82
1970-05-01,-1.27,-1.36,-1.21
1970-06-01,0.15,0.17,0.2
1970-07-01,0.7,0.66,0.74
1970-08-01,0.28,0.29,0.3
1970-09-01,-0.02,0.05,-0.14
1970-10-01,0.26,0.16,0.32
1970-11-01,0.44,0.05,0.83
1970-12-01,0.57,-0.07,1.19
1971-01-01,0.62,0.87,0.37
1971-02-01,1.23,0.86,1.6
1971-03-01,0.58,0.04,1.09
1971-04-01,0.59,0.29,0.87
1971-05-01,0.93,1.14,0.72
1971-06-01,1.48,1.81,1.14
1971-07-01,-0.3,-0.42,-0.14
1971-08-01,0.52,0.57,0.51
1971-09-01,-0.14,-0.44,0.13
1971-10-01,-0.14,-0.31,0.02
1971-11-01,0.04,-0.35,0.4
1971-12-01,0.54,0.22,0.88
1972-01-01,-0.95,-1.2,-0.66
1972-02-01,-1.2,-1.47,-0.96
1972-03-01,1.05,1.16,0.87
1972-04-01,0.28,0.26,0.3
1972-05-01,-0.7,-0.96,-0.45
1972-06-01,-1.95,-2.29,-1.57
1972-07-01,-0.05,0.01,-0.15
1972-08-01,-1.52,-1.77,-1.25
1972-09-01,0.62,0.36,0.89
1972-10-01,0.3,0.1,0.52
1972-11-01,1.24,1.35,1.13
1972-12-01,-1.55,-1.77,-1.35
1973-01-01,-0.33,-0.67,0.02
1973-02-01,0.39,-0.34,1.1
1973-03-01,0.28,0.39,0.14
1973-04-01,-0.01,-0.14,0.09
1973-05-01,-0.1,0.12,-0.31
1973-06-01,0.12,-0.03,0.3
1973-07-01,-0.58,-0.6,-0.58
1973-08-01,-0.3,-0.1,-0.53
1973-09-01,0.35,0.29,0.43
1973-10-01,0.23,-0.16,0.58
1973-11-01,0.54,0.51,0.56
1973-12-01,0.37,-0.08,0.83
1974-01-01,-0.98,-1.31,-0.56
1974-02-01,1.3,1.53,1.09
1974-03-01,-1.25,-1.27,-1.21
1974-04-01,0.56,1.21,-0.13
1974-05-01,-0.11,-0.32,0.11
1974-06-01,-0.36,-0.48,-0.26
1974-07-01,0.46,0.73,0.16
1974-08-01,-0.62,-0.63,-0.59
1974-09-01,0.39,0.73,0.03
1974-10-01,-0.2,-0.16,-0.23
1974-11-01,0.94,0.6,1.27
1974-12-01,1.48,1.02,1.93
1975-01-01,1.47,1.56,1.41
1975-02-01,0.52,0.72,0.33
1975-03-01,1.13,1.43,0.81
1975-04-01,0.78,0.61,0.96
1975-05-01,0.36,0.34,0.35
1975-06-01,-1.16,-1.43,-0.81
1975-07-01,-0.61,-0.96,-0.25
1975-08-01,0.11,0.36,-0.16
1975-09-01,-0.35,-0.7,-0.02
1975-10-01,-0.1,-0.19,0.02
1975-11-01,-0.79,-0.86,-0.74
1975-12-01,-1.36,-1.89,-0.82
1976-01-01,-0.94,-0.32,-1.59
1976-02-01,-2.92,-3.1,-2.7
1976-03-01,0.05,-0.08,0.19
1976-04-01,-0.23,-0.38,-0.06
1976-05-01,-0.69,-0.97,-0.37
1976-06-01,-1.19,-1.34,-1.05
1976-07-01,-0.44,-0.63,-0.29
1976-08-01,-0.11,0.26,-0.45
1976-09-01,-1.04,-0.91,-1.16
1976-10-01,-1.2,-1.15,-1.23
1976-11-01,-1.52,-1.56,-1.54
1976-12-01,-0.32,-0.06,-0.55
1977-01-01,-1.72,-1.52,-1.91
1977-02-01,-0.73,-1.41,-0.04
1977-03-01,0.17,-0.05,0.38
1977-04-01,-0.08,-0.16,0.01
1977-05-01,-1.96,-1.97,-1.97
1977-06-01,-0.42,-0.26,-0.54
1977-07-01,0.03,0.59,-0.56
1977-08-01,-0.41,-0.23,-0.58
1977-09-01,-2.23,-2.12,-2.29
1977-10-01,-0.54,-0.8,-0.28
1977-11-01,-0.98,-1.11,-0.8
1977-12-01,-1.18,-1.58,-0.82
1978-01-01,0.35,0.1,0.6
1978-02-01,0.76,0.15,1.39
1978-03-01,0.86,0.32,1.41
1978-04-01,2.15,3.07,1.24
1978-05-01,-0.05,0.08,-0.17
1978-06-01,-0.95,-0.47,-1.42
1978-07-01,0.51,0.86,0.16
1978-08-01,0.16,-0.17,0.5
1978-09-01,-0.24,-0.01,-0.49
1978-10-01,-0.83,-1.15,-0.5
1978-11-01,0.06,-0.39,0.49
1978-12-01,-0.28,-0.35,-0.16
1979-01-01,0.05,-0.4,0.47
1979-02-01,-0.6,-0.79,-0.44
1979-03-01,0.57,1.47,-0.34
1979-04-01,-0.2,-0.22,-0.22
1979-05-01,-0.8,-0.54,-1.07
1979-06-01,0.38,0.14,0.62
1979-07-01,0.37,0.33,0.4
1979-08-01,-0.82,-0.63,-1.01
1979-09-01,0.0,0.18,-0.19
1979-10-01,-0.19,0.1,-0.47
1979-11-01,0.63,0.69,0.65
1979-12-01,-0.08,-0.29,0.14
1980-01-01,-0.38,-0.31,-0.43
1980-02-01,-0.7,-0.43,-0.94
1980-03-01,-1.08,-0.61,-1.59
1980-04-01,-0.51,-0.18,-0.86
1980-05-01,-0.02,-0.1,0.1
1980-06-01,-0.44,-0.46,-0.46
1980-07-01,-0.36,-0.16,-0.56
1980-08-01,-0.34,-0.58,-0.14
1980-09-01,0.33,0.24,0.45
1980-10-01,0.9,0.72,1.07
1980-11-01,-1.19,-1.09,-1.31
1980-12-01,-0.46,-0.52,-0.39
1981-01-01,0.72,0.46,0.99
1981-02-01,0.28,0.41,0.22
1981-03-01,1.23,1.6,0.86
1981-04-01,1.33,1.35,1.28
1981-05-01,-0.63,-0.92,-0.34
1981-06-01,0.61,1.17,0.05
1981-07-01,-0.04,0.16,-0.26
1981-08-01,-1.22,-0.85,-1.63
1981-09-01,-0.64,-0.66,-0.63
1981-10-01,-0.1,0.0,-0.24
1981-11-01,0.25,0.63,-0.15
1981-12-01,1.19,1.52,0.88
1982-01-01,-0.29,-0.5,-0.13
1982-02-01,0.6,0.15,1.04
1982-03-01,0.06,-0.05,0.18
1982-04-01,-1.38,-1.36,-1.44
1982-05-01,-0.0,0.07,-0.06
1982-06-01,-0.99,-0.84,-1.14
1982-07-01,-0.87,-1.06,-0.66
1982-08-01,0.08,-0.43,0.59
1982-09-01,-0.73,-0.63,-0.76
1982-10-01,-1.46,-1.67,-1.27
1982-11-01,0.69,0.67,0.68
1982-12-01,-1.62,-1.83,-1.4
1983-01-01,-1.49,-1.48,-1.48
1983-02-01,-1.56,-1.38,-1.69
1983-03-01,-0.2,-0.21,-0.18
1983-04-01,-0.55,-0.18,-0.91
1983-05-01,-0.6,-0.27,-0.96
1983-06-01,-0.34,-0.1,-0.56
1983-07-01,-0.93,-0.93,-0.97
1983-08-01,-0.14,-0.18,-0.07
1983-09-01,-0.11,0.17,-0.39
1983-10-01,0.36,0.8,-0.06
1983-11-01,-0.24,-0.21,-0.3
1983-12-01,-1.11,-1.01,-1.17
1984-01-01,-2.06,-2.25,-1.9
1984-02-01,-0.67,-0.63,-0.72
1984-03-01,0.92,1.45,0.41
1984-04-01,-0.05,-0.19,0.15
1984-05-01,-1.13,-1.22,-1.06
1984-06-01,0.59,0.28,0.89
1984-07-01,0.76,1.26,0.26
1984-08-01,0.92,1.29,0.56
1984-09-01,-0.23,-0.18,-0.3
1984-10-01,-0.14,-0.5,0.19
1984-11-01,1.15,1.1,1.22
1984-12-01,0.82,0.87,0.78
1985-01-01,1.29,1.22,1.34
1985-02-01,-0.0,-0.46,0.45
1985-03-01,-0.2,-0.15,-0.24
1985-04-01,0.46,0.11,0.81
1985-05-01,-0.32,-0.42,-0.23
1985-06-01,0.85,0.83,0.85
1985-07-01,0.94,1.16,0.71
1985-08-01,-0.44,-0.55,-0.25
1985-09-01,0.36,0.32,0.43
1985-10-01,-0.72,-1.01,-0.46
1985-11-01,-0.22,-0.06,-0.41
1985-12-01,0.91,1.17,0.61
1986-01-01,1.44,1.65,1.24
1986-02-01,0.14,0.45,-0.18
1986-03-01,-0.11,-0.04,-0.25
1986-04-01,1.06,0.81,1.34
1986-05-01,-0.17,-0.39,0.06
1986-06-01,-0.22,-0.33,-0.09
1986-07-01,-0.8,-1.01,-0.57
1986-08-01,-1.04,-0.77,-1.31
1986-09-01,-0.47,-0.52,-0.43
1986-10-01,0.48,0.99,-0.01
1986-11-01,0.11,0.11,0.1
1986-12-01,0.15,0.04,0.25
1987-01-01,0.82,0.52,1.12
1987-02-01,-0.72,-1.01,-0.45
1987-03-01,-0.93,-0.45,-1.41
1987-04-01,-0.11,-0.13,-0.11
1987-05-01,0.55,0.71,0.36
1987-06-01,0.2,0.42,-0.03
1987-07-01,0.15,0.25,0.07
1987-08-01,1.12,1.02,1.18
1987-09-01,0.1,0.22,-0.06
1987-10-01,0.28,0.25,0.29
1987-11-01,0.55,0.46,0.69
1987-12-01,-0.08,-0.1,-0.06
1988-01-01,-0.15,-0.62,0.3
1988-02-01,0.27,0.72,-0.22
1988-03-01,-0.84,-1.02,-0.68
1988-04-01,-1.23,-1.5,-0.91
1988-05-01,-1.01,-1.48,-0.5
1988-06-01,0.42,0.29,0.55
1988-07-01,1.0,1.02,0.94
1988-08-01,0.42,0.31,0.53
1988-09-01,1.31,1.39,1.24
1988-10-01,1.12,1.11,1.15
1988-11-01,1.06,0.94,1.18
1988-12-01,1.46,0.87,2.06
1989-01-01,1.29,1.43,1.22
1989-02-01,-0.28,-0.16,-0.41
1989-03-01,0.67,0.47,0.89
1989-04-01,0.21,-0.08,0.5
1989-05-01,0.12,0.56,-0.4
1989-06-01,0.1,-0.01,0.21
1989-07-01,-0.65,-0.98,-0.27
1989-08-01,0.43,0.61,0.26
1989-09-01,0.8,0.79,0.83
1989-10-01,1.04,1.18,0.92
1989-11-01,0.92,0.81,1.06
1989-12-01,-0.37,-0.46,-0.27
1990-01-01,0.06,-0.15,0.27
1990-02-01,1.58,1.23,1.97
1990-03-01,1.0,0.81,1.14
1990-04-01,0.6,0.59,0.61
1990-05-01,0.54,0.38,0.69
1990-06-01,-0.03,-0.04,0.02
1990-07-01,0.38,0.48,0.29
1990-08-01,0.22,0.44,-0.04
1990-09-01,-0.63,-0.84,-0.4
1990-10-01,0.3,0.08,0.5
1990-11-01,0.09,0.26,-0.11
1990-12-01,0.42,0.23,0.6
1991-01-01,-0.27,0.13,-0.64
1991-02-01,-0.56,-0.52,-0.6
1991-03-01,0.05,0.2,-0.09
1991-04-01,-0.55,-0.41,-0.63
1991-05-01,-0.39,-0.52,-0.25
1991-06-01,-1.07,-0.9,-1.25
1991-07-01,-0.78,-0.86,-0.7
1991-08-01,0.69,0.86,0.59
1991-09-01,0.32,0.73,-0.08
1991-10-01,-0.26,-0.31,-0.21
1991-11-01,-1.51,-1.39,-1.65
1991-12-01,-0.94,-0.77,-1.16
1992-01-01,-0.36,-0.2,-0.48
1992-02-01,-1.31,-1.35,-1.27
1992-03-01,-1.85,-2.14,-1.55
1992-04-01,-2.22,-2.26,-2.17
1992-05-01,-2.05,-1.92,-2.18
1992-06-01,-1.31,-1.36,-1.25
1992-07-01,0.24,0.51,-0.05
1992-08-01,-1.28,-0.69,-1.85
1992-09-01,-1.85,-1.4,-2.28
1992-10-01,-1.01,-0.54,-1.47
1992-11-01,0.41,0.83,-0.03
1992-12-01,-0.97,-0.52,-1.43
1993-01-01,-1.4,-1.36,-1.47
1993-02-01,-1.72,-1.64,-1.8
1993-03-01,-1.5,-1.34,-1.69
1993-04-01,-1.16,-0.86,-1.42
1993-05-01,-0.18,-0.1,-0.24
1993-06-01,0.96,1.24,0.65
1993-07-01,0.07,-0.14,0.2
1993-08-01,-0.87,-1.26,-0.52
1993-09-01,-1.25,-1.11,-1.43
1993-10-01,0.51,0.22,0.81
1993-11-01,-1.51,-1.4,-1.59
1993-12-01,-1.17,-0.88,-1.44
1994-01-01,0.12,0.06,0.16
1994-02-01,0.44,0.18,0.7
1994-03-01,-0.98,-0.91,-1.0
1994-04-01,0.31,-0.25,0.87
1994-05-01,0.05,0.04,0.05
1994-06-01,-0.79,-0.4,-1.17
1994-07-01,-0.46,-0.43,-0.51
1994-08-01,0.36,0.24,0.51
1994-09-01,-0.98,-0.72,-1.27
1994-10-01,-0.96,-1.2,-0.79
1994-11-01,-0.3,-0.27,-0.31
1994-12-01,-0.14,-0.58,0.3
1995-01-01,-0.34,-0.43,-0.28
1995-02-01,0.26,0.53,-0.0
1995-03-01,0.08,-0.04,0.21
1995-04-01,1.25,1.98,0.51
1995-05-01,0.41,0.28,0.55
1995-06-01,-0.2,0.44,-0.85
1995-07-01,-1.11,-0.92,-1.28
1995-08-01,-0.43,-0.43,-0.45
1995-09-01,-0.19,-0.02,-0.38
1995-10-01,-0.35,0.03,-0.71
1995-11-01,-0.71,-0.77,-0.71
1995-12-01,1.06,1.18,0.94
1996-01-01,0.37,0.67,0.05
1996-02-01,0.12,0.11,0.14
1996-03-01,-0.93,-0.84,-1.02
1996-04-01,0.75,1.16,0.36
1996-05-01,-0.47,-0.83,-0.1
1996-06-01,-0.84,-1.03,-0.66
1996-07-01,-0.19,0.5,-0.85
1996-08-01,-0.84,-0.91,-0.78
1996-09-01,1.1,0.99,1.19
1996-10-01,0.61,0.52,0.68
1996-11-01,-1.0,-1.05,-0.95
1996-12-01,-0.59,-0.87,-0.35
1997-01-01,-1.38,-1.26,-1.46
1997-02-01,0.23,0.43,-0.0
1997-03-01,-0.8,-0.55,-1.03
1997-04-01,-0.73,-0.84,-0.62
1997-05-01,0.74,0.79,0.7
1997-06-01,-0.35,-0.69,-0.05
1997-07-01,-0.55,-1.16,0.03
1997-08-01,-0.25,-0.41,-0.11
1997-09-01,-1.01,-0.8,-1.21
1997-10-01,0.29,-0.01,0.56
1997-11-01,0.26,-0.08,0.62
1997-12-01,-0.46,-0.94,-0.01
1998-01-01,0.6,0.41,0.78
1998-02-01,2.39,2.16,2.61
1998-03-01,1.45,1.27,1.64
1998-04-01,0.55,0.26,0.84
1998-05-01,0.63,0.69,0.56
1998-06-01,0.43,0.33,0.5
1998-07-01,1.78,1.88,1.65
1998-08-01,-0.26,-0.36,-0.14
1998-09-01,0.59,0.26,0.89
1998-10-01,0.99,1.34,0.61
1998-11-01,0.05,0.04,0.13
1998-12-01,0.41,0.32,0.49
1999-01-01,1.6,1.69,1.53
1999-02-01,1.03,0.56,1.5
1999-03-01,1.89,2.0,1.76
1999-04-01,0.34,0.38,0.33
1999-05-01,1.33,0.83,1.81
1999-06-01,0.35,-0.07,0.77
1999-07-01,0.52,0.49,0.57
1999-08-01,-0.09,-0.41,0.24
1999-09-01,0.52,0.21,0.78
1999-10-01,1.35,1.46,1.23
1999-11-01,0.77,1.26,0.27
1999-12-01,-0.73,-0.89,-0.61
2000-01-01,-0.7,-0.27,-1.08
2000-02-01,-0.11,-0.1,-0.09
2000-03-01,-0.34,-0.37,-0.32
2000-04-01,0.45,0.68,0.24
2000-05-01,0.75,0.72,0.78
2000-06-01,0.74,0.82,0.66
2000-07-01,1.53,1.58,1.51
2000-08-01,-0.06,-0.32,0.17
2000-09-01,0.01,-0.04,0.04
2000-10-01,0.36,0.27,0.46
2000-11-01,-1.6,-1.85,-1.35
2000-12-01,1.14,0.93,1.33
2001-01-01,-1.17,-1.44,-0.91
2001-02-01,0.52,0.26,0.75
2001-03-01,0.24,-0.02,0.48
2001-04-01,0.28,-0.27,0.78
2001-05-01,0.53,0.91,0.17
2001-06-01,0.07,-0.44,0.56
2001-07-01,-1.08,-1.6,-0.54
2001-08-01,0.67,0.55,0.76
2001-09-01,0.68,0.34,1.0
2001-10-01,1.36,1.73,0.99
2001-11-01,0.44,0.85,0.0
2001-12-01,0.91,1.49,0.33
2002-01-01,0.01,0.44,-0.44
2002-02-01,-0.97,-0.71,-1.21
2002-03-01,0.49,0.38,0.61
2002-04-01,-0.12,0.12,-0.39
2002-05-01,0.49,0.41,0.57
2002-06-01,1.33,1.52,1.16
2002-07-01,0.21,0.27,0.11
2002-08-01,0.4,0.23,0.55
2002-09-01,0.65,0.3,0.97
2002-10-01,-1.02,-1.53,-0.54
2002-11-01,-0.76,-0.68,-0.88
2002-12-01,0.01,-0.01,0.07
2003-01-01,-0.57,-0.83,-0.33
2003-02-01,-0.71,-1.05,-0.35
2003-03-01,1.01,0.94,1.05
2003-04-01,-0.42,-0.28,-0.59
2003-05-01,0.72,0.46,0.97
2003-06-01,1.64,1.48,1.84
2003-07-01,-0.72,-1.26,-0.17
2003-08-01,0.07,-0.0,0.16
2003-09-01,-0.02,0.07,-0.16
2003-10-01,-0.5,-0.69,-0.33
2003-11-01,-0.57,-0.82,-0.32
2003-12-01,0.21,-0.01,0.41
2004-01-01,1.14,1.21,1.06
2004-02-01,-1.24,-0.65,-1.81
2004-03-01,-1.14,-1.09,-1.17
2004-04-01,-1.16,-1.01,-1.32
2004-05-01,0.55,1.06,0.03
2004-06-01,0.98,1.02,0.96
2004-07-01,-0.74,-1.08,-0.37
2004-08-01,-1.2,-0.99,-1.44
2004-09-01,-0.72,-0.9,-0.49
2004-10-01,-0.11,0.23,-0.43
2004-11-01,0.61,0.48,0.69
2004-12-01,-2.23,-2.1,-2.35
2005-01-01,-0.26,-0.03,-0.5
2005-02-01,1.33,1.43,1.24
2005-03-01,0.34,0.64,0.11
2005-04-01,-0.53,-0.82,-0.21
2005-05-01,0.62,0.78,0.4
2005-06-01,-0.4,-0.35,-0.42
2005-07-01,1.25,1.55,0.97
2005-08-01,0.96,0.58,1.36
2005-09-01,0.61,0.55,0.65
2005-10-01,0.07,-0.0,0.13
2005-11-01,0.13,-0.16,0.41
2005-12-01,1.9,2.08,1.72
2006-01-01,-0.04,-0.38,0.3
2006-02-01,0.1,0.13,0.09
2006-03-01,-1.27,-1.21,-1.4
2006-04-01,1.33,1.72,0.93
2006-05-01,0.12,0.55,-0.32
2006-06-01,-1.41,-1.76,-1.03
2006-07-01,0.25,0.13,0.37
2006-08-01,-0.1,-0.11,-0.09
2006-09-01,0.96,0.82,1.15
2006-10-01,-0.18,-0.07,-0.29
2006-11-01,-0.17,-0.02,-0.31
2006-12-01,-2.07,-1.95,-2.16
2007-01-01,-0.5,-0.07,-0.92
2007-02-01,-0.2,-0.27,-0.15
2007-03-01,1.03,0.7,1.36
2007-04-01,-0.43,-0.42,-0.45
2007-05-01,1.55,1.28,1.84
2007-06-01,-0.74,-0.9,-0.6
2007-07-01,0.14,0.37,-0.12
2007-08-01,0.13,-0.01,0.24
2007-09-01,-0.0,-0.09,0.09
2007-10-01,-0.43,-0.59,-0.26
2007-11-01,-0.31,-0.72,0.13
2007-12-01,0.49,0.62,0.35
2008-01-01,1.23,1.04,1.44
2008-02-01,0.4,0.36,0.42
2008-03-01,0.83,0.87,0.82
2008-04-01,0.44,0.49,0.39
2008-05-01,-1.22,-1.52,-0.95
2008-06-01,0.29,-0.0,0.59
2008-07-01,0.47,0.78,0.18
2008-08-01,-0.45,-0.17,-0.73
2008-09-01,0.5,0.61,0.45
2008-10-01,-0.02,-0.33,0.28
2008-11-01,0.36,0.24,0.49
2008-12-01,0.18,0.23,0.16
2009-01-01,0.63,0.23,1.03
2009-02-01,-0.2,0.31,-0.67
2009-03-01,-0.52,-0.67,-0.38
2009-04-01,0.26,0.29,0.16
2009-05-01,-1.95,-1.86,-2.06
2009-06-01,-1.07,-0.88,-1.3
2009-07-01,-0.56,-0.52,-0.62
2009-08-01,1.42,1.49,1.31
2009-09-01,-0.04,-0.44,0.38
2009-10-01,-1.45,-1.24,-1.6
2009-11-01,-0.02,-0.13,0.08
2009-12-01,-0.35,-0.37,-0.33
2010-01-01,-0.36,0.07,-0.81
2010-02-01,0.54,0.53,0.58
2010-03-01,0.39,-0.14,0.86
2010-04-01,1.0,0.95,1.08
2010-05-01,0.48,0.9,0.07
2010-06-01,0.18,0.31,0.07
2010-07-01,-0.21,-0.46,0.04
2010-08-01,0.79,1.2,0.38
2010-09-01,0.4,0.56,0.24
2010-10-01,-0.34,-0.6,-0.13
2010-11-01,1.09,0.91,1.28
2010-12-01,1.55,1.69,1.47
2011-01-01,0.25,0.54,-0.01
2011-02-01,0.58,0.82,0.37
2011-03-01,0.07,-0.17,0.28
2011-04-01,-0.34,-0.04,-0.62
2011-05-01,1.97,2.4,1.5
2011-06-01,1.31,1.65,0.94
2011-07-01,0.06,-0.12,0.17
2011-08-01,-0.78,-1.24,-0.25
2011-09-01,-0.81,-1.2,-0.43
2011-10-01,0.37,0.67,0.03
2011-11-01,-0.18,-0.06,-0.29
2011-12-01,0.18,0.55,-0.2
2012-01-01,-0.76,-0.66,-0.88
2012-02-01,-0.82,-0.21,-1.45
2012-03-01,-1.1,-1.03,-1.19
2012-04-01,0.35,0.02,0.68
2012-05-01,-0.6,-0.88,-0.31
2012-06-01,-0.77,-0.98,-0.53
2012-07-01,0.61,0.43,0.8
2012-08-01,1.08,1.5,0.66
2012-09-01,0.27,0.19,0.37
2012-10-01,-0.29,-0.34,-0.21
2012-11-01,-0.95,-1.12,-0.77
2012-12-01,1.14,1.02,1.2
2013-01-01,0.15,-0.4,0.69
2013-02-01,-0.17,-0.59,0.24
2013-03-01,0.99,0.73,1.26
2013-04-01,0.86,1.19,0.52
2013-05-01,0.33,0.34,0.33
2013-06-01,0.41,0.72,0.11
2013-07-01,1.19,0.84,1.51
2013-08-01,1.65,1.91,1.42
2013-09-01,0.34,0.39,0.31
2013-10-01,0.76,0.72,0.83
2013-11-01,1.38,1.38,1.33
2013-12-01,0.82,0.75,0.9
2014-01-01,-1.01,-1.01,-1.04
2014-02-01,-0.0,0.02,-0.02
2014-03-01,-0.44,-0.56,-0.35
2014-04-01,1.16,1.99,0.37
2014-05-01,0.48,0.17,0.74
2014-06-01,1.63,1.6,1.65
2014-07-01,0.23,0.31,0.2
2014-08-01,-0.21,-0.4,-0.04
2014-09-01,0.29,0.06,0.51
2014-10-01,0.07,-0.33,0.49
2014-11-01,-0.41,-0.63,-0.22
2014-12-01,0.34,0.45,0.24
2015-01-01,1.06,0.67,1.45
2015-02-01,-0.33,-0.69,0.02
2015-03-01,1.03,1.06,0.99
2015-04-01,0.75,1.14,0.38
2015-05-01,0.18,-0.22,0.56
2015-06-01,0.18,-0.03,0.42
2015-07-01,-0.17,-0.24,-0.07
2015-08-01,-0.31,-0.24,-0.35
2015-09-01,-0.84,-0.85,-0.83
2015-10-01,0.47,0.13,0.82
2015-11-01,-0.18,-0.42,0.08
2015-12-01,-0.14,-0.51,0.28
2016-01-01,0.45,0.94,-0.05
2016-02-01,2.24,1.96,2.54
2016-03-01,1.29,1.16,1.38
2016-04-01,0.92,0.34,1.47
2016-05-01,2.11,2.28,1.91
2016-06-01,1.56,1.25,1.88
2016-07-01,0.74,0.37,1.1
2016-08-01,-0.52,-0.84,-0.18
2016-09-01,0.46,1.03,-0.12
2016-10-01,0.67,0.87,0.45
2016-11-01,0.39,0.7,0.11
2016-12-01,-0.28,-0.48,-0.07
2017-01-01,-0.72,-0.64,-0.81
2017-02-01,-0.06,-0.21,0.07
2017-03-01,0.33,0.76,-0.09
2017-04-01,0.73,1.26,0.22
2017-05-01,-0.33,-0.42,-0.21
2017-06-01,0.18,-0.0,0.37
2017-07-01,0.06,0.18,-0.09
2017-08-01,1.25,1.39,1.15
2017-09-01,0.67,1.09,0.27
2017-10-01,0.96,1.03,0.89
2017-11-01,1.08,0.91,1.22
2017-12-01,2.39,1.75,3.03
2018-01-01,3.15,3.59,2.67
2018-02-01,0.83,1.19,0.44
2018-03-01,1.26,1.5,1.01
2018-04-01,0.1,0.18,0.02
2018-05-01,0.34,0.54,0.19
2018-06-01,-0.02,0.2,-0.23
2018-07-01,1.07,0.9,1.32
2018-08-01,0.86,0.84,0.89
2018-09-01,-0.03,-0.14,0.07
2018-10-01,0.33,0.26,0.43
2018-11-01,0.49,0.57,0.43
2018-12-01,1.28,1.63,0.91
2019-01-01,1.72,1.69,1.77
2019-02-01,0.6,0.15,1.05
2019-03-01,1.89,2.05,1.85
2019-04-01,-0.1,0.09,-0.26
2019-05-01,1.71,1.58,1.84
2019-06-01,0.12,-0.18,0.42
2019-07-01,1.69,1.88,1.5
2019-08-01,0.06,-0.1,0.26
2019-09-01,-0.07,-0.17,0.03
2019-10-01,-0.27,-0.18,-0.34
2019-11-01,1.55,1.5,1.56
2019-12-01,0.28,0.23,0.31
2020-01-01,0.08,0.27,-0.14
2020-02-01,0.98,0.86,1.11
2020-03-01,-0.27,-0.33,-0.24
2020-04-01,0.23,0.02,0.44
2020-05-01,0.45,0.22,0.67
2020-06-01,1.38,1.54,1.24
2020-07-01,0.8,0.74,0.81
2020-08-01,1.24,1.13,1.35
2020-09-01,0.49,0.25,0.74
2020-10-01,1.16,1.17,1.15
2020-11-01,0.91,1.15,0.63
2020-12-01,0.14,0.18,0.11
2021-01-01,0.36,0.3,0.43
2021-02-01,0.08,-0.35,0.51
2021-03-01,0.62,0.66,0.56
2021-04-01,0.93,0.64,1.22
2021-05-01,0.67,0.38,0.99
2021-06-01,1.98,2.37,1.58
2021-07-01,1.07,0.9,1.21
2021-08-01,0.92,1.13,0.73
2021-09-01,0.19,0.06,0.36
2021-10-01,1.17,1.57,0.79
2021-11-01,1.72,1.98,1.45
