,Year,Month,soi3m,nino5m,CEI,category,code
1950-05-01,1950,5,1.7347998090835717,-1.9280422078337736,-3.6628420169173452,CEI NINA,-3.0
1950-06-01,1950,6,2.189921861090621,-1.721989889784323,-3.9119117508749444,CEI NINA,-3.0
1950-07-01,1950,7,2.518663918661891,-1.5344617854845366,-4.053125704146428,CEI NINA,-3.0
1950-08-01,1950,8,2.6822645724944634,-1.4373476095714062,-4.11961218206587,CEI NINA,-3.0
1950-09-01,1950,9,1.7180874946010076,-1.3327449217169225,-3.05083241631793,CEI NINA,-3.0
1950-10-01,1950,10,1.4836572201796943,-1.1792698401399213,-2.662927060319616,CEI NINA,-3.0
1950-11-01,1950,11,1.337177429444524,-1.185575955458956,-2.52275338490348,CEI NINA,-3.0
1950-12-01,1950,12,1.9342942715340978,-1.275989883845611,-3.210284155379709,CEI NINA,-3.0
1951-01-01,1951,1,1.843735346611976,-1.3607283084451383,-3.204463655057114,CEI NINA,-3.0
1951-02-01,1951,2,1.7637057015749886,-1.371212225163033,-3.1349179267380216,CEI NINA,-3.0
1951-03-01,1951,3,1.0140957732329974,-1.2178947964690114,-2.231990569702009,CEI NINA,-3.0
1951-04-01,1951,4,0.496209315102194,-0.974794050920239,-1.4710033660224329,NINO3.4 NINA,-1.0
1951-05-01,1951,5,0.019576788994883684,-0.6486890624846751,-0.6682658514795587,NINO3.4 NINA,-1.0
1951-06-01,1951,6,0.2773005204391871,-0.30547873624622646,-0.5827792566854135,Neutral,0.0
1951-07-01,1951,7,-0.0729983131861318,0.03812572219966063,0.11112403538579244,Neutral,0.0
1951-08-01,1951,8,0.15395093791034675,0.16125262380380861,0.007301685893461862,Neutral,0.0
1951-09-01,1951,9,-0.45394292253849167,0.3107863833064134,0.7647293058449051,Neutral,0.0
1951-10-01,1951,10,-0.39053061007357087,0.40987122025674194,0.8004018303303129,Neutral,0.0
1951-11-01,1951,11,-0.6060229463550347,0.5241695604142402,1.130192506769275,NINO3.4 NINO,1.0
1951-12-01,1951,12,-0.4419682462978839,0.5070642226113595,0.9490324689092434,NINO3.4 NINO,1.0
1952-01-01,1952,1,-0.5065691749346257,0.4909048021063319,0.9974739770409576,Neutral,0.0
1952-02-01,1952,2,-0.5697214062552401,0.37164039613509303,0.9413618023903332,Neutral,0.0
1952-03-01,1952,3,-0.32690185341025113,0.23172346249401735,0.5586253159042684,Neutral,0.0
1952-04-01,1952,4,-0.18574178539159952,0.10591646187927901,0.2916582472708785,Neutral,0.0
1952-05-01,1952,5,0.34554580493348214,0.018182632503211053,-0.3273631724302711,Neutral,0.0
1952-06-01,1952,6,0.6420039050025975,-0.10683610369664368,-0.7488400086992412,Neutral,0.0
1952-07-01,1952,7,0.9793022495955901,-0.2598382266247132,-1.2391404762203033,Neutral,0.0
1952-08-01,1952,8,0.6076110491768731,-0.37082585623971687,-0.97843690541659,Neutral,0.0
1952-09-01,1952,9,0.03540823062045786,-0.47905456040264305,-0.5144627910231009,Neutral,0.0
1952-10-01,1952,10,-0.02905143707607135,-0.5715179762679825,-0.5424665391919111,NINO3.4 NINA,-1.0
1952-11-01,1952,11,-0.03462805294027893,-0.6416735091922391,-0.6070454562519602,NINO3.4 NINA,-1.0
1952-12-01,1952,12,-0.3503064517783179,-0.5712814969435176,-0.22097504516519972,NINO3.4 NINA,-1.0
1953-01-01,1953,1,-0.3779167931699126,-0.40062225112215294,-0.022705457952240327,Neutral,0.0
1953-02-01,1953,2,-0.4748200436863376,-0.25266502044930955,0.22215502323702807,Neutral,0.0
1953-03-01,1953,3,-0.0913120473189189,-0.07569965930890867,0.015612388010010234,Neutral,0.0
1953-04-01,1953,4,-0.10284329195879456,0.16976587948450111,0.27260917144329566,Neutral,0.0
1953-05-01,1953,5,-1.0674490466178908,0.36344244622034255,1.4308914928382332,SOI NINO,2.0
1953-06-01,1953,6,-0.9448297956804499,0.4441607223039854,1.3889905179844353,Neutral,0.0
1953-07-01,1953,7,-1.0268334627901459,0.4425053670327402,1.469338829822886,SOI NINO,2.0
1953-08-01,1953,8,-0.4597501880725327,0.3882727752890463,0.848022963361579,Neutral,0.0
1953-09-01,1953,9,-0.9998777949789844,0.3770005941562746,1.3768783891352592,Neutral,0.0
1953-10-01,1953,10,-0.9442446323900021,0.3129146972265892,1.2571593296165913,Neutral,0.0
1953-11-01,1953,11,-0.49525267329285255,0.24748875079160743,0.74274142408446,Neutral,0.0
1953-12-01,1953,12,-0.14934386126148252,0.2918680373493123,0.44121189861079485,Neutral,0.0
1954-01-01,1954,1,0.017354022406959064,0.36793555338516165,0.3505815309782026,Neutral,0.0
1954-02-01,1954,2,0.03728019765844171,0.3692756028904556,0.3319954052320139,Neutral,0.0
1954-03-01,1954,3,0.2789921132889185,0.24354742871720614,-0.03544468457171235,Neutral,0.0
1954-04-01,1954,4,0.34899211591965235,-0.0690782382239254,-0.41807035414357774,Neutral,0.0
1954-05-01,1954,5,0.6918184940843706,-0.33653635419247263,-1.0283548482768432,Neutral,0.0
1954-06-01,1954,6,0.6761382041697812,-0.6247258242723412,-1.3008640284421225,NINO3.4 NINA,-1.0
1954-07-01,1954,7,0.5959270648104269,-0.945628267569702,-1.541555332380129,NINO3.4 NINA,-1.0
1954-08-01,1954,8,0.8079968804804614,-1.1985034918629789,-2.0065003723434405,NINO3.4 NINA,-1.0
1954-09-01,1954,9,0.8698491924050461,-1.3256505419830078,-2.195499734388054,NINO3.4 NINA,-1.0
1954-10-01,1954,10,0.7788745360173842,-1.503246514655312,-2.2821210506726963,NINO3.4 NINA,-1.0
1954-11-01,1954,11,0.40850413805462654,-1.5663076678456553,-1.974811805900282,NINO3.4 NINA,-1.0
1954-12-01,1954,12,0.7260895492484661,-1.6212496975627415,-2.3473392468112078,NINO3.4 NINA,-1.0
1955-01-01,1955,1,0.44088693884122826,-1.5120750761019615,-1.9529620149431897,NINO3.4 NINA,-1.0
1955-02-01,1955,2,0.82752637822641,-1.3522938792059294,-2.1798202574323393,NINO3.4 NINA,-1.0
1955-03-01,1955,3,0.5960785674503484,-1.2510019018939411,-1.8470804693442895,NINO3.4 NINA,-1.0
1955-04-01,1955,4,0.7720304645666269,-1.2632988267660608,-2.0353292913326877,NINO3.4 NINA,-1.0
1955-05-01,1955,5,0.8734112957250982,-1.2280634074209584,-2.1014747031460566,NINO3.4 NINA,-1.0
1955-06-01,1955,6,1.4253036618803137,-1.251396034101383,-2.6766996959816964,CEI NINA,-3.0
1955-07-01,1955,7,2.2353737714542676,-1.2743345285743692,-3.509708300028637,CEI NINA,-3.0
1955-08-01,1955,8,2.284391347647393,-1.3474854662751656,-3.631876813922559,CEI NINA,-3.0
1955-09-01,1955,9,1.9960401395140306,-1.427336651502437,-3.4233767910164676,CEI NINA,-3.0
1955-10-01,1955,10,1.7756427406138264,-1.690065180981705,-3.4657079215955315,CEI NINA,-3.0
1955-11-01,1955,11,1.6247919504436117,-2.006159211348303,-3.6309511617919146,CEI NINA,-3.0
1955-12-01,1955,12,1.4642657110208392,-2.2337311479239554,-3.6979968589447947,CEI NINA,-3.0
1956-01-01,1956,1,1.2621241917026162,-2.2073242900255017,-3.4694484817281177,CEI NINA,-3.0
1956-02-01,1956,2,1.1769017892326523,-2.097203751266865,-3.2741055404995176,CEI NINA,-3.0
1956-03-01,1956,3,1.300703366224034,-1.7452436900232595,-3.0459470562472934,CEI NINA,-3.0
1956-04-01,1956,4,1.3104572293390055,-1.38626807548723,-2.6967253048262356,CEI NINA,-3.0
1956-05-01,1956,5,1.677359948468335,-1.0767166397641323,-2.7540765882324676,CEI NINA,-3.0
1956-06-01,1956,6,1.8433716648290959,-0.9747152244787493,-2.8180868893078452,CEI NINA,-3.0
1956-07-01,1956,7,1.9910068330215323,-0.966911406771443,-2.957918239792975,CEI NINA,-3.0
1956-08-01,1956,8,1.7173194932974876,-1.0566158971847057,-2.773935390482193,CEI NINA,-3.0
1956-09-01,1956,9,1.0853692241111395,-1.0891712175192194,-2.174540441630359,CEI NINA,-3.0
1956-10-01,1956,10,1.2393085297089204,-1.1461627347149907,-2.385471264423911,CEI NINA,-3.0
1956-11-01,1956,11,0.7769778391658599,-1.21395347439461,-1.99093131356047,NINO3.4 NINA,-1.0
1956-12-01,1956,12,1.1558099270506368,-1.190857327038646,-2.346667254089283,CEI NINA,-3.0
1957-01-01,1957,1,0.6512873883836791,-1.039116427174384,-1.6904038155580632,NINO3.4 NINA,-1.0
1957-02-01,1957,2,0.5777496421971434,-0.850957711342697,-1.4287073535398405,NINO3.4 NINA,-1.0
1957-03-01,1957,3,0.3057299891197389,-0.5794006204167801,-0.885130609536519,NINO3.4 NINA,-1.0
1957-04-01,1957,4,0.22824154495847754,-0.20387145316828525,-0.4321129981267628,Neutral,0.0
1957-05-01,1957,5,-0.10123432890912111,0.17189419340467366,0.27312852231379475,Neutral,0.0
1957-06-01,1957,6,-0.1487274496645376,0.4749030344842778,0.6236304841488154,Neutral,0.0
1957-07-01,1957,7,-0.19792556887392249,0.7570228685695802,0.9549484374435027,NINO3.4 NINO,1.0
1957-08-01,1957,8,-0.0944895955294509,0.9061624958647448,1.0006520913941956,NINO3.4 NINO,1.0
1957-09-01,1957,9,-0.5471975128259763,0.9516453526032821,1.4988428654292583,NINO3.4 NINO,1.0
1957-10-01,1957,10,-0.6147840433450937,0.953773666523458,1.5685577098685517,NINO3.4 NINO,1.0
1957-11-01,1957,11,-0.792260995923537,1.0065873823203717,1.7988483782439086,NINO3.4 NINO,1.0
1957-12-01,1957,12,-0.5154243174768076,1.0888033607922818,1.6042276782690894,NINO3.4 NINO,1.0
1958-01-01,1958,1,-1.0778285138206183,1.306758471506404,2.3845869853270223,CEI NINO,3.0
1958-02-01,1958,2,-0.8171029695333463,1.492552394093453,2.309655363626799,NINO3.4 NINO,1.0
1958-03-01,1958,3,-0.6126399845606976,1.5607372659805108,2.1733772505412086,NINO3.4 NINO,1.0
1958-04-01,1958,4,0.0665488615116158,1.4585781978121506,1.3920293363005347,NINO3.4 NINO,1.0
1958-05-01,1958,5,0.0297368820269014,1.259699085938102,1.2299622039112006,NINO3.4 NINO,1.0
1958-06-01,1958,6,0.09658362842642905,0.9336729239440273,0.8370892955175983,NINO3.4 NINO,1.0
1958-07-01,1958,7,0.10041548659926015,0.6127704806466674,0.5123549940474073,NINO3.4 NINO,1.0
1958-08-01,1958,8,0.6968390339321284,0.37171922257658024,-0.3251198113555482,Neutral,0.0
1958-09-01,1958,9,0.41095169294292705,0.1618044088942248,-0.24914728404870226,Neutral,0.0
1958-10-01,1958,10,0.2684978215241906,-0.008697184044165501,-0.2771950055683561,Neutral,0.0
1958-11-01,1958,11,-0.30195354812699915,-0.07412313047914645,0.2278304176478527,Neutral,0.0
1958-12-01,1958,12,-0.39746127466164827,-0.09359326152666454,0.30386801313498374,Neutral,0.0
1959-01-01,1959,1,-0.6643363216588862,0.025040532912666797,0.6893768545715531,Neutral,0.0
1959-02-01,1959,2,-0.867683483077314,0.2061048690104408,1.073788352087755,Neutral,0.0
1959-03-01,1959,3,-0.2129104185672977,0.31449122605634305,0.5274016446236407,Neutral,0.0
1959-04-01,1959,4,0.2626957689353595,0.325842233630602,0.06314646469524249,Neutral,0.0
1959-05-01,1959,5,0.8597139922641426,0.28540426914729167,-0.5743097231168509,Neutral,0.0
1959-06-01,1959,6,0.3318333485516406,0.11072487481004188,-0.2211084737415987,Neutral,0.0
1959-07-01,1959,7,-0.026108796137169606,-0.16761129008383613,-0.14150249394666653,Neutral,0.0
1959-08-01,1959,8,-0.32552119917929745,-0.39920337517537186,-0.0736821759960744,Neutral,0.0
1959-09-01,1959,9,-0.22577635902729787,-0.6304013280594674,-0.4046249690321695,NINO3.4 NINA,-1.0
1959-10-01,1959,10,0.14180828033007337,-0.7063111912123423,-0.8481194715424156,NINO3.4 NINA,-1.0
1959-11-01,1959,11,0.5927548777911283,-0.7930202768490652,-1.3857751546401935,NINO3.4 NINA,-1.0
1959-12-01,1959,12,0.8981967415747822,-0.7084395051325165,-1.6066362467072988,NINO3.4 NINA,-1.0
1960-01-01,1960,1,0.7188388788596833,-0.5992648836717366,-1.31810376253142,NINO3.4 NINA,-1.0
1960-02-01,1960,2,0.3272647331477351,-0.515157070604117,-0.842421803751852,NINO3.4 NINA,-1.0
1960-03-01,1960,3,0.3554517997618945,-0.4729849244080751,-0.8284367241699696,Neutral,0.0
1960-04-01,1960,4,0.6420157132409022,-0.3859605330054036,-1.0279762462463058,Neutral,0.0
1960-05-01,1960,5,0.9719792158750613,-0.3270771812139221,-1.2990563970889835,Neutral,0.0
1960-06-01,1960,6,0.6976695995292042,-0.3433154281604336,-1.0409850276896377,Neutral,0.0
1960-07-01,1960,7,0.6206037397744533,-0.3071340915174725,-0.9277378312919258,Neutral,0.0
1960-08-01,1960,8,0.6598412250958697,-0.27859891969884065,-0.9384401447947104,Neutral,0.0
1960-09-01,1960,9,0.8409260574711617,-0.2946006873208881,-1.1355267447920498,Neutral,0.0
1960-10-01,1960,10,0.6360869583228045,-0.3705105504737631,-1.0065975087965675,Neutral,0.0
1960-11-01,1960,11,0.5221588019968758,-0.37445187254815854,-0.8966106745450344,Neutral,0.0
1960-12-01,1960,12,0.5321538512774241,-0.3844628306171252,-0.9166166818945494,Neutral,0.0
1961-01-01,1961,1,0.4308977958206396,-0.4289997700578078,-0.8598975658784473,Neutral,0.0
1961-02-01,1961,2,0.43264932005672296,-0.4040117881061356,-0.8366611081628585,Neutral,0.0
1961-03-01,1961,3,-0.4102883022476083,-0.3665692283993694,0.04371907384823892,Neutral,0.0
1961-04-01,1961,4,0.019612130285293364,-0.36231260055902437,-0.3819247308443177,Neutral,0.0
1961-05-01,1961,5,-0.05732130851486379,-0.2963348690336289,-0.2390135605187651,Neutral,0.0
1961-06-01,1961,6,0.5627236012928579,-0.20142783348215898,-0.7641514347750169,Neutral,0.0
1961-07-01,1961,7,0.3328583686006659,-0.2267311211997826,-0.5595894898004485,Neutral,0.0
1961-08-01,1961,8,0.28387208409916015,-0.3093412318791314,-0.5932133159782915,Neutral,0.0
1961-09-01,1961,9,0.27822052329045516,-0.4506770414669873,-0.7288975647574425,Neutral,0.0
1961-10-01,1961,10,0.026579834284758838,-0.6637449128088595,-0.6903247470936184,NINO3.4 NINA,-1.0
1961-11-01,1961,11,0.15074803335033846,-0.8143034160508053,-0.9650514494011437,NINO3.4 NINA,-1.0
1961-12-01,1961,12,0.6361580910095939,-0.8857989984803575,-1.5219570894899515,NINO3.4 NINA,-1.0
1962-01-01,1962,1,1.347843769527271,-0.873580900049731,-2.2214246695770017,CEI NINA,-3.0
1962-02-01,1962,2,1.3210370320004878,-0.7800139140035593,-2.1010509460040474,CEI NINA,-3.0
1962-03-01,1962,3,0.9016831121135814,-0.6550740042451918,-1.5567571163587732,NINO3.4 NINA,-1.0
1962-04-01,1962,4,0.43780626442879983,-0.6602765493833981,-1.0980828138121979,NINO3.4 NINA,-1.0
1962-05-01,1962,5,0.8090743269835428,-0.7007145138667077,-1.5097888408502504,NINO3.4 NINA,-1.0
1962-06-01,1962,6,1.0667980584278463,-0.6814808621436511,-1.7482789205714973,CEI NINA,-3.0
1962-07-01,1962,7,0.9645699618362756,-0.6500291119899656,-1.6145990738262412,NINO3.4 NINA,-1.0
1962-08-01,1962,8,0.6626078865167835,-0.6664250118194541,-1.3290328983362376,NINO3.4 NINA,-1.0
1962-09-01,1962,9,0.49181247411745266,-0.7155338848664321,-1.2073463589838846,NINO3.4 NINA,-1.0
1962-10-01,1962,10,0.8921658278110784,-0.7015816047230674,-1.5937474325341459,NINO3.4 NINA,-1.0
1962-11-01,1962,11,0.7815159210614339,-0.7882906903597895,-1.5698066114212232,NINO3.4 NINA,-1.0
1962-12-01,1962,12,0.6369050652460578,-0.8999877579481854,-1.5368928231942434,NINO3.4 NINA,-1.0
1963-01-01,1963,1,0.5450643868131165,-0.965807836590609,-1.5108722234037255,NINO3.4 NINA,-1.0
1963-02-01,1963,2,0.5150126519203773,-0.9029831627247303,-1.4179958146451077,NINO3.4 NINA,-1.0
1963-03-01,1963,3,0.8751171828113685,-0.7496657340307079,-1.6247829168420764,NINO3.4 NINA,-1.0
1963-04-01,1963,4,0.809050858661256,-0.5254833344390384,-1.3345341931002945,NINO3.4 NINA,-1.0
1963-05-01,1963,5,0.8920203702585457,-0.3578194933942144,-1.2498398636527601,Neutral,0.0
1963-06-01,1963,6,0.2746911524479057,-0.16595593481259094,-0.4406470872604966,Neutral,0.0
1963-07-01,1963,7,0.005729812646195858,0.09961034656024616,0.0938805339140503,Neutral,0.0
1963-08-01,1963,8,-0.19844404823931788,0.2653035265678761,0.463747574807194,Neutral,0.0
1963-09-01,1963,9,-0.16814218634638073,0.4077429063365661,0.5758850926829469,Neutral,0.0
1963-10-01,1963,10,-0.5710936576227563,0.6132434392956005,1.1843370969183569,NINO3.4 NINO,1.0
1963-11-01,1963,11,-0.9196090584102914,0.8055799565261489,1.7251890149364404,NINO3.4 NINO,1.0
1963-12-01,1963,12,-1.1330275779903591,0.9138086606890766,2.0468362386794356,CEI NINO,3.0
1964-01-01,1964,1,-0.8458349135396166,0.9473098983214441,1.7931448118610607,NINO3.4 NINO,1.0
1964-02-01,1964,2,-0.4760690796338729,0.8800709437322394,1.3561400233661123,NINO3.4 NINO,1.0
1964-03-01,1964,3,0.3621795451289821,0.6668454195073885,0.3046658743784064,NINO3.4 NINO,1.0
1964-04-01,1964,4,0.9572270735348134,0.2880055417163957,-0.6692215318184177,Neutral,0.0
1964-05-01,1964,5,1.1401505013021187,-0.19701355275883792,-1.3371640540609566,SOI NINA,-2.0
1964-06-01,1964,6,1.1530879818831665,-0.6199962377830665,-1.773084219666233,CEI NINA,-3.0
1964-07-01,1964,7,0.9919791245962037,-0.9125211621447723,-1.904500286740976,NINO3.4 NINA,-1.0
1964-08-01,1964,8,1.4068557877285193,-1.1535724202148594,-2.560428207943379,CEI NINA,-3.0
1964-09-01,1964,9,1.468445718843946,-1.306732196025905,-2.775177914869851,CEI NINA,-3.0
1964-10-01,1964,10,1.6644836510050613,-1.3802772659341418,-3.044760916939203,CEI NINA,-3.0
1964-11-01,1964,11,1.1058216684466782,-1.4669863515708637,-2.5728080200175416,CEI NINA,-3.0
1964-12-01,1964,12,0.5049540844171471,-1.5810482124038971,-2.0860022968210443,NINO3.4 NINA,-1.0
1965-01-01,1965,1,-0.12502251886283663,-1.500251109878772,-1.3752285910159354,NINO3.4 NINA,-1.0
1965-02-01,1965,2,-0.10704410367835814,-1.297903634579257,-1.190859530900899,NINO3.4 NINA,-1.0
1965-03-01,1965,3,0.23028232232931992,-1.0594536490782704,-1.2897359714075904,NINO3.4 NINA,-1.0
1965-04-01,1965,4,0.07749915996718966,-0.8139881102848606,-0.8914872702520503,NINO3.4 NINA,-1.0
1965-05-01,1965,5,0.0834079957539168,-0.45714080966900544,-0.5405488054229223,Neutral,0.0
1965-06-01,1965,6,-0.5099615483596155,-0.12811924289838464,0.3818423054612309,Neutral,0.0
1965-07-01,1965,7,-1.1164142059782045,0.17291893714401965,1.2893331431222241,SOI NINO,2.0
1965-08-01,1965,8,-1.5340248959569516,0.5112420240102149,2.0452669199671663,CEI NINO,3.0
1965-09-01,1965,9,-1.7042955467379777,0.8925255214873332,2.596821068225311,CEI NINO,3.0
1965-10-01,1965,10,-1.166740300655792,1.204441750455073,2.371182051110865,CEI NINO,3.0
1965-11-01,1965,11,-1.4772403177402522,1.4393445460891043,2.9165848638293568,CEI NINO,3.0
1965-12-01,1965,12,-0.8857985446258401,1.5995987016340663,2.4853972462599065,NINO3.4 NINO,1.0
1966-01-01,1966,1,-0.9378097565564764,1.5952632473522284,2.533073003908705,NINO3.4 NINO,1.0
1966-02-01,1966,2,-0.38695745585716057,1.4830932211149033,1.8700506769720637,NINO3.4 NINO,1.0
1966-03-01,1966,3,-0.8007016476856907,1.3597298401862923,2.160431487871983,NINO3.4 NINO,1.0
1966-04-01,1966,4,-0.516205060613172,1.113318384095021,1.6295234447081928,NINO3.4 NINO,1.0
1966-05-01,1966,5,-0.6686663425001763,0.7205262261606654,1.3891925686608417,NINO3.4 NINO,1.0
1966-06-01,1966,6,-0.13527514871144594,0.46780865475036465,0.6030838034618106,Neutral,0.0
1966-07-01,1966,7,-0.030321143129131676,0.31244173857765606,0.34276288170678776,Neutral,0.0
1966-08-01,1966,8,0.45321910808256655,-0.0019181100762061835,-0.4551372181587727,Neutral,0.0
1966-09-01,1966,9,0.17922878105748666,-0.2165625102478373,-0.395791291305324,Neutral,0.0
1966-10-01,1966,10,0.14751248957685706,-0.2617300612204199,-0.409242550797277,Neutral,0.0
1966-11-01,1966,11,-0.12106286707671945,-0.36735749281424546,-0.246294625737526,Neutral,0.0
1966-12-01,1966,12,-0.16854265828994364,-0.5287152185400364,-0.3601725602500928,NINO3.4 NINA,-1.0
1967-01-01,1967,1,0.3752959820907454,-0.6039944701610123,-0.9792904522517576,NINO3.4 NINA,-1.0
1967-02-01,1967,2,0.826841081151105,-0.6452206990592002,-1.4720617802103053,NINO3.4 NINA,-1.0
1967-03-01,1967,3,1.370974990902191,-0.7118290421165017,-2.082804033018693,CEI NINA,-3.0
1967-04-01,1967,4,0.8707471818523137,-0.8470952157097922,-1.717842397562106,NINO3.4 NINA,-1.0
1967-05-01,1967,5,0.4140588080298323,-0.8307781423217926,-1.2448369503516248,NINO3.4 NINA,-1.0
1967-06-01,1967,6,0.414084832402617,-0.7003992081007546,-1.1144840405033716,NINO3.4 NINA,-1.0
1967-07-01,1967,7,0.5082502473168365,-0.6003684538525706,-1.1086187011694073,NINO3.4 NINA,-1.0
1967-08-01,1967,8,0.8533977853499957,-0.5198078306519047,-1.3732056160019004,NINO3.4 NINA,-1.0
1967-09-01,1967,9,0.6189767112690785,-0.4956081131151084,-1.114584824384187,Neutral,0.0
1967-10-01,1967,10,0.5685499190936589,-0.5525996303108806,-1.1211495494045396,NINO3.4 NINA,-1.0
1967-11-01,1967,11,0.09224434174032059,-0.6534974754154304,-0.7457418171557509,NINO3.4 NINA,-1.0
1967-12-01,1967,12,-0.2725371863784492,-0.748640990291361,-0.4761038039129118,NINO3.4 NINA,-1.0
1968-01-01,1968,1,-0.1702373699639429,-0.8593921405819048,-0.6891547706179619,NINO3.4 NINA,-1.0
1968-02-01,1968,2,0.317655127008719,-0.9053479559693686,-1.2230030829780876,NINO3.4 NINA,-1.0
1968-03-01,1968,3,0.5388042121848649,-0.9530379530695673,-1.491842165254432,NINO3.4 NINA,-1.0
1968-04-01,1968,4,0.3927657730315586,-0.967699671186324,-1.3604654442178825,NINO3.4 NINA,-1.0
1968-05-01,1968,5,0.7254452089945922,-0.9703009437554273,-1.6957461527500195,NINO3.4 NINA,-1.0
1968-06-01,1968,6,1.3261885419036998,-0.6980344148561164,-2.0242229567598162,CEI NINA,-3.0
1968-07-01,1968,7,1.658988855037801,-0.35206516316559194,-2.0110540182033927,SOI NINA,-2.0
1968-08-01,1968,8,1.100435779603089,-0.09650983986172149,-1.1969456194648105,SOI NINA,-2.0
1968-09-01,1968,9,0.35921089840439413,0.045929539906968485,-0.31328135849742567,Neutral,0.0
1968-10-01,1968,10,0.004637117456884302,0.21122858770715833,0.20659147025027402,Neutral,0.0
1968-11-01,1968,11,-0.2346648543637072,0.2782310629718989,0.5128959173356061,Neutral,0.0
1968-12-01,1968,12,-0.040119050871059984,0.35098786846525876,0.39110691933631875,Neutral,0.0
1969-01-01,1969,1,-0.46798926600309954,0.5334710805098131,1.0014603465129126,NINO3.4 NINO,1.0
1969-02-01,1969,2,-0.5025832355608737,0.7996679734145511,1.3022512089754248,NINO3.4 NINO,1.0
1969-03-01,1969,3,-0.38653511907107624,0.9198782966836428,1.3064134157547191,NINO3.4 NINO,1.0
1969-04-01,1969,4,-0.10047939973110696,0.8839334393651442,0.9844128390962512,NINO3.4 NINO,1.0
1969-05-01,1969,5,-0.07734234498840743,0.8293067154140069,0.9066490604024143,NINO3.4 NINO,1.0
1969-06-01,1969,6,-0.15571667722493804,0.6286145953857404,0.7843312726106784,NINO3.4 NINO,1.0
1969-07-01,1969,7,-0.2426581516895828,0.3408192575133101,0.5834774092028929,Neutral,0.0
1969-08-01,1969,8,-0.15856671382793716,0.24638518061077172,0.4049518944387089,Neutral,0.0
1969-09-01,1969,9,-0.6749002928060374,0.24693696570118873,0.9218372585072261,Neutral,0.0
1969-10-01,1969,10,-0.7955421388276956,0.2916315580248465,1.0871736968525423,Neutral,0.0
1969-11-01,1969,11,-0.7545922334723575,0.3799171724913282,1.1345094059636858,Neutral,0.0
1969-12-01,1969,12,-0.22088977067166618,0.502334636122084,0.7232244067937501,NINO3.4 NINO,1.0
1970-01-01,1970,1,-0.1866655518309825,0.5240119075312617,0.7106774593622442,NINO3.4 NINO,1.0
1970-02-01,1970,2,-0.44907699684211405,0.4733265056545223,0.9224035024966364,Neutral,0.0
1970-03-01,1970,3,-0.3880715484281961,0.29320808685460203,0.6812796352827981,Neutral,0.0
1970-04-01,1970,4,-0.0978639013501069,0.18868422544160385,0.28654812679171077,Neutral,0.0
1970-05-01,1970,5,0.3692258886949369,0.04656015143886431,-0.32266573725607256,Neutral,0.0
1970-06-01,1970,6,0.7044183573888281,-0.14940238210012646,-0.8538207394889545,Neutral,0.0
1970-07-01,1970,7,0.5536583148739292,-0.4277385469940045,-0.9813968618679337,Neutral,0.0
1970-08-01,1970,8,0.6175553264935937,-0.6971673239997465,-1.3147226504933403,NINO3.4 NINA,-1.0
1970-09-01,1970,9,0.5399969202816766,-0.9591075890641352,-1.4991045093458117,NINO3.4 NINA,-1.0
1970-10-01,1970,10,1.1524701835041111,-1.1698106671613693,-2.3222808506654804,CEI NINA,-3.0
1970-11-01,1970,11,1.5654013972621446,-1.289626858223022,-2.8550282554851663,CEI NINA,-3.0
1970-12-01,1970,12,1.742145899048869,-1.3658520271418497,-3.107997926190719,CEI NINA,-3.0
1971-01-01,1971,1,1.4249119852272156,-1.4860623504109458,-2.910974335638161,CEI NINA,-3.0
1971-02-01,1971,2,1.2806252991645477,-1.6005971698929082,-2.881222469057456,CEI NINA,-3.0
1971-03-01,1971,3,1.4510907231370678,-1.6577463399716583,-3.108837063108726,CEI NINA,-3.0
1971-04-01,1971,4,2.0778118161056778,-1.6629488851098644,-3.7407607012155424,CEI NINA,-3.0
1971-05-01,1971,5,2.01504093081413,-1.5614992549149012,-3.5765401857290313,CEI NINA,-3.0
1971-06-01,1971,6,1.4590739336996248,-1.3838244558011046,-2.8428983895007294,CEI NINA,-3.0
1971-07-01,1971,7,0.828778366932361,-1.2625105623511794,-2.0912889292835404,NINO3.4 NINA,-1.0
1971-08-01,1971,8,1.027668528694072,-1.207962664841531,-2.2356311935356032,CEI NINA,-3.0
1971-09-01,1971,9,1.345700212061716,-1.1908573270386487,-2.5365575391003645,CEI NINA,-3.0
1971-10-01,1971,10,1.928556961890809,-1.2714967766807992,-3.200053738571608,CEI NINA,-3.0
1971-11-01,1971,11,1.5051035435559659,-1.2896268582230235,-2.794730401778989,CEI NINA,-3.0
1971-12-01,1971,12,1.0221467525718535,-1.3232857487383687,-2.3454325013102224,CEI NINA,-3.0
1972-01-01,1972,1,0.4750635101683818,-1.287419717861363,-1.7624832280297449,NINO3.4 NINA,-1.0
1972-02-01,1972,2,0.5339315579301812,-1.1536512466563464,-1.6875828045865275,NINO3.4 NINA,-1.0
1972-03-01,1972,3,0.6688810490524785,-0.9033772949321704,-1.572258343984649,NINO3.4 NINA,-1.0
1972-04-01,1972,4,0.4688329994531236,-0.6082510980013639,-1.0770840974544875,NINO3.4 NINA,-1.0
1972-05-01,1972,5,-0.32465633937450733,-0.20647272573738845,0.11818361363711888,Neutral,0.0
1972-06-01,1972,6,-0.867311678014692,0.15329115321352468,1.0206028312282167,Neutral,0.0
1972-07-01,1972,7,-1.5250017852651248,0.4850716454362222,2.010073430701347,SOI NINO,2.0
1972-08-01,1972,8,-1.247883590812914,0.7831932471435737,2.031076837956488,CEI NINO,3.0
1972-09-01,1972,9,-1.4718219948372273,1.0296835296763314,2.5015055245135587,CEI NINO,3.0
1972-10-01,1972,10,-1.0933566809016593,1.2848447207727614,2.3782014016744206,CEI NINO,3.0
1972-11-01,1972,11,-0.99932375517421,1.6143392461923078,2.613663001366518,NINO3.4 NINO,1.0
1972-12-01,1972,12,-0.8814110723399117,1.8904682707245262,2.771879343064438,NINO3.4 NINO,1.0
1973-01-01,1973,1,-0.6275314648144104,2.0493035503227017,2.676835015137112,NINO3.4 NINO,1.0
1973-02-01,1973,2,-0.8620332667121987,2.04591401333872,2.907947280050919,NINO3.4 NINO,1.0
1973-03-01,1973,3,-0.27005633077960384,1.7451911390622672,2.015247469841871,NINO3.4 NINO,1.0
1973-04-01,1973,4,-0.1512323086442216,1.1653438354770536,1.316576144121275,NINO3.4 NINO,1.0
1973-05-01,1973,5,0.43150678380311214,0.4603989692504961,0.028892185447383978,Neutral,0.0
1973-06-01,1973,6,0.8999404942844828,-0.20852221321607292,-1.1084627075005558,Neutral,0.0
1973-07-01,1973,7,1.1563411209498933,-0.8297533985824449,-1.986094519532338,CEI NINA,-3.0
1973-08-01,1973,8,1.4997888774647754,-1.286000841914581,-2.7857897193793564,CEI NINA,-3.0
1973-09-01,1973,9,1.3486469011329232,-1.5692242461807109,-2.917871147313634,CEI NINA,-3.0
1973-10-01,1973,10,1.4620130043981565,-1.8272231891707034,-3.28923619356886,CEI NINA,-3.0
1973-11-01,1973,11,1.9743228983942294,-2.1243988735801986,-4.098721771974428,CEI NINA,-3.0
1973-12-01,1973,12,2.110864921753165,-2.3164989114862835,-4.427363833239449,CEI NINA,-3.0
1974-01-01,1974,1,2.4272500103611288,-2.4296148550214647,-4.856864865382594,CEI NINA,-3.0
1974-02-01,1974,2,1.8883385129329129,-2.4235452190268942,-4.311883731959807,CEI NINA,-3.0
1974-03-01,1974,3,2.1149542421958243,-2.2938757227792514,-4.408829964975076,CEI NINA,-3.0
1974-04-01,1974,4,1.8027177690412106,-2.0460453907412024,-3.848763159782413,CEI NINA,-3.0
1974-05-01,1974,5,1.7856167870956439,-1.795613786134051,-3.581230573229695,CEI NINA,-3.0
1974-06-01,1974,6,1.1918470407160542,-1.5517247761703943,-2.7435718168864485,CEI NINA,-3.0
1974-07-01,1974,7,1.3129672202173823,-1.350007912402781,-2.662975132620163,CEI NINA,-3.0
1974-08-01,1974,8,1.1423830857427377,-1.1393836607470313,-2.281766746489769,CEI NINA,-3.0
1974-09-01,1974,9,1.3292852346955168,-0.9969442809783415,-2.3262295156738584,CEI NINA,-3.0
1974-10-01,1974,10,1.1603417127060325,-0.9309665494529427,-2.091308262158975,CEI NINA,-3.0
1974-11-01,1974,11,0.7510940425351106,-0.9207191120595118,-1.6718131545946224,NINO3.4 NINA,-1.0
1974-12-01,1974,12,0.28918144981414723,-0.9543780025748578,-1.243559452389005,NINO3.4 NINA,-1.0
1975-01-01,1975,1,-0.2201326424710081,-0.9445246973888689,-0.7243920549178609,NINO3.4 NINA,-1.0
1975-02-01,1975,2,0.048380133847245786,-0.9502790276174881,-0.9986591614647339,NINO3.4 NINA,-1.0
1975-03-01,1975,3,0.6147383298744102,-0.986145058494497,-1.6008833883689073,NINO3.4 NINA,-1.0
1975-04-01,1975,4,1.2653546009937136,-0.9464165319845832,-2.2117711329782965,CEI NINA,-3.0
1975-05-01,1975,5,1.3968265266387163,-0.9655713572661516,-2.362397883904868,CEI NINA,-3.0
1975-06-01,1975,6,1.6144840678325167,-1.1780874435176079,-2.7925715113501246,CEI NINA,-3.0
1975-07-01,1975,7,2.0133352526633046,-1.3216303934671267,-3.3349656461304313,CEI NINA,-3.0
1975-08-01,1975,8,2.546410202732266,-1.4302532298374933,-3.976663432569759,CEI NINA,-3.0
1975-09-01,1975,9,2.5958407390743776,-1.6259792840520206,-4.221820023126398,CEI NINA,-3.0
1975-10-01,1975,10,2.383247828170436,-1.8083048432136004,-4.191552671384036,CEI NINA,-3.0
1975-11-01,1975,11,1.9726765467871086,-1.8595420301807544,-3.832218576967863,CEI NINA,-3.0
1975-12-01,1975,12,1.8731325142353044,-2.00434620319408,-3.8774787174293843,CEI NINA,-3.0
1976-01-01,1976,1,1.5997410576609596,-2.1245565264631754,-3.724297584124135,CEI NINA,-3.0
1976-02-01,1976,2,1.574231557433203,-2.0238951606830904,-3.5981267181162933,CEI NINA,-3.0
1976-03-01,1976,3,1.463391636346701,-1.785445175182104,-3.248836811528805,CEI NINA,-3.0
1976-04-01,1976,4,1.1766094736102048,-1.6085586404831929,-2.7851681140933975,CEI NINA,-3.0
1976-05-01,1976,5,0.9297427195837412,-1.3061015844940091,-2.2358443040777503,NINO3.4 NINA,-1.0
1976-06-01,1976,6,0.4862523509047755,-0.8872178744271478,-1.3734702253319233,NINO3.4 NINA,-1.0
1976-07-01,1976,7,-0.11976053081775641,-0.602733247097208,-0.4829727162794516,NINO3.4 NINA,-1.0
1976-08-01,1976,8,-0.6511044076767947,-0.38501461570754475,0.2660897919692499,Neutral,0.0
1976-09-01,1976,9,-1.2866705071056386,-0.11960598721768373,1.1670645198879548,SOI NINO,2.0
1976-10-01,1976,10,-0.6445807304898374,0.21122858770715913,0.8558093181969966,Neutral,0.0
1976-11-01,1976,11,0.022838086541093375,0.45322576307510337,0.43038767653401,Neutral,0.0
1976-12-01,1976,12,0.4054420106230105,0.5898319861736862,0.18438997555067566,NINO3.4 NINO,1.0
1977-01-01,1977,1,0.12486322362139987,0.7368432995486724,0.6119800759272725,NINO3.4 NINO,1.0
1977-02-01,1977,2,0.07858459778022332,0.7594664882557073,0.680881890475484,NINO3.4 NINO,1.0
1977-03-01,1977,3,-0.018820592760481123,0.6290087275931823,0.6478293203536634,NINO3.4 NINO,1.0
1977-04-01,1977,4,-0.07812491877661953,0.3802324782572736,0.4583573970338931,Neutral,0.0
1977-05-01,1977,5,-0.6774880240405073,0.23337881776525835,0.9108668418057657,Neutral,0.0
1977-06-01,1977,6,-1.0270029366504543,0.08707694236366263,1.1140798790141169,SOI NINO,2.0
1977-07-01,1977,7,-1.4087545663218302,0.04285530868893548,1.4516098750107655,SOI NINO,2.0
1977-08-01,1977,8,-1.4305316522476965,-0.009012489810120126,1.4215191624375765,SOI NINO,2.0
1977-09-01,1977,9,-1.2350859387641224,0.14761564942639774,1.3827015881905202,SOI NINO,2.0
1977-10-01,1977,10,-1.081222647527326,0.3294682499390537,1.4106908974663799,SOI NINO,2.0
1977-11-01,1977,11,-1.254328600670698,0.4272130373840875,1.6815416380547854,SOI NINO,2.0
1977-12-01,1977,12,-1.2780675513828477,0.5519952942594807,1.8300628456423285,CEI NINO,3.0
1978-01-01,1978,1,-0.9586758533051806,0.6942770211451914,1.652952874450372,NINO3.4 NINO,1.0
1978-02-01,1978,2,-1.1354106089092593,0.6625099652255546,1.7979205741348139,CEI NINO,3.0
1978-03-01,1978,3,-0.8252928366429637,0.4682027869578064,1.2934956236007702,Neutral,0.0
1978-04-01,1978,4,-0.8700567781130688,0.19577860517551865,1.0658353832885874,Neutral,0.0
1978-05-01,1978,5,0.5506691155403504,-0.12134016893042449,-0.6720092844707748,Neutral,0.0
1978-06-01,1978,6,0.9914166748857748,-0.40243525927638,-1.393851934162155,Neutral,0.0
1978-07-01,1978,7,1.411405265156691,-0.56726134842764,-1.978666613584331,CEI NINA,-3.0
1978-08-01,1978,8,0.8405224265728384,-0.7137208767122117,-1.55424330328505,NINO3.4 NINA,-1.0
1978-09-01,1978,9,0.48492972651538047,-0.7439114038020871,-1.2288411303174676,NINO3.4 NINA,-1.0
1978-10-01,1978,10,0.03052437832828524,-0.6992168114784293,-0.7297411898067145,NINO3.4 NINA,-1.0
1978-11-01,1978,11,-0.21096309320985487,-0.6345791294583268,-0.423616036248472,NINO3.4 NINA,-1.0
1978-12-01,1978,12,-0.2576321602837464,-0.5358095982739504,-0.27817743799020395,NINO3.4 NINA,-1.0
1979-01-01,1979,1,-0.21065049452441167,-0.3887982848989642,-0.1781477903745525,Neutral,0.0
1979-02-01,1979,2,0.12341656011851736,-0.26921857316177566,-0.39263513328029304,Neutral,0.0
1979-03-01,1979,3,0.1794376410671314,-0.16083221611587345,-0.34026985718300484,Neutral,0.0
1979-04-01,1979,4,0.23698186048346284,-0.0619838584900123,-0.2989657189734751,Neutral,0.0
1979-05-01,1979,5,0.23569284214301062,-0.08586827026085647,-0.3215611124038671,Neutral,0.0
1979-06-01,1979,6,0.581933528325746,-0.09028255098417835,-0.6722160793099243,Neutral,0.0
1979-07-01,1979,7,0.34848324013291987,-0.12504501168035415,-0.473528251813274,Neutral,0.0
1979-08-01,1979,8,0.01909631997712924,-0.15326487773303135,-0.1723611977101606,Neutral,0.0
1979-09-01,1979,9,-0.31464145767787177,-0.11960598721768373,0.19503547046018804,Neutral,0.0
1979-10-01,1979,10,-0.05469287355634376,-0.05362825569228574,0.0010646178640580164,Neutral,0.0
1979-11-01,1979,11,-0.14895153242459847,0.07012925744376391,0.21908078986836238,Neutral,0.0
1979-12-01,1979,12,-0.4559937502296225,0.2847736576153967,0.7407674078450193,Neutral,0.0
1980-01-01,1980,1,-0.29854351337245366,0.4294201777457447,0.7279636911181984,Neutral,0.0
1980-02-01,1980,2,-0.044958486585104186,0.42130105427248726,0.46625954085759147,Neutral,0.0
1980-03-01,1980,3,0.060567076366807505,0.40198857610794353,0.341421499741136,Neutral,0.0
1980-04-01,1980,4,-0.3337088381975517,0.3258422336306011,0.6595510718281528,Neutral,0.0
1980-05-01,1980,5,-0.43341893998426967,0.24283799074380968,0.6762569307280794,Neutral,0.0
1980-06-01,1980,6,-0.3117313084065202,0.20058701810628235,0.5123183265128025,Neutral,0.0
1980-07-01,1980,7,-0.06970432790983834,0.15873017767619346,0.2284345055860318,Neutral,0.0
1980-08-01,1980,8,0.1087757613492388,0.05720172103974193,-0.051574040309496874,Neutral,0.0
1980-09-01,1980,9,-0.05179936180262132,-0.020284670942891048,0.03151469085973027,Neutral,0.0
1980-10-01,1980,10,-0.03516330107473466,-0.11747767329750702,-0.08231437222277237,Neutral,0.0
1980-11-01,1980,11,-0.32208454397365904,-0.2065515521788672,0.11553299179479184,Neutral,0.0
1980-12-01,1980,12,-0.15020438702278432,-0.19764416429073123,-0.0474397772679469,Neutral,0.0
1981-01-01,1981,1,-0.0306910304964774,-0.20197961857257013,-0.17128858807609273,Neutral,0.0
1981-02-01,1981,2,0.048948046997206375,-0.2834073326296027,-0.3323553796268091,Neutral,0.0
1981-03-01,1981,3,-0.3675652378676249,-0.37366360813328336,-0.006098370265658459,Neutral,0.0
1981-04-01,1981,4,-0.5354142538399854,-0.46636350332309184,0.06905075051689358,Neutral,0.0
1981-05-01,1981,5,-0.086968938101788,-0.5942988178580035,-0.5073298797562156,NINO3.4 NINA,-1.0
1981-06-01,1981,6,0.9544959297799955,-0.5821595458688602,-1.5366554756488557,NINO3.4 NINA,-1.0
1981-07-01,1981,7,1.4369503362469076,-0.5578021754490886,-1.9947525116959963,CEI NINA,-3.0
1981-08-01,1981,8,1.3624546346879987,-0.5363613833643708,-1.8988160180523694,CEI NINA,-3.0
1981-09-01,1981,9,1.024576265172161,-0.48378414689191956,-1.5083604120640806,SOI NINA,-2.0
1981-10-01,1981,10,0.4812707005643371,-0.43672476132362353,-0.9179954618879607,Neutral,0.0
1981-11-01,1981,11,0.23213398001486862,-0.44066608339801977,-0.6728000634128883,Neutral,0.0
1981-12-01,1981,12,0.14688388279183706,-0.3537205184368329,-0.5006044012286699,Neutral,0.0
1982-01-01,1982,1,0.6009772922938278,-0.2067092050618458,-0.8076864973556737,Neutral,0.0
1982-02-01,1982,2,0.5903974457154563,-0.1959099825780005,-0.7863074282934568,Neutral,0.0
1982-03-01,1982,3,0.6336091567113655,-0.09461800526601223,-0.7282271619773778,Neutral,0.0
1982-04-01,1982,4,0.28710632352326904,0.06098539023115877,-0.22612093329211025,Neutral,0.0
1982-05-01,1982,5,0.0218282499356742,0.2357436110098974,0.2139153610742232,Neutral,0.0
1982-06-01,1982,6,-0.8389553971124937,0.3661225452309354,1.205077942343429,Neutral,0.0
1982-07-01,1982,7,-1.569899911227044,0.5158139576165154,2.0857138688435595,CEI NINO,3.0
1982-08-01,1982,8,-2.140148505312428,0.6507648254438522,2.79091333075628,CEI NINO,3.0
1982-09-01,1982,9,-2.286362747355981,0.9256326269122647,3.2119953742682457,CEI NINO,3.0
1982-10-01,1982,10,-2.208942897490275,1.2706559613049344,3.4795988587952094,CEI NINO,3.0
1982-11-01,1982,11,-2.521397552938692,1.5835969340120155,4.104994486950708,CEI NINO,3.0
1982-12-01,1982,12,-2.493336732132235,1.9992487599778694,4.492585492110105,CEI NINO,3.0
1983-01-01,1983,1,-2.8456686470276242,2.3756450180827318,5.221313665110356,CEI NINO,3.0
1983-02-01,1983,2,-2.7257847473691816,2.485765556841369,5.211550304210551,CEI NINO,3.0
1983-03-01,1983,3,-2.8053246585060396,2.3411190367110164,5.146443695217056,CEI NINO,3.0
1983-04-01,1983,4,-2.1733834247458006,2.120720306310762,4.294103731056563,CEI NINO,3.0
1983-05-01,1983,5,-0.8710227668235457,1.8343438443851114,2.705366611208657,NINO3.4 NINO,1.0
1983-06-01,1983,6,-0.0052599867928197555,1.4421034715411751,1.447363458333995,NINO3.4 NINO,1.0
1983-07-01,1983,7,0.11498064091647713,0.9816782268101788,0.8666975858937017,NINO3.4 NINO,1.0
1983-08-01,1983,8,-0.1138527462673386,0.5869154078386283,0.7007681541059669,NINO3.4 NINO,1.0
1983-09-01,1983,9,0.20831952896110584,0.21146506703162068,0.0031455380705148472,Neutral,0.0
1983-10-01,1983,10,0.6819641230828789,-0.29483716664535053,-0.9768012897282294,Neutral,0.0
1983-11-01,1983,11,0.5335296939838042,-0.74335961871167,-1.2768893126954741,NINO3.4 NINA,-1.0
1983-12-01,1983,12,0.19573190292331435,-0.9780259350212362,-1.1737578379445506,NINO3.4 NINA,-1.0
1984-01-01,1984,1,0.04857307383516487,-1.0793179123332286,-1.1278909861683935,NINO3.4 NINA,-1.0
1984-02-01,1984,2,0.30864809535448545,-0.9975748925102466,-1.306222987864732,NINO3.4 NINA,-1.0
1984-03-01,1984,3,0.23346719108985936,-0.844257463816224,-1.0777246549060835,NINO3.4 NINA,-1.0
1984-04-01,1984,4,0.32424410733643866,-0.6910188615636913,-1.01526296890013,NINO3.4 NINA,-1.0
1984-05-01,1984,5,0.2016407651902844,-0.6013931975919174,-0.8030339627822018,NINO3.4 NINA,-1.0
1984-06-01,1984,6,0.069757369401317,-0.6223610310277047,-0.6921184004290217,NINO3.4 NINA,-1.0
1984-07-01,1984,7,0.05021951848761334,-0.6713122511917075,-0.7215317696793208,NINO3.4 NINA,-1.0
1984-08-01,1984,8,0.15642081037013564,-0.6143995604374207,-0.7708203708075564,NINO3.4 NINA,-1.0
1984-09-01,1984,9,0.41716891025200803,-0.5618223239649704,-0.9789912342169784,NINO3.4 NINA,-1.0
1984-10-01,1984,10,0.1655282212463117,-0.5667883897787085,-0.7323166110250202,NINO3.4 NINA,-1.0
1984-11-01,1984,11,0.08087344975334224,-0.6487678889261547,-0.7296413386794969,NINO3.4 NINA,-1.0
1984-12-01,1984,12,-0.027853018150794478,-0.8668806525232556,-0.8390276343724612,NINO3.4 NINA,-1.0
1985-01-01,1985,1,-0.008446562612775366,-1.0911418785564182,-1.0826953159436428,NINO3.4 NINA,-1.0
1985-02-01,1985,2,0.12116852090667593,-1.1772991791027259,-1.2984677000094018,NINO3.4 NINA,-1.0
1985-03-01,1985,3,0.23333990714568098,-1.2013412437565454,-1.4346811509022264,NINO3.4 NINA,-1.0
1985-04-01,1985,4,0.8356576278245512,-1.1923550294269236,-2.028012657251475,NINO3.4 NINA,-1.0
1985-05-01,1985,5,0.8043940923704092,-1.0979997789658742,-1.9023938713362833,NINO3.4 NINA,-1.0
1985-06-01,1985,6,0.5083882433128989,-1.0054575366590424,-1.5138457799719411,NINO3.4 NINA,-1.0
1985-07-01,1985,7,-0.0473001647359897,-0.9834649594839092,-0.9361647947479195,NINO3.4 NINA,-1.0
1985-08-01,1985,8,0.15328977854399817,-0.9360114417081739,-1.089301220252172,NINO3.4 NINA,-1.0
1985-09-01,1985,9,0.38028594205922,-0.8503270998107928,-1.2306130418700127,NINO3.4 NINA,-1.0
1985-10-01,1985,10,0.29241281037381633,-0.7394182966372737,-1.03183110701109,NINO3.4 NINA,-1.0
1985-11-01,1985,11,-0.1882637664145662,-0.6251199564797755,-0.43685619006520926,NINO3.4 NINA,-1.0
1985-12-01,1985,12,-0.1029925749343021,-0.5665519104542428,-0.4635593355199407,NINO3.4 NINA,-1.0
1986-01-01,1986,1,0.3246396476446401,-0.5969000904270984,-0.9215397380717385,NINO3.4 NINA,-1.0
1986-02-01,1986,2,0.10766197399428323,-0.5931952476771661,-0.7008572216714494,NINO3.4 NINA,-1.0
1986-03-01,1986,3,0.18590734121899646,-0.5746710339275035,-0.7605783751465,NINO3.4 NINA,-1.0
1986-04-01,1986,4,0.027921312990352616,-0.5562256466193307,-0.5841469596096833,NINO3.4 NINA,-1.0
1986-05-01,1986,5,0.1652914147844842,-0.5659212989223487,-0.7312127137068328,NINO3.4 NINA,-1.0
1986-06-01,1986,6,0.5700994635842436,-0.4497311241691377,-1.0198305877533813,Neutral,0.0
1986-07-01,1986,7,0.5739313217570747,-0.2858509523157307,-0.8597822740728054,Neutral,0.0
1986-08-01,1986,8,0.5389745819229798,-0.12015777230810075,-0.6591323542310805,Neutral,0.0
1986-09-01,1986,9,-0.22604432720404155,0.053023919640882426,0.279068246844924,Neutral,0.0
1986-10-01,1986,10,-0.08461247289661376,0.35311618238543296,0.43772865528204674,Neutral,0.0
1986-11-01,1986,11,-0.4016689891336412,0.6495036023800488,1.05117259151369,NINO3.4 NINO,1.0
1986-12-01,1986,12,-0.688477732814832,0.9232678336676289,1.611745566482461,NINO3.4 NINO,1.0
1987-01-01,1987,1,-1.1587409214708335,1.1104806322014589,2.2692215536722924,CEI NINO,3.0
1987-02-01,1987,2,-1.001214290719575,1.258437862874302,2.259652153593877,CEI NINO,3.0
1987-03-01,1987,3,-0.9590386749523407,1.300610009070343,2.2596486840226837,NINO3.4 NINO,1.0
1987-04-01,1987,4,-1.3585001804580814,1.205545320635897,2.5640455010939784,CEI NINO,3.0
1987-05-01,1987,5,-1.7335293802988374,1.108352318281278,2.8418816985801154,CEI NINO,3.0
1987-06-01,1987,6,-1.9327649152082185,1.0921140713347663,3.024878986542985,CEI NINO,3.0
1987-07-01,1987,7,-2.0529517134691786,1.1566729269133824,3.209624640382561,CEI NINO,3.0
1987-08-01,1987,8,-1.7564889835341346,1.2868942082514443,3.043383191785579,CEI NINO,3.0
1987-09-01,1987,9,-1.5311695447355633,1.5121013515824608,3.043270896318024,CEI NINO,3.0
1987-10-01,1987,10,-0.9561679591434183,1.6395637074684453,2.5957316666118637,NINO3.4 NINO,1.0
1987-11-01,1987,11,-0.6035072920616171,1.659270317840428,2.262777609902045,NINO3.4 NINO,1.0
1987-12-01,1987,12,-0.34151080326295696,1.5570324232305834,1.8985432264935405,NINO3.4 NINO,1.0
1988-01-01,1988,1,-0.2197694001401158,1.3942558215580054,1.6140252216981212,NINO3.4 NINO,1.0
1988-02-01,1988,2,-0.26539750321332456,1.0763487830371847,1.3417462862505092,NINO3.4 NINO,1.0
1988-03-01,1988,3,0.10807021623766999,0.806368220941024,0.698298004703354,NINO3.4 NINO,1.0
1988-04-01,1988,4,0.18586588020561332,0.45827065533032363,0.2724047751247103,Neutral,0.0
1988-05-01,1988,5,0.7813512708106988,-0.04093719861273707,-0.8222884694234358,Neutral,0.0
1988-06-01,1988,6,0.556824240578476,-0.631820204006256,-1.1886444445847322,NINO3.4 NINA,-1.0
1988-07-01,1988,7,1.0019750676862424,-1.082786275758701,-2.0847613434449435,CEI NINA,-3.0
1988-08-01,1988,8,1.1708907123342291,-1.3947813311679251,-2.565672043502154,CEI NINA,-3.0
1988-09-01,1988,9,1.896409499245567,-1.5550354867128846,-3.4514449859584513,CEI NINA,-3.0
1988-10-01,1988,10,1.9723546011211408,-1.7255370796512748,-3.6978916807724156,CEI NINA,-3.0
1988-11-01,1988,11,2.02595578207443,-1.8146109585326349,-3.8405667406070645,CEI NINA,-3.0
1988-12-01,1988,12,1.7019229867027734,-1.888471334206825,-3.5903943209095983,CEI NINA,-3.0
1989-01-01,1989,1,1.586016898155895,-2.077260661570419,-3.663277559726314,CEI NINA,-3.0
1989-02-01,1989,2,1.1963886083924287,-2.184701101318468,-3.3810897097108965,CEI NINA,-3.0
1989-03-01,1989,3,1.1706406441452635,-2.0195597064012567,-3.19020035054652,CEI NINA,-3.0
1989-04-01,1989,4,1.3964329490442935,-1.78118854734176,-3.1776214963860534,CEI NINA,-3.0
1989-05-01,1989,5,1.7433915158887605,-1.5023794237989545,-3.245770939687715,CEI NINA,-3.0
1989-06-01,1989,6,1.8130331203674128,-1.1426155448480406,-2.9556486652154534,CEI NINA,-3.0
1989-07-01,1989,7,1.5476568360663636,-0.9054267824108592,-2.4530836184772227,CEI NINA,-3.0
1989-08-01,1989,8,0.751007405240198,-0.7515575686264188,-1.5025649738666167,NINO3.4 NINA,-1.0
1989-09-01,1989,9,0.5066284227209322,-0.5949294293899001,-1.1015578521108322,NINO3.4 NINA,-1.0
1989-10-01,1989,10,0.4000701284610686,-0.5005741789288465,-0.9006443073899151,NINO3.4 NINA,-1.0
1989-11-01,1989,11,0.4442982833926637,-0.4832323618015017,-0.9275306451941654,Neutral,0.0
1989-12-01,1989,12,0.07600938889670224,-0.39865159008495227,-0.4746609789816545,Neutral,0.0
1990-01-01,1990,1,-0.26083384184581976,-0.27765300240098273,-0.01681916055516297,Neutral,0.0
1990-02-01,1990,2,-0.6550024621557892,-0.1533437041745185,0.5016587579812707,Neutral,0.0
1990-03-01,1990,3,-0.6412146793302649,-0.04732214037325457,0.5938925389570103,Neutral,0.0
1990-04-01,1990,4,-0.540049306275817,0.0869981159221746,0.6270474221979916,Neutral,0.0
1990-05-01,1990,5,0.5465915557013091,0.16007022718148317,-0.38652132851982596,Neutral,0.0
1990-06-01,1990,6,0.89096900316464,0.16984470592598913,-0.7211242972386509,Neutral,0.0
1990-07-01,1990,7,1.07411522296599,0.1658245574101057,-0.9082906655558843,SOI NINA,-2.0
1990-08-01,1990,8,0.38503409744551836,0.19908931571801405,-0.1859447817275043,Neutral,0.0
1990-09-01,1990,9,-0.0856505312018462,0.2043706872977076,0.2900212184995538,Neutral,0.0
1990-10-01,1990,10,-0.22965516497169933,0.21595817419643482,0.44561333916813417,Neutral,0.0
1990-11-01,1990,11,-0.34663070952029335,0.24748875079160657,0.5941194603118999,Neutral,0.0
1990-12-01,1990,12,-0.14237353103537498,0.2918680373493115,0.43424156838468647,Neutral,0.0
1991-01-01,1991,1,-0.07338677154608511,0.3490172074280581,0.42240397897414317,Neutral,0.0
1991-02-01,1991,2,0.18863601004019762,0.37636998262436866,0.18773397258417104,Neutral,0.0
1991-03-01,1991,3,0.03508051420914451,0.335774365258084,0.30069385104893953,Neutral,0.0
1991-04-01,1991,4,-0.42359346760910516,0.36367892554480913,0.7872723931539143,Neutral,0.0
1991-05-01,1991,5,-1.108514780788768,0.36344244622034333,1.4719572270091115,SOI NINO,2.0
1991-06-01,1991,6,-0.9430344815216771,0.4063240303897791,1.3493585119114562,Neutral,0.0
1991-07-01,1991,7,-0.7010075010249917,0.5347323035736181,1.2357398045986097,NINO3.4 NINO,1.0
1991-08-01,1991,8,-0.2563719670396047,0.6791423443795072,0.9355143114191118,NINO3.4 NINO,1.0
1991-09-01,1991,9,-0.8003777849977102,0.7057068551609409,1.506084640158651,NINO3.4 NINO,1.0
1991-10-01,1991,10,-1.1768142675830078,0.8284396245576487,2.0052538921406566,CEI NINO,3.0
1991-11-01,1991,11,-1.2667019270161912,0.9734802768954393,2.2401822039116306,CEI NINO,3.0
1991-12-01,1991,12,-1.2483524812020053,1.1763007108438825,2.424653192045888,CEI NINO,3.0
1992-01-01,1992,1,-1.68563807335787,1.4439164796954005,3.1295545530532705,CEI NINO,3.0
1992-02-01,1992,2,-1.6553263832404566,1.7692332037160858,3.4245595869565424,CEI NINO,3.0
1992-03-01,1992,3,-1.7676846761770733,1.8918083202298157,3.6594929964068887,CEI NINO,3.0
1992-04-01,1992,4,-1.3595775455381018,1.9007945345594375,3.2603720800975395,CEI NINO,3.0
1992-05-01,1992,5,-0.995274182364789,1.76812963353525,2.7634038159000394,NINO3.4 NINO,1.0
1992-06-01,1992,6,-0.6435749948514308,1.5035880959017607,2.1471630907531916,NINO3.4 NINO,1.0
1992-07-01,1992,7,-0.4500799602780733,1.1590377201580215,1.609117680436095,NINO3.4 NINO,1.0
1992-08-01,1992,8,-0.4214724565875209,0.8399482850148836,1.2614207416024046,NINO3.4 NINO,1.0
1992-09-01,1992,9,-0.04537004730663145,0.5117938091006335,0.557163856407265,NINO3.4 NINO,1.0
1992-10-01,1992,10,-0.3625481649848915,0.1757566890375911,0.5383048540224826,Neutral,0.0
1992-11-01,1992,11,-0.7857707219661701,-0.04101602505421501,0.7447546969119552,Neutral,0.0
1992-12-01,1992,12,-0.9975677932675937,-0.1479835061533353,0.8495842871142584,Neutral,0.0
1993-01-01,1993,1,-0.7024092355163727,-0.13340061447807064,0.5690086210383021,Neutral,0.0
1993-02-01,1993,2,-0.6292601527546601,-0.016185695985519572,0.6130744567691405,Neutral,0.0
1993-03-01,1993,3,-0.5971248139038923,0.14659090568705424,0.7437157195909465,Neutral,0.0
1993-04-01,1993,4,-0.8387094158096976,0.3613141323001717,1.2000235481098693,Neutral,0.0
1993-05-01,1993,5,-0.8469631335315461,0.6022865639287708,1.4492496974603168,NINO3.4 NINO,1.0
1993-06-01,1993,6,-1.170655133724966,0.6853696332570502,1.8560247669820162,CEI NINO,3.0
1993-07-01,1993,7,-1.066140904038739,0.6671607252733397,1.7333016293120789,CEI NINO,3.0
1993-08-01,1993,8,-1.3268642361151815,0.6011041673064554,1.927968403421637,CEI NINO,3.0
1993-09-01,1993,9,-1.1294794171057734,0.5165233955899085,1.6460028126956818,CEI NINO,3.0
1993-10-01,1993,10,-1.1565434215329977,0.3271034566944146,1.4836468782274124,SOI NINO,2.0
1993-11-01,1993,11,-0.688112826331766,0.23093519807914129,0.9190480244109073,Neutral,0.0
1993-12-01,1993,12,-0.33707519964460175,0.19727630756379616,0.534351507208398,Neutral,0.0
1994-01-01,1994,1,0.0524524123909016,0.18111688705876847,0.12866447466786687,Neutral,0.0
1994-02-01,1994,2,0.11002322285370661,0.11624272571420118,0.006219502860494566,Neutral,0.0
1994-03-01,1994,3,-0.19031272117959255,0.1300373529745881,0.32035007415418065,Neutral,0.0
1994-04-01,1994,4,-0.7040299766471073,0.19814339842015607,0.9021733750672634,Neutral,0.0
1994-05-01,1994,5,-1.149155152917012,0.25229716372236105,1.401452316639373,SOI NINO,2.0
1994-06-01,1994,6,-1.1745518386947185,0.33774502629527875,1.5122968649899973,SOI NINO,2.0
1994-07-01,1994,7,-1.3149630664376102,0.4070334683631705,1.7219965348007806,SOI NINO,2.0
1994-08-01,1994,8,-1.4672682024492028,0.49941805778702525,1.966686260236228,SOI NINO,2.0
1994-09-01,1994,9,-1.8422519577649925,0.5236177753238216,2.365869733088814,CEI NINO,3.0
1994-10-01,1994,10,-1.5994884501074926,0.6108786460509614,2.2103670961584543,CEI NINO,3.0
1994-11-01,1994,11,-1.3322315764534285,0.784296817324407,2.1165283937778354,CEI NINO,3.0
1994-12-01,1994,12,-1.108551647983943,1.0036708039853164,2.1122224519692594,CEI NINO,3.0
1995-01-01,1995,1,-0.7776842564984191,1.1152102186907344,1.8928944751891534,NINO3.4 NINO,1.0
1995-02-01,1995,2,-0.5617438649224341,1.1803996858012515,1.7421435507236858,NINO3.4 NINO,1.0
1995-03-01,1995,3,0.08749101351502192,1.11379134274395,1.026300329228928,NINO3.4 NINO,1.0
1995-04-01,1995,4,-0.1120315670201441,0.926499717768627,1.038531284788771,NINO3.4 NINO,1.0
1995-05-01,1995,5,-0.29305111067001466,0.623569703130511,0.9166208138005256,NINO3.4 NINO,1.0
1995-06-01,1995,6,-0.4410410230123774,0.38267609794339985,0.8237171209557772,Neutral,0.0
1995-07-01,1995,7,0.08636027387722522,0.18237811012257188,0.09601783624534665,Neutral,0.0
1995-08-01,1995,8,0.45085234739318286,-0.08232108039389444,-0.5331734277870773,Neutral,0.0
1995-09-01,1995,9,0.44713989211032285,-0.3750036576385764,-0.8221435497488992,Neutral,0.0
1995-10-01,1995,10,0.2469784181357009,-0.5738827695126216,-0.8208611876483225,NINO3.4 NINA,-1.0
1995-11-01,1995,11,0.14288501053864927,-0.8166682092954444,-0.9595532198340937,NINO3.4 NINA,-1.0
1995-12-01,1995,12,-0.11612927194492907,-1.0087682472015287,-0.8926389752565996,NINO3.4 NINA,-1.0
1996-01-01,1996,1,0.17474092282572581,-1.0698587393546763,-1.244599662180402,NINO3.4 NINA,-1.0
1996-02-01,1996,2,0.20959484760812244,-1.07088348309402,-1.2804783307021423,NINO3.4 NINA,-1.0
1996-03-01,1996,3,0.7337197455121547,-1.0074281976962371,-1.7411479432083918,NINO3.4 NINA,-1.0
1996-04-01,1996,4,0.7465918731620108,-0.8494600089544287,-1.5960518821164396,NINO3.4 NINA,-1.0
1996-05-01,1996,5,0.8410080049390178,-0.695984927377431,-1.5369929323164488,NINO3.4 NINA,-1.0
1996-06-01,1996,6,1.152240799935816,-0.5632411999117557,-1.7154819998475717,CEI NINA,-3.0
1996-07-01,1996,7,1.154719906254359,-0.4395625132171924,-1.5942824194715515,SOI NINA,-2.0
1996-08-01,1996,8,1.2724010705269009,-0.35190751028261336,-1.6243085808095143,SOI NINA,-2.0
1996-09-01,1996,9,0.8490421169269952,-0.37500365763857557,-1.2240457745655706,Neutral,0.0
1996-10-01,1996,10,0.7393569598445433,-0.4083472423879686,-1.147704202232512,Neutral,0.0
1996-11-01,1996,11,0.4469719676518133,-0.4170181509516405,-0.8639901186034538,Neutral,0.0
1996-12-01,1996,12,0.5303572410334845,-0.48378414689191707,-1.0141413879254015,Neutral,0.0
1997-01-01,1997,1,0.4958950296397217,-0.566157778246806,-1.0620528078865277,NINO3.4 NINA,-1.0
1997-02-01,1997,2,0.9617192595815308,-0.5435345895397711,-1.505253849121302,NINO3.4 NINA,-1.0
1997-03-01,1997,3,0.49902440435697965,-0.4942680636098162,-0.9932924679667958,Neutral,0.0
1997-04-01,1997,4,-0.06039860608032754,-0.35048863433583477,-0.2900900282555072,Neutral,0.0
1997-05-01,1997,5,-1.220780004399706,-0.02438364590027176,1.1963963584994342,SOI NINO,2.0
1997-06-01,1997,6,-1.8815016876336876,0.39450006416658867,2.276001751800276,SOI NINO,2.0
1997-07-01,1997,7,-1.8673210146887924,0.8776273240461114,2.744948338734904,CEI NINO,3.0
1997-08-01,1997,8,-1.7851450046061101,1.376756351547684,3.161901356153794,CEI NINO,3.0
1997-09-01,1997,9,-1.5318909460184122,1.8147948868961112,3.3466858329145235,CEI NINO,3.0
1997-10-01,1997,10,-1.7164941202411679,2.202384499692263,3.918878619933431,CEI NINO,3.0
1997-11-01,1997,11,-1.5811675612344125,2.501136712931517,4.08230427416593,CEI NINO,3.0
1997-12-01,1997,12,-1.3531695422484404,2.654296488742565,4.007466030991005,CEI NINO,3.0
1998-01-01,1998,1,-1.5892950393421006,2.763471110203345,4.352766149545445,CEI NINO,3.0
1998-02-01,1998,2,-1.6316762409308307,2.743528020506898,4.3752042614377284,CEI NINO,3.0
1998-03-01,1998,3,-2.1893602459394894,2.5019249773463934,4.691285223285883,CEI NINO,3.0
1998-04-01,1998,4,-2.0165093384329618,2.1230850995554,4.139594437988362,CEI NINO,3.0
1998-05-01,1998,5,-1.3523442267496013,1.7373873213549587,3.08973154810456,CEI NINO,3.0
1998-06-01,1998,6,0.06022659599893196,1.1157620037811473,1.0555354077822154,NINO3.4 NINO,1.0
1998-07-01,1998,7,1.3156739300706823,0.42595181432027573,-0.8897221157504066,SOI NINA,-2.0
1998-08-01,1998,8,1.653806695770115,-0.20056074262578816,-1.854367438395903,SOI NINA,-2.0
1998-09-01,1998,9,1.510683522350753,-0.7108042983771556,-2.2214878207279085,CEI NINA,-3.0
1998-10-01,1998,10,1.3230294996664242,-1.2123769455648512,-2.5354064452312755,CEI NINA,-3.0
1998-11-01,1998,11,1.2717882510878666,-1.4811751110386915,-2.7529633621265583,CEI NINA,-3.0
1998-12-01,1998,12,1.367317071879769,-1.6638159759662245,-3.0311330478459935,CEI NINA,-3.0
1999-01-01,1999,1,1.4629327485046846,-1.765107953278217,-3.2280407017829016,CEI NINA,-3.0
1999-02-01,1999,2,1.3400657108233722,-1.7755918699961124,-3.1156575808194846,CEI NINA,-3.0
1999-03-01,1999,3,1.2981854649799451,-1.6530167534823832,-2.9512022184623286,CEI NINA,-3.0
1999-04-01,1999,4,1.3500013494655825,-1.5636275688350734,-2.913628918300656,CEI NINA,-3.0
1999-05-01,1999,5,1.1859768700259852,-1.4148820737473522,-2.6008589437733374,CEI NINA,-3.0
1999-06-01,1999,6,0.8936974984073134,-1.265584793569211,-2.1592822919765244,NINO3.4 NINA,-1.0
1999-07-01,1999,7,0.5627101183056382,-1.2033907312352332,-1.7661008495408714,NINO3.4 NINA,-1.0
1999-08-01,1999,8,0.615127257535317,-1.2741768756913923,-1.8893041332267093,NINO3.4 NINA,-1.0
1999-09-01,1999,9,0.43851452855848744,-1.2949082298027164,-1.7334227583612039,NINO3.4 NINA,-1.0
1999-10-01,1999,10,0.5565582569974258,-1.3353461942860223,-1.8919044512834482,NINO3.4 NINA,-1.0
1999-11-01,1999,11,0.7910326348886304,-1.4409736258798478,-2.232006260768478,NINO3.4 NINA,-1.0
1999-12-01,1999,12,1.283457425302273,-1.5952369718717259,-2.878694397173999,CEI NINA,-3.0
2000-01-01,2000,1,1.0903958225828017,-1.729636054608648,-2.8200318771914494,CEI NINA,-3.0
2000-02-01,2000,2,1.1103200937158137,-1.8323469078674208,-2.9426670015832346,CEI NINA,-3.0
2000-03-01,2000,3,1.1056887785302145,-1.7712564157142763,-2.876945194244491,CEI NINA,-3.0
2000-04-01,2000,4,1.4883243238259445,-1.594369881015365,-3.0826942048413093,CEI NINA,-3.0
2000-05-01,2000,5,1.301406604026945,-1.3675862088545931,-2.6689928128815383,CEI NINA,-3.0
2000-06-01,2000,6,0.7675360418901285,-1.1024140596891951,-1.8699501015793236,NINO3.4 NINA,-1.0
2000-07-01,2000,7,0.08870852919951004,-0.8699548837412894,-0.9586634129407994,NINO3.4 NINA,-1.0
2000-08-01,2000,8,0.14027577767003338,-0.7586519483603311,-0.8989277260303645,NINO3.4 NINA,-1.0
2000-09-01,2000,9,0.5578865454208946,-0.7037099186432425,-1.261596464064137,NINO3.4 NINA,-1.0
2000-10-01,2000,10,1.0689774790526572,-0.6826632587659639,-1.751640737818621,CEI NINA,-3.0
2000-11-01,2000,11,1.525156964453926,-0.6960637538189115,-2.2212207182728374,CEI NINA,-3.0
2000-12-01,2000,12,1.462572513772663,-0.7746537159823769,-2.23722622975504,CEI NINA,-3.0
2001-01-01,2001,1,1.3603701652301388,-0.8404737946248013,-2.2008439598549403,CEI NINA,-3.0
2001-02-01,2001,2,1.010982889394496,-0.8627816775658859,-1.873764566960382,CEI NINA,-3.0
2001-03-01,2001,3,1.095320261299004,-0.8111503583912926,-1.9064706196902965,CEI NINA,-3.0
2001-04-01,2001,4,0.8978650071703719,-0.7335851399671733,-1.6314501471375453,NINO3.4 NINA,-1.0
2001-05-01,2001,5,0.25991327531474034,-0.5753804719009,-0.8352937472156403,NINO3.4 NINA,-1.0
2001-06-01,2001,6,0.10686506390781197,-0.4118944322549314,-0.5187594961627433,Neutral,0.0
2001-07-01,2001,7,-0.10456826705279403,-0.2480142604015244,-0.14344599334873037,Neutral,0.0
2001-08-01,2001,8,-0.09722072662403092,-0.15326487773303135,-0.056044151109000434,Neutral,0.0
2001-09-01,2001,9,-0.27189435007501545,-0.11251160748376979,0.15938274259124566,Neutral,0.0
2001-10-01,2001,10,-0.17571332327381015,-0.08673536111721551,0.08897796215659463,Neutral,0.0
2001-11-01,2001,11,0.2817897733398105,-0.14506692781828337,-0.4268567011580938,Neutral,0.0
2001-12-01,2001,12,-0.0802951125410755,-0.24966961567276538,-0.1693745031316899,Neutral,0.0
2002-01-01,2002,1,0.039218243985206576,-0.28001779564562096,-0.31923603963082753,Neutral,0.0
2002-02-01,2002,2,0.08380716086558908,-0.23847626098148247,-0.32228342184707154,Neutral,0.0
2002-03-01,2002,3,0.3577836396885689,-0.20103370127471717,-0.5588173409632861,Neutral,0.0
2002-04-01,2002,4,0.2366740418891911,-0.09982055040421775,-0.33649459229340883,Neutral,0.0
2002-05-01,2002,5,-0.4825871318295751,0.0891264298423471,0.5717135616719222,Neutral,0.0
2002-06-01,2002,6,-0.5379334097286679,0.32828585331672827,0.8662192630453962,Neutral,0.0
2002-07-01,2002,7,-0.7916081274033951,0.5370970968182556,1.3287052242216508,NINO3.4 NINO,1.0
2002-08-01,2002,8,-0.7887256870309596,0.7335325890061779,1.5222582760371375,NINO3.4 NINO,1.0
2002-09-01,2002,9,-0.973094838111135,0.9587397323371943,1.9318345704483293,NINO3.4 NINO,1.0
2002-10-01,2002,10,-0.9143601508198891,1.1618754720515914,2.0762356228714802,NINO3.4 NINO,1.0
2002-11-01,2002,11,-0.6969080479616806,1.3258344703464853,2.0227425183081658,NINO3.4 NINO,1.0
2002-12-01,2002,12,-0.7862117658812503,1.4577111069557918,2.243922872837042,NINO3.4 NINO,1.0
2003-01-01,2003,1,-0.6311573058331926,1.3895262350687299,2.0206835409019224,NINO3.4 NINO,1.0
2003-02-01,2003,2,-0.5891628635508313,1.286815381809957,1.8759782453607883,NINO3.4 NINO,1.0
2003-03-01,2003,3,-0.3168478405495984,1.0806842373190195,1.397532077868618,NINO3.4 NINO,1.0
2003-04-01,2003,4,-0.3237016883871573,0.7089387392619398,1.0326404276490972,NINO3.4 NINO,1.0
2003-05-01,2003,5,-0.31626001987671465,0.259391543456275,0.5756515633329897,Neutral,0.0
2003-06-01,2003,6,-0.5694048206045749,0.08234735587438778,0.6517521764789627,Neutral,0.0
2003-07-01,2003,7,-0.352100301048652,0.005018616774730026,0.357118917823382,Neutral,0.0
2003-08-01,2003,8,-0.14279580391672944,-0.02793083576722285,0.11486496814950659,Neutral,0.0
2003-09-01,2003,9,0.12403199335177698,0.041199953417692815,-0.08283203993408417,Neutral,0.0
2003-10-01,2003,10,-0.04493686675806743,0.26798362557846817,0.31292049233653557,Neutral,0.0
2003-11-01,2003,11,-0.21280993196125128,0.4012003116930692,0.6140102436543204,Neutral,0.0
2003-12-01,2003,12,0.2167467334828761,0.4361204252722227,0.21937369178934663,Neutral,0.0
2004-01-01,2004,1,-0.14672541439524656,0.43178497099038377,0.5785103853856304,Neutral,0.0
2004-02-01,2004,2,0.3041710660156159,0.4260306407617646,0.12185957474614872,Neutral,0.0
2004-03-01,2004,3,0.10664927425382524,0.3546927112151867,0.24804343696136144,Neutral,0.0
2004-04-01,2004,4,0.1413492536478674,0.2998295079395853,0.1584802542917179,Neutral,0.0
2004-05-01,2004,5,0.4283587862649201,0.23337881776525835,-0.19497996849966173,Neutral,0.0
2004-06-01,2004,6,-0.1659423772083037,0.2360589167758504,0.4020012939841541,Neutral,0.0
2004-07-01,2004,7,-0.0659261789809382,0.32190091155620737,0.3878270905371456,Neutral,0.0
2004-08-01,2004,8,-0.8502458466579971,0.46867574560673464,1.3189215922647317,Neutral,0.0
2004-09-01,2004,9,-0.5098344792695917,0.6158447118647011,1.1256791911342927,NINO3.4 NINO,1.0
2004-10-01,2004,10,-0.3465905995650856,0.7527662407292369,1.0993568402943226,NINO3.4 NINO,1.0
2004-11-01,2004,11,-0.4819120303590275,0.8623349943974594,1.3442470247564868,NINO3.4 NINO,1.0
2004-12-01,2004,12,-0.654317347372016,0.9043494877105261,1.5586668350825421,NINO3.4 NINO,1.0
2005-01-01,2005,1,-0.5014909339204926,0.8740013077376706,1.3754922416581632,NINO3.4 NINO,1.0
2005-02-01,2005,2,-1.0111898385809304,0.771290454478897,1.7824802930598274,CEI NINO,3.0
2005-03-01,2005,3,-0.5848947254831234,0.707046904666233,1.2919416301493563,NINO3.4 NINO,1.0
2005-04-01,2005,4,-0.884132671434022,0.6214413892103384,1.5055740606443604,NINO3.4 NINO,1.0
2005-05-01,2005,5,-0.5039007672827194,0.5384371463235461,1.0423379136062656,NINO3.4 NINO,1.0
2005-06-01,2005,6,-0.3983196522584013,0.425242376346881,0.8235620286052823,Neutral,0.0
2005-07-01,2005,7,-0.09697213517032689,0.31007694533301694,0.4070490805033438,Neutral,0.0
2005-08-01,2005,8,0.19162593167190364,0.18490055625018617,-0.006725375421717472,Neutral,0.0
2005-09-01,2005,9,0.0725591669900151,0.08613102506581219,0.013571858075797083,Neutral,0.0
2005-10-01,2005,10,0.4417199068188632,-0.020521150267355123,-0.4622410570862183,Neutral,0.0
2005-11-01,2005,11,0.5097576972896376,-0.1852684129771279,-0.6950261102667655,Neutral,0.0
2005-12-01,2005,12,0.3905091302539141,-0.3655444846600225,-0.7560536149139365,Neutral,0.0
2006-01-01,2006,1,0.38952770599794484,-0.5756169512253582,-0.965144657223303,NINO3.4 NINA,-1.0
2006-02-01,2006,2,0.5236869283008596,-0.7208940828876137,-1.2445810111884734,NINO3.4 NINA,-1.0
2006-03-01,2006,3,1.128955510807599,-0.872634982751879,-2.001590493559478,CEI NINA,-3.0
2006-04-01,2006,4,1.1838896598281292,-0.7997993508170345,-1.9836890106451637,CEI NINA,-3.0
2006-05-01,2006,5,0.8729416828945193,-0.5824748516348139,-1.4554165345293333,NINO3.4 NINA,-1.0
2006-06-01,2006,6,0.15604729285663932,-0.33149146193724316,-0.4875387547938825,Neutral,0.0
2006-07-01,2006,7,-0.6117610247210528,-0.1463281508820943,0.4654328738389585,Neutral,0.0
2006-08-01,2006,8,-0.8363449581092274,0.08794403322003427,0.9242889913292617,Neutral,0.0
2006-09-01,2006,9,-0.9551493419819942,0.2776792778814828,1.232828619863477,Neutral,0.0
2006-10-01,2006,10,-1.2021377439343706,0.44297832568167256,1.6451160696160432,SOI NINO,2.0
2006-11-01,2006,11,-0.7780481702351344,0.6613275686032384,1.4393757388383728,NINO3.4 NINO,1.0
2006-12-01,2006,12,-0.6760508710081871,0.9114438674444393,1.5874947384526263,NINO3.4 NINO,1.0
2007-01-01,2007,1,-0.39236800666482285,0.99697055645884,1.3893385631236628,NINO3.4 NINO,1.0
2007-02-01,2007,2,-0.36660045533085667,0.8895301167107906,1.2561305720416474,NINO3.4 NINO,1.0
2007-03-01,2007,3,-0.1621374703582288,0.6833989722198538,0.8455364425780826,NINO3.4 NINO,1.0
2007-04-01,2007,4,0.0782124940119849,0.38259727150191103,0.3043847774899261,Neutral,0.0
2007-05-01,2007,5,0.12270995639040522,0.020547425747848472,-0.10216253064255675,Neutral,0.0
2007-06-01,2007,6,0.3804336878347663,-0.19433345374824504,-0.5747671415830113,Neutral,0.0
2007-07-01,2007,7,0.20944921583793624,-0.3378764036977632,-0.5473256195356995,Neutral,0.0
2007-08-01,2007,8,0.4055740590616306,-0.4701471725145079,-0.8757212315761385,Neutral,0.0
2007-09-01,2007,9,0.10364911224742371,-0.6847915726861389,-0.7884406849335626,NINO3.4 NINA,-1.0
2007-10-01,2007,10,0.5149084786396062,-0.9215073764743904,-1.4364158551139967,NINO3.4 NINA,-1.0
2007-11-01,2007,11,0.6119887925897483,-1.2139534743946094,-1.8259422669843577,NINO3.4 NINA,-1.0
2007-12-01,2007,12,1.093891483871808,-1.4699029299059165,-2.5637944137777247,CEI NINA,-3.0
2008-01-01,2008,1,1.3377448817128488,-1.7059881221622688,-3.0437330038751176,CEI NINA,-3.0
2008-02-01,2008,2,1.7282779371135004,-1.834711701112059,-3.5629896382255595,CEI NINA,-3.0
2008-03-01,2008,3,1.7631108270147318,-1.7901747616713797,-3.553285588686111,CEI NINA,-3.0
2008-04-01,2008,4,1.4893099165568533,-1.6534897121313132,-3.1427996286881665,CEI NINA,-3.0
2008-05-01,2008,5,0.7755971868686414,-1.4574483521508343,-2.233045539019476,NINO3.4 NINA,-1.0
2008-06-01,2008,6,0.5289737216587154,-1.1875466164961608,-1.7165203381548761,NINO3.4 NINA,-1.0
2008-07-01,2008,7,0.439326743485528,-0.839212571560998,-1.278539315046526,NINO3.4 NINA,-1.0
2008-08-01,2008,8,0.9035224592144275,-0.5907516279910424,-1.4942740872054698,NINO3.4 NINA,-1.0
2008-09-01,2008,9,1.0705087912905948,-0.44358266173307587,-1.5140914530236707,SOI NINA,-2.0
2008-10-01,2008,10,1.4739890078068087,-0.3444978247827465,-1.8184868325895551,SOI NINA,-2.0
2008-11-01,2008,11,1.605575594530098,-0.30350807520902245,-1.9090836697391205,SOI NINA,-2.0
2008-12-01,2008,12,1.5953371696867882,-0.45304183471162474,-2.048379004398413,SOI NINA,-2.0
2009-01-01,2009,1,1.3943096736668386,-0.6371015755859427,-2.0314112492527814,CEI NINA,-3.0
2009-02-01,2009,2,1.3123322685628473,-0.7610955680464566,-2.073427836609304,CEI NINA,-3.0
2009-03-01,2009,3,0.9863775846240967,-0.8418926705715858,-1.8282702551956826,NINO3.4 NINA,-1.0
2009-04-01,2009,4,0.9904203877335164,-0.8092585237955859,-1.7996789115291023,NINO3.4 NINA,-1.0
2009-05-01,2009,5,0.3567174219304568,-0.5730156786562626,-0.9297331005867193,NINO3.4 NINA,-1.0
2009-06-01,2009,6,0.2714215519099776,-0.2558180781088314,-0.5272396300188089,Neutral,0.0
2009-07-01,2009,7,0.06492602830426362,0.07123282762459039,0.006306799320326767,Neutral,0.0
2009-08-01,2009,8,0.14901746616590927,0.3622600495980288,0.21324258343211955,Neutral,0.0
2009-09-01,2009,9,0.22082768652881798,0.578008019950494,0.357180333421676,NINO3.4 NINO,1.0
2009-10-01,2009,10,-0.38021081875525153,0.7551310339738743,1.135341852729126,NINO3.4 NINO,1.0
2009-11-01,2009,11,-0.5664297702037834,1.0113169688096464,1.5777467390134299,NINO3.4 NINO,1.0
2009-12-01,2009,12,-0.9425441215934478,1.289810786586502,2.23235490817995,NINO3.4 NINO,1.0
2010-01-01,2010,1,-0.7991330851657558,1.5101306905452625,2.309263775711018,NINO3.4 NINO,1.0
2010-02-01,2010,2,-0.9486087204244494,1.650993541484193,2.5996022619086423,NINO3.4 NINO,1.0
2010-03-01,2010,3,-0.9559375866605129,1.6553289957660275,2.6112665824265404,NINO3.4 NINO,1.0
2010-04-01,2010,4,-0.10485692150646435,1.4089175396747564,1.5137744611812207,NINO3.4 NINO,1.0
2010-05-01,2010,5,0.7762110867271836,0.9640999303583676,0.18788884363118397,NINO3.4 NINO,1.0
2010-06-01,2010,6,1.2469082381939942,0.4749030344842778,-0.7720052037097165,SOI NINA,-2.0
2010-07-01,2010,7,1.595874725247196,-0.05173642109657984,-1.647611146343776,SOI NINA,-2.0
2010-08-01,2010,8,1.9076481831300842,-0.5978460077249554,-2.50549419085504,CEI NINA,-3.0
2010-09-01,2010,9,2.5853165333756833,-1.093900804008495,-3.6792173373841783,CEI NINA,-3.0
2010-10-01,2010,10,2.4210759746802535,-1.4583154430071925,-3.879391417687446,CEI NINA,-3.0
2010-11-01,2010,11,2.1728011426359557,-1.698736089545378,-3.8715372321813337,CEI NINA,-3.0
2010-12-01,2010,12,2.2610507608534975,-1.8411754693140663,-4.102226230167564,CEI NINA,-3.0
2011-01-01,2011,1,2.23951372659092,-1.885712408754749,-4.1252261353456685,CEI NINA,-3.0
2011-02-01,2011,2,2.4087193012702013,-1.7661326970175604,-4.174851998287762,CEI NINA,-3.0
2011-03-01,2011,3,2.30618665929254,-1.5844377493878838,-3.8906244086804236,CEI NINA,-3.0
2011-04-01,2011,4,2.4468039833218524,-1.3697145227747656,-3.8165185060966182,CEI NINA,-3.0
2011-05-01,2011,5,1.9143546116668084,-1.0956349857212357,-3.009989597388044,CEI NINA,-3.0
2011-06-01,2011,6,1.1873436234997543,-0.7855317649077177,-1.9728753884074721,CEI NINA,-3.0
2011-07-01,2011,7,0.8347790620618898,-0.5980036606079314,-1.4327827226698213,NINO3.4 NINA,-1.0
2011-08-01,2011,8,0.8272471670641207,-0.5387261766090065,-1.3659733436731272,NINO3.4 NINA,-1.0
2011-09-01,2011,9,1.087732886136799,-0.5736462901881576,-1.6613791763249566,CEI NINA,-3.0
2011-10-01,2011,10,0.9281446144947496,-0.7157703641908928,-1.6439149786856424,NINO3.4 NINA,-1.0
2011-11-01,2011,11,1.1853358780663465,-0.9207191120595102,-2.1060549901258567,CEI NINA,-3.0
2011-12-01,2011,12,1.607613340936117,-1.089171217519216,-2.696784558455333,CEI NINA,-3.0
2012-01-01,2012,1,1.6249594800901472,-1.150261709672364,-2.775221189762511,CEI NINA,-3.0
2012-02-01,2012,2,1.3080259861513048,-1.11581455474214,-2.423840540893445,CEI NINA,-3.0
2012-03-01,2012,3,0.7096270548696071,-1.0121577841855136,-1.7217848390551207,NINO3.4 NINA,-1.0
2012-04-01,2012,4,0.2696453853355188,-0.8423656292205156,-1.1120110145560345,NINO3.4 NINA,-1.0
2012-05-01,2012,5,0.1570724080182581,-0.6486890624846743,-0.8057614705029323,NINO3.4 NINA,-1.0
2012-06-01,2012,6,-0.34085864357285744,-0.40243525927638,-0.061576615703522575,Neutral,0.0
2012-07-01,2012,7,-0.2624196266816512,-0.1605169103499222,0.10190271633172901,Neutral,0.0
2012-08-01,2012,8,-0.3520104099277791,0.08794403322003344,0.4399544431478125,Neutral,0.0
2012-09-01,2012,9,-0.005781725961886316,0.2682201049029306,0.2740018308648169,Neutral,0.0
2012-10-01,2012,10,0.16371587938779106,0.388588081055001,0.22487220166720992,Neutral,0.0
2012-11-01,2012,11,0.38749362004500193,0.4059298981823457,0.018436278137343776,Neutral,0.0
2012-12-01,2012,12,0.09178422551085164,0.2682201049029331,0.17643587939208144,Neutral,0.0
2013-01-01,2013,1,-0.07036009709249624,0.02504053291266764,0.09540063000516388,Neutral,0.0
2013-02-01,2013,2,-0.27760277864489974,-0.18172122311017347,0.09588155553472627,Neutral,0.0
2013-03-01,2013,3,0.4344282283699984,-0.3027198107941464,-0.7371480391641447,Neutral,0.0
2013-04-01,2013,4,0.558963310510951,-0.39069011949467847,-0.9496534300056295,Neutral,0.0
2013-05-01,2013,5,1.0516622742443056,-0.40511535828697126,-1.456777632531277,SOI NINA,-2.0
2013-06-01,2013,6,1.243496903021579,-0.3456802214050702,-1.5891771244266493,SOI NINA,-2.0
2013-07-01,2013,7,1.5093333685008263,-0.2905805388050055,-1.799913907305832,SOI NINA,-2.0
2013-08-01,2013,8,1.166766794436712,-0.32825957783623494,-1.4950263722729469,SOI NINA,-2.0
2013-09-01,2013,9,0.6023203979836538,-0.3395317589690075,-0.9418521569526612,Neutral,0.0
2013-10-01,2013,10,0.22123162834498106,-0.3090259261131776,-0.5302575544581587,Neutral,0.0
2013-11-01,2013,11,0.43736011999083774,-0.2562122103162648,-0.6935723303071025,Neutral,0.0
2013-12-01,2013,12,0.33645910898037923,-0.22365688998174954,-0.5601159989621287,Neutral,0.0
2014-01-01,2014,1,0.7779628017762895,-0.25636986319924254,-1.034332664975532,Neutral,0.0
2014-02-01,2014,2,0.48309757486834154,-0.35435112996873963,-0.8374487048370811,Neutral,0.0
2014-03-01,2014,3,0.12494986972292532,-0.37366360813328336,-0.4986134778562087,Neutral,0.0
2014-04-01,2014,4,0.03239557195143363,-0.31265194242162847,-0.3450475143730621,Neutral,0.0
2014-05-01,2014,5,0.30382629570901887,-0.17809520680173435,-0.4819215025107532,Neutral,0.0
2014-06-01,2014,6,0.7228776223427905,0.027957111247716195,-0.6949205110950744,Neutral,0.0
2014-07-01,2014,7,0.3042621892082996,0.18237811012257188,-0.12188407908572774,Neutral,0.0
2014-08-01,2014,8,-0.2931956034527233,0.23456121438758293,0.5277568178403063,Neutral,0.0
2014-09-01,2014,9,-0.668441739577671,0.25639613867974176,0.9248378782574127,Neutral,0.0
2014-10-01,2014,10,-0.8171493366415538,0.267983625578469,1.0851329622200228,Neutral,0.0
2014-11-01,2014,11,-0.8550467255613858,0.3775523792466916,1.2325991048080773,Neutral,0.0
2014-12-01,2014,12,-0.7608748832281624,0.5425361212809285,1.303411004509091,NINO3.4 NINO,1.0
2015-01-01,2015,1,-0.777177261424471,0.6635347089648981,1.4407119703893692,NINO3.4 NINO,1.0
2015-02-01,2015,2,-0.35613628007546905,0.6979818638951226,1.0541181439705918,NINO3.4 NINO,1.0
2015-03-01,2015,3,-0.41850781438736956,0.7046821114215956,1.1231899258089653,NINO3.4 NINO,1.0
2015-04-01,2015,4,-0.18542804229017656,0.6994795662833893,0.8849076085735659,NINO3.4 NINO,1.0
2015-05-01,2015,5,-0.6605277356738054,0.767822091053423,1.4283498267272283,NINO3.4 NINO,1.0
2015-06-01,2015,6,-0.7306487085005446,0.9596856496350457,1.6903343581355903,NINO3.4 NINO,1.0
2015-07-01,2015,7,-1.2759883017773692,1.2299815174971573,2.5059698192745268,CEI NINO,3.0
2015-08-01,2015,8,-1.493557462831825,1.5706693976079908,3.064226860439816,CEI NINO,3.0
2015-09-01,2015,9,-1.8267704788685213,1.899927443703075,3.7266979225715966,CEI NINO,3.0
2015-10-01,2015,10,-1.9349555498405413,2.2236676388940033,4.158623188734545,CEI NINO,3.0
2015-11-01,2015,11,-1.5043094769887397,2.574445303515291,4.078754780504031,CEI NINO,3.0
2015-12-01,2015,12,-1.1670368459903844,2.8411151550689584,4.008152001059343,CEI NINO,3.0
2016-01-01,2016,1,-1.1490798741757182,2.983396881954669,4.132476756130387,CEI NINO,3.0
2016-02-01,2016,2,-1.5010597204909277,2.9989256909277904,4.499985411418718,CEI NINO,3.0
2016-03-01,2016,3,-1.2081818670354065,2.823536858617146,4.031718725652553,CEI NINO,3.0
2016-04-01,2016,4,-1.0867477745041962,2.402130702422671,3.488878476926867,CEI NINO,3.0
2016-05-01,2016,5,-0.3183799805982651,1.8627213633207653,2.1811013439190305,NINO3.4 NINO,1.0
2016-06-01,2016,6,0.08456482948209651,1.2812975309057988,1.1967327014237024,NINO3.4 NINO,1.0
2016-07-01,2016,7,0.8222935081501912,0.6600663455394258,-0.16222716261076542,NINO3.4 NINO,1.0
2016-08-01,2016,8,0.9038352737344382,0.13523989811279194,-0.7685953756216463,Neutral,0.0
2016-09-01,2016,9,1.0071959441289946,-0.24257523593885313,-1.2497711800678477,SOI NINA,-2.0
2016-10-01,2016,10,0.6978476525673774,-0.5053037654181213,-1.2031514179854987,NINO3.4 NINA,-1.0
2016-11-01,2016,11,0.3589361391551274,-0.691334167329635,-1.0502703064847625,NINO3.4 NINA,-1.0
2016-12-01,2016,12,-0.018253406193818236,-0.7155338848664288,-0.6972804786726106,NINO3.4 NINA,-1.0
2017-01-01,2017,1,0.14031085396161777,-0.6867622337233371,-0.8270730876849549,NINO3.4 NINA,-1.0
2017-02-01,2017,2,0.1576406504965991,-0.5648177287415104,-0.7224583792381094,NINO3.4 NINA,-1.0
2017-03-01,2017,3,0.36874945875632026,-0.38075798786719556,-0.7495074466235159,Neutral,0.0
2017-04-01,2017,4,0.22582928413786177,-0.14238682880769887,-0.36821611294556067,Neutral,0.0
2017-05-01,2017,5,0.37594568408971096,0.08203205010843485,-0.2939136339812761,Neutral,0.0
2017-06-01,2017,6,-0.1975908660315877,0.2951787478917985,0.4927696139233862,Neutral,0.0
2017-07-01,2017,7,0.25520327213963967,0.39757429538461997,0.1423710232449803,Neutral,0.0
2017-08-01,2017,8,0.35523968244762555,0.34570649688556354,-0.009533185562062008,Neutral,0.0
2017-09-01,2017,9,0.8544528232309009,0.16653399538350047,-0.6879188278474004,Neutral,0.0
2017-10-01,2017,10,0.8664365969054374,-0.0725466016493893,-0.9389831985548267,Neutral,0.0
2017-11-01,2017,11,1.0305748180379686,-0.39337021850526294,-1.4239450365432316,SOI NINA,-2.0
2017-12-01,2017,12,0.7470089709140249,-0.7013451253986034,-1.4483540963126282,NINO3.4 NINA,-1.0
2018-01-01,2018,1,0.6827435027024058,-0.9019584189853868,-1.5847019216877927,NINO3.4 NINA,-1.0
2018-02-01,2018,2,0.15421942425859095,-0.9810213397977812,-1.1352407640563722,NINO3.4 NINA,-1.0
2018-03-01,2018,3,0.7011224270459363,-1.035805716631893,-1.7369281436778294,NINO3.4 NINA,-1.0
2018-04-01,2018,4,0.6044162015362983,-0.9204038062935666,-1.5248200078298648,NINO3.4 NINA,-1.0
2018-05-01,2018,5,0.9287146827670439,-0.7172680665791736,-1.6459827493462176,NINO3.4 NINA,-1.0
2018-06-01,2018,6,0.35704137136516434,-0.4426367444352246,-0.7996781158003889,Neutral,0.0
2018-07-01,2018,7,0.24087940450089557,-0.20308318875340417,-0.44396259325429976,Neutral,0.0
2018-08-01,2018,8,-0.09998738804494176,0.00044668316843207684,0.10043407121337383,Neutral,0.0
2018-09-01,2018,9,-0.4035890595757993,0.20437068729770844,0.6079597468735077,Neutral,0.0
2018-10-01,2018,10,-0.34482903416425364,0.4477079121709491,0.7925369463352028,Neutral,0.0
2018-11-01,2018,11,-0.20864058665232854,0.63767963615686,0.8463202228091885,NINO3.4 NINO,1.0
2018-12-01,2018,12,0.5050300700239643,0.8002985849464587,0.2952685149224944,NINO3.4 NINO,1.0
2019-01-01,2019,1,0.337147900716722,0.9260267591197039,0.5888788584029818,NINO3.4 NINO,1.0
2019-02-01,2019,2,-0.010938329582975524,0.9864866397409451,0.9974249693239206,NINO3.4 NINO,1.0
2019-03-01,2019,3,-0.4541779915677283,0.9648093683317631,1.4189873598994915,NINO3.4 NINO,1.0
2019-04-01,2019,4,-0.39248184441326883,0.905216578566886,1.297698422980155,NINO3.4 NINO,1.0
2019-05-01,2019,5,-0.2593605086716929,0.8434954748818356,1.1028559835535285,NINO3.4 NINO,1.0
2019-06-01,2019,6,-0.4170668168771364,0.8319868144245998,1.2490536313017362,NINO3.4 NINO,1.0
2019-07-01,2019,7,-0.661305695738057,0.7712116280374073,1.4325173237754643,NINO3.4 NINO,1.0
2019-08-01,2019,8,-0.48729070653527345,0.5845506145939909,1.0718413211292643,NINO3.4 NINO,1.0
2019-09-01,2019,9,-0.6874350826312963,0.4172020793151175,1.1046371619464137,Neutral,0.0
2019-10-01,2019,10,-0.64273327086116,0.38385849456572446,1.0265917654268846,Neutral,0.0
2019-11-01,2019,11,-0.9198197650312347,0.38464675898060385,1.3044665240118385,Neutral,0.0
2019-12-01,2019,12,-0.6508085434781834,0.4077429063365678,1.0585514498147512,Neutral,0.0
2020-01-01,2020,1,-0.44856955628795975,0.5334710805098131,0.9820406367977728,NINO3.4 NINO,1.0
2020-02-01,2020,2,-0.13592024590793206,0.6175788935774336,0.7534991394853656,NINO3.4 NINO,1.0
2020-03-01,2020,3,0.009623340738087835,0.6171847613699935,0.6075614206319057,NINO3.4 NINO,1.0
2020-04-01,2020,4,0.03029112972515328,0.5883342837854086,0.5580431540602554,NINO3.4 NINO,1.0
2020-05-01,2020,5,0.2703310810181745,0.42019748409165236,0.14986640307347787,Neutral,0.0
2020-06-01,2020,6,0.08773347975589552,0.23132933028657554,0.14359585053068002,Neutral,0.0
2020-07-01,2020,7,0.2178497221749995,0.09724555331560791,-0.1206041688593916,Neutral,0.0
2020-08-01,2020,8,0.4660589365332945,-0.16272405071158272,-0.6287829872448772,Neutral,0.0
2020-09-01,2020,9,1.064588780890629,-0.47196018066872913,-1.5365489615593582,SOI NINA,-2.0
2020-10-01,2020,10,1.060963578572609,-0.7228647439248077,-1.7838283224974167,CEI NINA,-3.0
2020-11-01,2020,11,0.8961379015920905,-0.9940277026432854,-1.890165604235376,NINO3.4 NINA,-1.0
2020-12-01,2020,12,1.1419545369634099,-1.2145052594850236,-2.3564597964484335,CEI NINA,-3.0
2021-01-01,2021,1,1.5099802459066327,-1.315797236797016,-2.825777482703649,CEI NINA,-3.0
2021-02-01,2021,2,1.6006515527972969,-1.3522938792059285,-2.9529454320032253,CEI NINA,-3.0
2021-03-01,2021,3,1.109015046023758,-1.2439075221600264,-2.3529225681837844,CEI NINA,-3.0
2021-04-01,2021,4,0.6846074242389383,-1.0693857807057525,-1.753993204944691,NINO3.4 NINA,-1.0
2021-05-01,2021,5,0.5405270970842218,-0.8851683869484633,-1.4256954840326852,NINO3.4 NINA,-1.0
2021-06-01,2021,6,0.665009586741082,-0.6814808621436511,-1.3464904488847331,NINO3.4 NINA,-1.0
2021-07-01,2021,7,1.202286498340582,-0.5128711038009685,-1.7151576021415504,CEI NINA,-3.0
2021-08-01,2021,8,1.2300441112719789,-0.45595841304668167,-1.6860025243186605,SOI NINA,-2.0
2021-09-01,2021,9,1.3076716482123754,-0.4435826617330751,-1.7512543099454505,SOI NINA,-2.0
2021-10-01,2021,10,0.9141261035240589,-0.576247562757259,-1.4903736662813178,NINO3.4 NINA,-1.0
2021-11-01,2021,11,1.053361939258675,-0.7480892052009449,-1.80145114445962,CEI NINA,-3.0
2021-12-01,2021,12,1.2328030832832835,-0.9236356903945637,-2.156438773677847,CEI NINA,-3.0
2022-01-01,2022,1,1.0948919010064315,-1.0272924609511938,-2.1221843619576255,CEI NINA,-3.0
2022-02-01,2022,2,0.9720248633251359,-1.1039905885189505,-2.0760154518440865,NINO3.4 NINA,-1.0
2022-03-01,2022,3,1.0819094331492587,-1.1091143072156673,-2.191023740364926,CEI NINA,-3.0
2022-04-01,2022,4,1.6603319756774355,-1.1426943712895286,-2.803026346966964,CEI NINA,-3.0
2022-05-01,2022,5,2.1557468727396136,-1.1358364708800803,-3.2915833436196937,CEI NINA,-3.0
2022-06-01,2022,6,2.520488731288834,-1.0551181947964383,-3.5756069260852725,CEI NINA,-3.0
2022-07-01,2022,7,2.181858040123668,-0.9834649594839083,-3.1653229996075765,CEI NINA,-3.0
2022-08-01,2022,8,1.836741793782162,-0.9904016863348446,-2.8271434801170066,CEI NINA,-3.0
2022-09-01,2022,9,1.510498057421385,-1.006403453956893,-2.5169015113782782,CEI NINA,-3.0
2022-10-01,2022,10,1.8016899316484054,-0.9948159670581657,-2.796505898706571,CEI NINA,-3.0
2022-11-01,2022,11,1.5016556904443743,-1.0460531540253195,-2.547708844469694,CEI NINA,-3.0
2022-12-01,2022,12,1.5734436707351773,-1.1009951837424063,-2.6744388544775837,CEI NINA,-3.0
2023-01-01,2023,1,1.3000522141608324,-1.046210806908298,-2.3462630210691304,CEI NINA,-3.0
2023-02-01,2023,2,1.5211834590513398,-0.9219015086818331,-2.443084967733173,CEI NINA,-3.0
