,Z1,M1
1896-01-01,80.0,32.0
1896-02-01,24.0,8.0
1896-03-01,21.0,-21.0
1896-04-01,35.0,-47.0
1896-05-01,2.0,-12.0
1896-06-01,-17.0,-23.0
1896-07-01,27.0,58.0
1896-08-01,-1.0,29.0
1896-09-01,-20.0,10.0
1896-10-01,45.0,41.0
1896-11-01,143.0,69.0
1896-12-01,1.0,-30.0
1897-01-01,25.0,-67.0
1897-02-01,-28.0,20.0
1897-03-01,11.0,6.0
1897-04-01,11.0,10.0
1897-05-01,29.0,54.0
1897-06-01,6.0,3.0
1897-07-01,64.0,69.0
1897-08-01,-43.0,-20.0
1897-09-01,-3.0,9.0
1897-10-01,57.0,39.0
1897-11-01,62.0,3.0
1897-12-01,-13.0,13.0
1898-01-01,5.0,40.0
1898-02-01,-7.0,45.0
1898-03-01,11.0,-17.0
1898-04-01,29.0,-77.0
1898-05-01,5.0,47.0
1898-06-01,-10.0,-45.0
1898-07-01,68.0,89.0
1898-08-01,-45.0,37.0
1898-09-01,20.0,26.0
1898-10-01,41.0,48.0
1898-11-01,44.0,-86.0
1898-12-01,-30.0,-32.0
1899-01-01,32.0,-14.0
1899-02-01,-38.0,13.0
1899-03-01,-20.0,-44.0
1899-04-01,-2.0,28.0
1899-05-01,-26.0,26.0
1899-06-01,-32.0,-63.0
1899-07-01,7.0,126.0
1899-08-01,-65.0,34.0
1899-09-01,1.0,-4.0
1899-10-01,17.0,62.0
1899-11-01,4.0,-48.0
1899-12-01,153.0,33.0
1900-01-01,2.0,34.0
1900-02-01,9.0,5.0
1900-03-01,-5.0,-62.0
1900-04-01,1.0,-48.0
1900-07-01,47.0,53.0
1900-08-01,-32.0,-2.0
1900-09-01,-27.0,20.0
1900-10-01,21.0,-23.0
1901-01-01,19.0,14.0
1901-02-01,3.0,25.0
1901-03-01,-16.0,-17.0
1901-04-01,15.0,-35.0
1901-06-01,-24.0,109.0
1901-07-01,-31.0,20.0
1901-08-01,-5.0,-87.0
1901-09-01,11.0,-71.0
1901-10-01,27.0,21.0
1901-11-01,34.0,45.0
1901-12-01,-3.0,-7.0
1902-01-01,8.0,-8.0
1902-02-01,40.0,-52.0
1902-03-01,29.0,-5.0
1902-04-01,22.0,57.0
1902-05-01,66.0,125.0
1902-06-01,-21.0,-62.0
1902-07-01,40.0,85.0
1902-08-01,-1.0,40.0
1902-09-01,14.0,114.0
1902-10-01,24.0,45.0
1902-11-01,64.0,39.0
1902-12-01,12.0,44.0
1903-01-01,49.0,37.0
1903-02-01,48.0,-62.0
1903-03-01,42.0,-23.0
1903-04-01,52.0,-58.0
1903-05-01,39.0,7.0
1903-06-01,44.0,17.0
1903-07-01,40.0,-11.0
1903-08-01,-26.0,49.0
1903-10-01,-51.0,-31.0
1903-11-01,-57.0,13.0
1903-12-01,0.0,-12.0
1904-01-01,12.0,7.0
1904-02-01,-3.0,-34.0
1904-03-01,21.0,14.0
1904-04-01,35.0,64.0
1904-05-01,90.0,18.0
1904-06-01,57.0,30.0
1904-07-01,16.0,-32.0
1904-08-01,53.0,26.0
1904-09-01,-33.0,-2.0
1904-10-01,-58.0,35.0
1904-11-01,14.0,0.0
1904-12-01,55.0,30.0
1905-01-01,-42.0,62.0
1905-02-01,-33.0,-49.0
1905-03-01,-18.0,-38.0
1905-04-01,20.0,68.0
1905-05-01,-38.0,-53.0
1905-06-01,4.0,3.0
1905-07-01,14.0,-43.0
1905-08-01,-18.0,-46.0
1905-09-01,5.0,62.0
1905-10-01,3.0,-31.0
1905-11-01,50.0,-12.0
1905-12-01,19.0,23.0
1906-01-01,29.0,27.0
1906-02-01,18.0,73.0
1906-03-01,5.0,57.0
1906-04-01,73.0,-41.0
1906-05-01,49.0,23.0
1906-06-01,24.0,-49.0
1906-07-01,34.0,-17.0
1906-08-01,6.0,-14.0
1906-09-01,-23.0,-24.0
1906-10-01,16.0,-59.0
1906-11-01,3.0,-15.0
1906-12-01,74.0,-17.0
1907-01-01,1.0,-3.0
1907-02-01,27.0,-8.0
1907-03-01,32.0,-52.0
1907-04-01,19.0,-64.0
1907-05-01,-8.0,122.0
1907-06-01,-7.0,44.0
1907-07-01,22.0,-11.0
1907-08-01,-7.0,-30.0
1907-09-01,32.0,95.0
1907-10-01,63.0,5.0
1907-11-01,0.0,-21.0
1907-12-01,10.0,-40.0
1908-01-01,-7.0,74.0
1908-02-01,-31.0,-51.0
1908-03-01,-18.0,-3.0
1908-04-01,-6.0,49.0
1908-05-01,20.0,-21.0
1908-06-01,2.0,12.0
1908-07-01,-20.0,134.0
1908-08-01,-24.0,40.0
1908-09-01,34.0,-23.0
1908-10-01,-28.0,52.0
1908-11-01,-41.0,6.0
1908-12-01,-24.0,39.0
1909-01-01,45.0,65.0
1909-02-01,-24.0,14.0
1909-03-01,-19.0,-67.0
1909-04-01,39.0,-40.0
1909-05-01,3.0,-64.0
1909-06-01,58.0,11.0
1909-07-01,-34.0,-44.0
1909-08-01,-18.0,5.0
1909-09-01,-40.0,37.0
1909-10-01,-49.0,-4.0
1909-11-01,-51.0,-24.0
1909-12-01,-13.0,-23.0
1910-01-01,-23.0,70.0
1910-02-01,-24.0,-6.0
1910-03-01,-36.0,29.0
1910-04-01,23.0,44.0
1910-05-01,2.0,-44.0
1910-06-01,-10.0,-21.0
1910-07-01,-33.0,102.0
1910-08-01,28.0,-32.0
1910-09-01,13.0,-12.0
1910-10-01,28.0,-25.0
1910-11-01,-35.0,-50.0
1910-12-01,-33.0,-30.0
1911-01-01,-22.0,59.0
1911-02-01,-66.0,19.0
1911-03-01,-24.0,-8.0
1911-04-01,-22.0,-37.0
1911-05-01,-55.0,52.0
1911-06-01,-23.0,-68.0
1911-07-01,-34.0,-75.0
1911-08-01,-26.0,-39.0
1911-09-01,-31.0,-11.0
1911-10-01,4.0,-32.0
1911-11-01,44.0,40.0
1911-12-01,48.0,0.0
1912-01-01,24.0,42.0
1912-02-01,1.0,50.0
1912-03-01,-12.0,24.0
1912-04-01,9.0,63.0
1912-05-01,-14.0,27.0
1912-06-01,32.0,63.0
1912-07-01,-43.0,77.0
1912-08-01,0.0,-16.0
1912-09-01,43.0,19.0
1912-10-01,22.0,1.0
1912-11-01,17.0,36.0
1912-12-01,-8.0,-31.0
1913-01-01,26.0,-29.0
1913-02-01,11.0,-4.0
1913-03-01,25.0,-5.0
1913-04-01,-7.0,4.0
1913-05-01,3.0,150.0
1913-06-01,-15.0,37.0
1913-07-01,19.0,44.0
1913-09-01,30.0,-33.0
1913-10-01,-11.0,-29.0
1913-11-01,-17.0,23.0
1913-12-01,-39.0,0.0
1914-01-01,12.0,-59.0
1914-02-01,-17.0,28.0
1914-03-01,-54.0,-41.0
1914-04-01,26.0,-71.0
1914-05-01,-59.0,-12.0
1914-06-01,-1.0,70.0
1914-07-01,14.0,11.0
1914-08-01,-15.0,40.0
1914-09-01,-15.0,28.0
1914-10-01,27.0,38.0
1914-11-01,45.0,40.0
1914-12-01,67.0,51.0
1915-01-01,28.0,12.0
1915-02-01,47.0,10.0
1915-03-01,3.0,-21.0
1915-04-01,13.0,-21.0
1915-05-01,-81.0,-86.0
1915-06-01,113.0,-48.0
1915-07-01,19.0,-84.0
1915-09-01,5.0,-33.0
1915-10-01,9.0,-43.0
1915-11-01,39.0,-10.0
1915-12-01,-15.0,-44.0
1916-01-01,-11.0,-45.0
1916-02-01,14.0,20.0
1916-03-01,-3.0,-13.0
1916-04-01,22.0,-86.0
1916-06-01,4.0,7.0
1916-07-01,-16.0,-11.0
1916-08-01,-1.0,-13.0
1916-09-01,19.0,-15.0
1916-10-01,-27.0,-51.0
1916-11-01,27.0,-64.0
1916-12-01,-38.0,-33.0
1917-01-01,-10.0,-31.0
1917-02-01,14.0,100.0
1917-03-01,-34.0,-51.0
1917-04-01,6.0,-24.0
1917-05-01,-28.0,-18.0
1917-06-01,-34.0,-56.0
1917-07-01,43.0,-62.0
1917-08-01,-5.0,0.0
1917-09-01,16.0,-86.0
1917-10-01,24.0,-57.0
1917-11-01,-39.0,-59.0
1917-12-01,-23.0,42.0
1918-01-01,-33.0,22.0
1918-02-01,-20.0,-67.0
1918-03-01,-35.0,-8.0
1918-04-01,5.0,44.0
1918-05-01,23.0,-33.0
1918-06-01,17.0,29.0
1918-07-01,23.0,173.0
1918-08-01,41.0,50.0
1918-09-01,9.0,43.0
1918-10-01,11.0,-16.0
1918-11-01,34.0,60.0
1918-12-01,15.0,40.0
1919-01-01,64.0,32.0
1919-02-01,-12.0,25.0
1919-03-01,32.0,-33.0
1919-04-01,29.0,30.0
1919-05-01,-14.0,3.0
1919-06-01,28.0,-9.0
1919-07-01,-3.0,-25.0
1919-08-01,-1.0,-6.0
1919-09-01,-29.0,27.0
1919-10-01,0.0,1.0
1919-11-01,24.0,77.0
1919-12-01,3.0,31.0
1920-01-01,-13.0,35.0
1920-02-01,-24.0,-2.0
1920-03-01,5.0,-18.0
1920-04-01,4.0,-9.0
1920-06-01,-10.0,-63.0
1920-07-01,7.0,-16.0
1920-08-01,56.0,50.0
1920-09-01,-26.0,-26.0
1920-10-01,5.0,37.0
1920-11-01,55.0,12.0
1920-12-01,4.0,-9.0
1921-01-01,-39.0,21.0
1921-02-01,-11.0,49.0
1921-03-01,34.0,20.0
1921-04-01,22.0,6.0
1921-05-01,15.0,-26.0
1921-06-01,14.0,-35.0
1921-07-01,57.0,-27.0
1921-08-01,41.0,4.0
1921-09-01,11.0,-38.0
1921-10-01,-11.0,-10.0
1921-11-01,25.0,11.0
1921-12-01,5.0,-2.0
1922-01-01,-73.0,-33.0
1922-02-01,-30.0,-53.0
1922-03-01,44.0,83.0
1922-04-01,42.0,-7.0
1922-05-01,-26.0,-21.0
1922-06-01,-41.0,-54.0
1922-07-01,-11.0,11.0
1922-08-01,9.0,-3.0
1922-09-01,-26.0,-19.0
1922-10-01,40.0,-60.0
1922-11-01,37.0,-23.0
1922-12-01,-9.0,-10.0
1923-01-01,-21.0,-57.0
1923-02-01,58.0,95.0
1923-03-01,28.0,-13.0
1923-05-01,-8.0,23.0
1923-06-01,8.0,6.0
1923-07-01,-40.0,-17.0
1923-08-01,-11.0,-98.0
1923-09-01,-2.0,-40.0
1923-10-01,-30.0,-85.0
1923-11-01,20.0,-21.0
1923-12-01,42.0,-25.0
1924-01-01,7.0,-36.0
1924-02-01,17.0,-45.0
1924-03-01,-42.0,-84.0
1924-04-01,12.0,-77.0
1924-05-01,-13.0,14.0
1924-06-01,23.0,-7.0
1924-07-01,36.0,12.0
1924-08-01,-12.0,-41.0
1924-09-01,17.0,-96.0
1924-11-01,-6.0,77.0
1924-12-01,-22.0,-37.0
1925-01-01,-26.0,15.0
1925-02-01,24.0,-22.0
1925-03-01,31.0,12.0
1925-04-01,39.0,-39.0
1925-05-01,5.0,4.0
1925-06-01,-60.0,31.0
1925-07-01,-5.0,-7.0
1925-08-01,-27.0,9.0
1925-09-01,55.0,101.0
1925-10-01,-4.0,-83.0
1925-11-01,42.0,70.0
1925-12-01,49.0,8.0
1926-01-01,11.0,-24.0
1926-02-01,44.0,70.0
1926-03-01,11.0,11.0
1926-04-01,45.0,-95.0
1926-05-01,46.0,26.0
1926-06-01,4.0,-23.0
1926-07-01,-1.0,-41.0
1926-08-01,3.0,-4.0
1926-09-01,34.0,99.0
1926-10-01,4.0,-72.0
1926-11-01,35.0,-8.0
1926-12-01,-21.0,4.0
1927-01-01,12.0,-16.0
1927-02-01,14.0,-2.0
1927-03-01,44.0,0.0
1927-04-01,36.0,72.0
1927-05-01,1.0,-45.0
1927-06-01,-41.0,-27.0
1927-07-01,-6.0,-7.0
1927-08-01,-9.0,-8.0
1927-09-01,-20.0,50.0
1927-10-01,22.0,31.0
1927-11-01,19.0,65.0
1927-12-01,-17.0,11.0
1928-01-01,-30.0,-51.0
1928-02-01,-14.0,-13.0
1928-03-01,-40.0,-44.0
1928-04-01,20.0,-30.0
1928-05-01,3.0,26.0
1928-06-01,-51.0,26.0
1928-07-01,-10.0,-48.0
1928-08-01,-9.0,-14.0
1928-09-01,56.0,-3.0
1928-10-01,27.0,-69.0
1928-11-01,-19.0,-44.0
1928-12-01,-35.0,-18.0
1929-01-01,5.0,-31.0
1929-02-01,29.0,86.0
1929-03-01,5.0,-28.0
1929-04-01,-53.0,-36.0
1929-05-01,-57.0,-36.0
1929-06-01,28.0,5.0
1929-07-01,6.0,20.0
1929-08-01,-15.0,19.0
1929-09-01,7.0,35.0
1929-10-01,-36.0,-43.0
1929-11-01,6.0,-19.0
1929-12-01,34.0,36.0
1930-01-01,2.0,41.0
1930-02-01,-27.0,-14.0
1930-03-01,6.0,5.0
1930-04-01,-18.0,-45.0
1930-05-01,3.0,34.0
1930-06-01,11.0,85.0
1930-07-01,-19.0,-6.0
1930-08-01,-34.0,-36.0
1930-09-01,-34.0,83.0
1930-10-01,7.0,95.0
1930-11-01,44.0,6.0
1930-12-01,-8.0,43.0
1931-01-01,59.0,16.0
1931-02-01,22.0,30.0
1931-03-01,11.0,-13.0
1931-05-01,2.0,-24.0
1931-06-01,2.0,-5.0
1931-07-01,38.0,-14.0
1931-08-01,25.0,-2.0
1931-09-01,-23.0,-42.0
1931-10-01,29.0,-37.0
1931-11-01,28.0,32.0
1931-12-01,-10.0,-12.0
1932-01-01,28.0,9.0
1932-02-01,-30.0,9.0
1932-03-01,-39.0,-84.0
1932-04-01,-11.0,-46.0
1932-05-01,-26.0,67.0
1932-06-01,21.0,111.0
1932-07-01,-25.0,65.0
1932-08-01,-21.0,-46.0
1932-09-01,-63.0,-15.0
1932-10-01,-18.0,-76.0
1932-11-01,21.0,-14.0
1932-12-01,-21.0,-43.0
1933-01-01,-1.0,9.0
1933-02-01,44.0,7.0
1933-03-01,10.0,-59.0
1933-04-01,51.0,67.0
1933-05-01,-1.0,-1.0
1933-06-01,-27.0,-5.0
1933-07-01,-21.0,-62.0
1933-08-01,-3.0,-8.0
1933-09-01,-26.0,-31.0
1933-10-01,5.0,-38.0
1933-11-01,-28.0,16.0
1933-12-01,-6.0,21.0
1934-01-01,13.0,53.0
1934-02-01,-20.0,-51.0
1934-03-01,5.0,-2.0
1934-04-01,17.0,-28.0
1934-05-01,-5.0,31.0
1934-06-01,-20.0,29.0
1934-07-01,9.0,33.0
1934-08-01,6.0,-58.0
1934-10-01,4.0,-88.0
1934-11-01,-21.0,-66.0
1934-12-01,-40.0,-23.0
1935-01-01,25.0,-19.0
1935-02-01,-36.0,-34.0
1935-03-01,-23.0,-52.0
1935-04-01,-15.0,-20.0
1935-05-01,-2.0,5.0
1935-06-01,6.0,87.0
1935-07-01,-44.0,-39.0
1935-08-01,30.0,58.0
1935-09-01,-80.0,-37.0
1935-10-01,6.0,6.0
1935-11-01,-23.0,33.0
1935-12-01,-24.0,-53.0
1936-01-01,-28.0,13.0
1936-02-01,-32.0,-5.0
1936-03-01,-4.0,70.0
1936-04-01,4.0,-61.0
1936-05-01,-17.0,-7.0
1936-06-01,-5.0,-17.0
1936-08-01,41.0,70.0
1936-09-01,24.0,-65.0
1936-10-01,16.0,-9.0
1936-11-01,-9.0,24.0
1936-12-01,-27.0,-6.0
1937-01-01,8.0,38.0
1937-02-01,21.0,92.0
1937-03-01,10.0,-21.0
1937-04-01,-1.0,33.0
1937-05-01,5.0,-57.0
1937-06-01,-42.0,99.0
1937-07-01,2.0,12.0
1937-08-01,-32.0,-29.0
1937-09-01,-24.0,7.0
1937-10-01,-43.0,-25.0
1937-11-01,5.0,15.0
1937-12-01,-25.0,-38.0
1938-02-01,-16.0,-41.0
1938-03-01,0.0,-94.0
1938-04-01,-40.0,-28.0
1938-05-01,-6.0,-33.0
1938-06-01,-13.0,72.0
1938-07-01,-60.0,-21.0
1938-08-01,-11.0,-14.0
1938-09-01,-22.0,19.0
1938-10-01,20.0,-49.0
1938-11-01,-19.0,46.0
1938-12-01,24.0,-24.0
1939-01-01,46.0,99.0
1939-02-01,20.0,10.0
1939-03-01,-20.0,-32.0
1939-04-01,-22.0,-69.0
1939-05-01,-6.0,-12.0
1939-06-01,17.0,-61.0
1939-07-01,-6.0,224.0
1939-08-01,6.0,-19.0
1939-09-01,-5.0,7.0
1939-11-01,4.0,-18.0
1939-12-01,-12.0,-2.0
1940-01-01,23.0,-28.0
1940-02-01,92.0,55.0
1940-03-01,20.0,-89.0
1940-04-01,-16.0,46.0
1940-05-01,-3.0,115.0
1940-06-01,15.0,3.0
1940-07-01,-20.0,-69.0
1940-08-01,-26.0,-50.0
1940-09-01,-16.0,11.0
1940-10-01,6.0,-1.0
1940-11-01,-12.0,7.0
1940-12-01,9.0,-23.0
1941-01-01,3.0,6.0
1941-02-01,41.0,6.0
1941-03-01,-12.0,-43.0
1941-04-01,13.0,100.0
1941-05-01,24.0,0.0
1941-06-01,-4.0,87.0
1941-07-01,-5.0,-83.0
1941-08-01,-35.0,62.0
1941-09-01,9.0,-42.0
1941-10-01,-10.0,22.0
1941-11-01,52.0,24.0
1941-12-01,1.0,62.0
1942-01-01,20.0,12.0
1942-02-01,-2.0,38.0
1942-03-01,22.0,-8.0
1942-04-01,42.0,20.0
1942-06-01,-13.0,10.0
1942-07-01,21.0,-79.0
1942-08-01,-5.0,-30.0
1942-09-01,34.0,3.0
1942-10-01,4.0,13.0
1942-11-01,14.0,33.0
1942-12-01,12.0,-14.0
1943-01-01,-2.0,-10.0
1943-02-01,63.0,-3.0
1943-03-01,32.0,31.0
1943-04-01,20.0,-93.0
1943-05-01,-36.0,48.0
1943-06-01,6.0,-25.0
1943-07-01,0.0,-42.0
1943-08-01,-32.0,51.0
1943-09-01,-21.0,9.0
1943-10-01,-34.0,-14.0
1943-11-01,-28.0,-30.0
1943-12-01,-10.0,-3.0
1944-01-01,-17.0,-4.0
1944-02-01,17.0,-26.0
1944-03-01,-30.0,35.0
1944-04-01,36.0,-24.0
1944-05-01,-31.0,3.0
1944-06-01,44.0,122.0
1944-07-01,6.0,-27.0
1944-08-01,-5.0,68.0
1944-09-01,4.0,85.0
1944-10-01,11.0,-23.0
1944-11-01,36.0,-30.0
1944-12-01,18.0,10.0
1945-01-01,-5.0,-30.0
1945-02-01,-6.0,-35.0
1945-03-01,52.0,16.0
1945-04-01,54.0,68.0
1945-05-01,-9.0,107.0
1945-06-01,-23.0,29.0
1945-08-01,20.0,-28.0
1945-09-01,-5.0,55.0
1945-10-01,-2.0,-51.0
1945-11-01,58.0,114.0
1945-12-01,14.0,14.0
1946-01-01,35.0,7.0
1946-02-01,35.0,-37.0
1946-03-01,-20.0,-75.0
1946-04-01,-17.0,20.0
1946-05-01,-30.0,-81.0
1946-07-01,28.0,61.0
1946-08-01,41.0,21.0
1946-09-01,19.0,44.0
1946-10-01,17.0,110.0
1946-11-01,3.0,19.0
1946-12-01,26.0,-3.0
1947-01-01,1.0,26.0
1947-02-01,-12.0,13.0
1947-03-01,-27.0,-87.0
1947-04-01,-27.0,-1.0
1947-05-01,-8.0,-40.0
1947-06-01,19.0,17.0
1947-07-01,4.0,-76.0
1947-08-01,23.0,-49.0
1947-09-01,25.0,10.0
1947-10-01,1.0,-20.0
1947-11-01,1.0,-84.0
1947-12-01,-18.0,-56.0
1948-01-01,4.0,41.0
1948-02-01,4.0,-31.0
1948-03-01,33.0,-33.0
1948-04-01,0.0,34.0
1948-05-01,17.0,-40.0
1948-06-01,-16.0,10.0
1948-07-01,18.0,-23.0
1948-08-01,-5.0,-65.0
1948-09-01,14.0,-10.0
1948-10-01,27.0,-9.0
1948-11-01,-11.0,-37.0
1948-12-01,25.0,-11.0
1949-01-01,-16.0,76.0
1949-02-01,60.0,-60.0
1949-03-01,21.0,12.0
1949-04-01,21.0,66.0
1949-05-01,-24.0,-83.0
1949-06-01,11.0,95.0
1949-07-01,66.0,11.0
1949-08-01,-1.0,28.0
1949-09-01,-15.0,29.0
1949-10-01,31.0,-94.0
1949-11-01,-28.0,-53.0
1949-12-01,28.0,-4.0
1950-01-01,7.0,-10.0
1950-02-01,27.0,13.0
1950-03-01,14.0,12.0
1950-04-01,-18.0,41.0
1950-05-01,-14.0,-72.0
1950-06-01,-4.0,117.0
1950-07-01,-7.0,2.0
1950-08-01,-14.0,8.0
1950-09-01,-25.0,-52.0
1950-10-01,-61.0,-80.0
1950-11-01,-25.0,-36.0
1950-12-01,4.0,19.0
1951-01-01,-46.0,23.0
1951-02-01,-11.0,-12.0
1951-03-01,-24.0,-16.0
1951-04-01,-8.0,3.0
1951-05-01,-19.0,-35.0
1951-06-01,-32.0,84.0
1951-07-01,31.0,-84.0
1951-08-01,-25.0,22.0
1951-09-01,8.0,-10.0
1951-10-01,4.0,8.0
1951-11-01,48.0,4.0
1951-12-01,8.0,83.0
1952-01-01,42.0,28.0
1952-02-01,-9.0,-54.0
1952-03-01,20.0,36.0
1952-04-01,21.0,-58.0
1952-05-01,42.0,43.0
1952-06-01,35.0,18.0
1952-07-01,3.0,-4.0
1952-08-01,-64.0,-61.0
1952-09-01,-23.0,-54.0
1952-10-01,2.0,-86.0
1952-11-01,-22.0,-16.0
1952-12-01,-38.0,-21.0
1953-01-01,-41.0,30.0
1953-02-01,8.0,52.0
1953-03-01,24.0,16.0
1953-04-01,30.0,19.0
1953-05-01,2.0,-36.0
1953-06-01,-30.0,-8.0
1953-08-01,-11.0,14.0
1953-09-01,16.0,-13.0
1953-10-01,-20.0,-45.0
1953-11-01,49.0,-34.0
1953-12-01,2.0,-9.0
1954-01-01,-6.0,40.0
1954-02-01,37.0,-29.0
1954-03-01,-3.0,-91.0
1954-04-01,-23.0,0.0
1954-05-01,-22.0,-18.0
1954-06-01,27.0,-22.0
1954-07-01,6.0,49.0
1954-08-01,-12.0,-5.0
1954-09-01,-28.0,-10.0
1954-10-01,1.0,-37.0
1954-11-01,4.0,-46.0
1954-12-01,-30.0,32.0
1955-01-01,4.0,6.0
1955-02-01,31.0,-17.0
1955-03-01,-27.0,-20.0
1955-04-01,2.0,13.0
1955-05-01,21.0,-59.0
1955-06-01,-15.0,96.0
1955-07-01,-46.0,-59.0
1955-08-01,16.0,-77.0
1955-09-01,-10.0,14.0
1955-10-01,-16.0,-86.0
1955-12-01,-38.0,-35.0
1956-01-01,2.0,-86.0
1956-02-01,-2.0,38.0
1956-04-01,14.0,-95.0
1956-05-01,-58.0,-42.0
1956-06-01,9.0,27.0
1956-07-01,-6.0,-8.0
1956-08-01,-9.0,-26.0
1956-09-01,-28.0,-52.0
1956-10-01,-35.0,-28.0
1956-11-01,16.0,-62.0
1956-12-01,-3.0,-34.0
1957-01-01,10.0,-6.0
1957-02-01,3.0,-32.0
1957-03-01,-24.0,-51.0
1957-04-01,17.0,-67.0
1957-05-01,38.0,74.0
1957-06-01,8.0,60.0
1957-07-01,-10.0,58.0
1957-08-01,-38.0,-15.0
1957-09-01,-53.0,-40.0
1957-10-01,38.0,29.0
1957-11-01,49.0,-29.0
1957-12-01,61.0,4.0
1958-01-01,23.0,14.0
1958-02-01,9.0,-47.0
1958-03-01,25.0,-27.0
1958-04-01,41.0,128.0
1958-05-01,38.0,-81.0
1958-06-01,21.0,53.0
1958-07-01,-26.0,-31.0
1958-08-01,16.0,-15.0
1958-10-01,-33.0,-61.0
1958-11-01,-3.0,0.0
1958-12-01,-3.0,-22.0
1959-01-01,-30.0,-9.0
1959-02-01,-3.0,-16.0
1959-03-01,-22.0,-32.0
1959-04-01,-2.0,45.0
1959-05-01,-24.0,202.0
1959-06-01,11.0,7.0
1959-07-01,-9.0,21.0
1959-08-01,-20.0,-8.0
1959-09-01,-2.0,-57.0
1959-10-01,-56.0,51.0
1959-11-01,27.0,-36.0
1959-12-01,-48.0,-73.0
1960-01-01,17.0,46.0
1960-02-01,-14.0,-31.0
1960-03-01,-24.0,18.0
1960-05-01,-10.0,37.0
1960-06-01,-24.0,-12.0
1960-07-01,19.0,-35.0
1960-08-01,-16.0,-46.0
1960-09-01,-33.0,-74.0
1960-10-01,-21.0,-30.0
1960-11-01,-36.0,90.0
1960-12-01,-50.0,-20.0
1961-01-01,-47.0,45.0
1961-02-01,22.0,14.0
1961-03-01,3.0,58.0
1961-04-01,-1.0,-32.0
1961-05-01,-33.0,11.0
1961-06-01,5.0,10.0
1961-07-01,19.0,37.0
1961-08-01,-52.0,-7.0
1961-10-01,8.0,-9.0
1961-11-01,20.0,-72.0
1961-12-01,-29.0,0.0
1962-01-01,-6.0,-41.0
1962-02-01,-3.0,23.0
1962-03-01,-12.0,-5.0
1962-05-01,-11.0,-55.0
1962-06-01,18.0,-43.0
1962-07-01,9.0,-9.0
1962-08-01,3.0,-8.0
1962-09-01,-18.0,-83.0
1962-10-01,4.0,-39.0
1962-11-01,9.0,-19.0
1962-12-01,-38.0,-32.0
1963-01-01,-9.0,-7.0
1963-02-01,24.0,-47.0
1963-03-01,16.0,1.0
1963-04-01,-17.0,42.0
1963-05-01,18.0,11.0
1963-06-01,-31.0,40.0
1963-07-01,-55.0,-27.0
1963-08-01,-2.0,30.0
1963-09-01,-12.0,1.0
1963-10-01,-15.0,16.0
1963-11-01,18.0,16.0
1963-12-01,-11.0,51.0
1964-01-01,63.0,0.0
1964-02-01,-17.0,-39.0
1964-03-01,49.0,7.0
1964-04-01,-2.0,-4.0
1964-05-01,4.0,-27.0
1964-06-01,-32.0,-15.0
1964-07-01,42.0,-62.0
1964-08-01,46.0,47.0
1964-09-01,20.0,-32.0
1964-10-01,-6.0,-12.0
1964-11-01,28.0,-27.0
1964-12-01,-1.0,-82.0
1965-01-01,-21.0,-58.0
1965-02-01,34.0,91.0
1965-03-01,-13.0,-34.0
1965-04-01,12.0,18.0
1965-05-01,4.0,-56.0
1965-06-01,10.0,59.0
1965-07-01,0.0,64.0
1965-08-01,-48.0,-19.0
1965-09-01,10.0,-28.0
1965-10-01,-1.0,24.0
1965-11-01,31.0,-23.0
1965-12-01,9.0,28.0
1966-01-01,3.0,29.0
1966-02-01,1.0,-59.0
1966-03-01,-22.0,-40.0
1966-04-01,25.0,-30.0
1966-05-01,-67.0,39.0
1966-06-01,14.0,11.0
1966-07-01,-23.0,-13.0
1966-08-01,-40.0,-7.0
1966-09-01,-37.0,-64.0
1966-10-01,-5.0,-3.0
1966-11-01,-2.0,-3.0
1966-12-01,-8.0,27.0
1967-01-01,3.0,2.0
1967-02-01,22.0,21.0
1967-03-01,-20.0,-66.0
1967-04-01,24.0,34.0
1967-05-01,22.0,63.0
1967-06-01,-20.0,40.0
1967-07-01,-14.0,-56.0
1967-08-01,-5.0,-33.0
1967-09-01,-30.0,65.0
1967-10-01,-2.0,-63.0
1967-11-01,26.0,5.0
1967-12-01,-22.0,-2.0
1968-01-01,10.0,26.0
1968-02-01,31.0,-13.0
1968-03-01,-12.0,-62.0
1968-04-01,-20.0,-7.0
1968-05-01,6.0,-88.0
1968-06-01,-15.0,15.0
1968-07-01,-23.0,-5.0
1968-08-01,-3.0,-88.0
1968-09-01,9.0,39.0
1968-10-01,47.0,-7.0
1968-11-01,45.0,-44.0
1968-12-01,-64.0,0.0
1969-01-01,2.0,-13.0
1969-02-01,-38.0,-4.0
1969-03-01,35.0,6.0
1969-04-01,20.0,57.0
1969-05-01,-25.0,-2.0
1969-06-01,1.0,94.0
1969-07-01,12.0,-49.0
1969-08-01,5.0,-13.0
1969-09-01,8.0,-84.0
1969-10-01,5.0,54.0
1969-11-01,-49.0,-65.0
1969-12-01,-7.0,-73.0
1970-01-01,-11.0,18.0
1970-02-01,-25.0,-8.0
1970-03-01,-24.0,0.0
1970-04-01,25.0,-3.0
1970-05-01,-41.0,52.0
1970-06-01,-6.0,-49.0
1970-08-01,-2.0,10.0
1970-09-01,14.0,-32.0
1970-10-01,6.0,-29.0
1970-11-01,-21.0,-28.0
1970-12-01,-6.0,-18.0
1971-01-01,-49.0,-39.0
1971-02-01,-18.0,-34.0
1971-03-01,-17.0,30.0
1971-04-01,-41.0,-76.0
1971-05-01,-20.0,-76.0
1971-06-01,0.0,-39.0
1971-08-01,-19.0,11.0
1971-09-01,14.0,-14.0
1971-10-01,20.0,-28.0
1971-11-01,-24.0,-67.0
1971-12-01,-25.0,-40.0
1972-01-01,-9.0,72.0
1972-02-01,-31.0,18.0
1972-03-01,17.0,-12.0
1972-04-01,22.0,90.0
1972-05-01,10.0,113.0
1972-06-01,-6.0,97.0
1972-07-01,9.0,-24.0
1972-08-01,-12.0,18.0
1972-09-01,39.0,26.0
1972-10-01,19.0,21.0
1972-11-01,-2.0,-21.0
1972-12-01,-8.0,71.0
1973-01-01,0.0,-17.0
1973-02-01,-8.0,-23.0
1973-03-01,2.0,-52.0
1973-04-01,8.0,-3.0
1973-05-01,44.0,8.0
1973-06-01,-13.0,-45.0
1973-07-01,-49.0,-50.0
1973-08-01,-22.0,-34.0
1973-09-01,-14.0,-9.0
1973-10-01,17.0,-1.0
1973-11-01,24.0,11.0
1973-12-01,-38.0,-45.0
1974-01-01,-31.0,20.0
1974-02-01,-11.0,-25.0
1974-03-01,-41.0,19.0
1974-04-01,-46.0,-43.0
1974-05-01,-15.0,37.0
1974-06-01,-44.0,-18.0
1974-07-01,36.0,37.0
1974-08-01,-46.0,67.0
1974-09-01,-47.0,-36.0
1974-10-01,-27.0,-25.0
1974-11-01,-23.0,-45.0
1974-12-01,-26.0,-69.0
1975-01-01,-41.0,-22.0
1975-02-01,2.0,17.0
1975-03-01,5.0,-69.0
1975-04-01,31.0,12.0
1975-05-01,25.0,-36.0
1975-06-01,-27.0,53.0
1975-07-01,41.0,1.0
1975-08-01,24.0,-25.0
1975-09-01,-4.0,13.0
1975-10-01,-27.0,-24.0
1975-11-01,-8.0,-10.0
1975-12-01,13.0,82.0
1976-01-01,-1.0,32.0
1976-02-01,-18.0,41.0
1976-03-01,-2.0,-66.0
1976-04-01,-32.0,-33.0
1976-05-01,31.0,35.0
1976-06-01,8.0,56.0
1976-07-01,34.0,83.0
1976-08-01,-28.0,32.0
1976-09-01,-71.0,41.0
1976-10-01,-39.0,24.0
1976-11-01,-44.0,0.0
1976-12-01,-4.0,-51.0
1977-01-01,18.0,72.0
1977-02-01,-5.0,-12.0
1977-03-01,-6.0,-53.0
1977-04-01,5.0,51.0
1977-05-01,2.0,34.0
1977-06-01,-15.0,18.0
1977-07-01,-21.0,-7.0
1977-08-01,-44.0,-72.0
1977-09-01,-37.0,131.0
1977-10-01,3.0,9.0
1977-11-01,29.0,-48.0
1977-12-01,8.0,8.0
1978-01-01,1.0,-33.0
1978-02-01,-6.0,-43.0
1978-03-01,16.0,-15.0
1978-04-01,-19.0,-55.0
1978-05-01,-33.0,-40.0
1978-06-01,-71.0,64.0
1978-07-01,4.0,-18.0
1978-08-01,17.0,-2.0
1978-09-01,-36.0,-59.0
1978-10-01,-8.0,-4.0
1978-11-01,17.0,-35.0
1978-12-01,-1.0,18.0
1979-01-01,29.0,23.0
1979-02-01,30.0,10.0
1979-03-01,-40.0,-36.0
1979-04-01,20.0,-49.0
1979-05-01,-1.0,49.0
1979-06-01,-25.0,-72.0
1979-07-01,5.0,-36.0
1979-08-01,-31.0,6.0
1979-09-01,15.0,20.0
1979-10-01,-17.0,-25.0
1979-11-01,6.0,-85.0
1979-12-01,16.0,-28.0
1980-01-01,24.0,-5.0
1980-02-01,-2.0,-21.0
1980-03-01,-6.0,-5.0
1980-04-01,-7.0,25.0
1980-05-01,7.0,-20.0
1980-06-01,-29.0,-27.0
1980-07-01,12.0,76.0
1980-08-01,39.0,17.0
1980-09-01,73.0,-8.0
1980-10-01,7.0,-54.0
1980-11-01,27.0,69.0
1980-12-01,-38.0,9.0
1981-01-01,-9.0,-10.0
1981-02-01,10.0,-6.0
1981-03-01,-7.0,-64.0
1981-04-01,18.0,-30.0
1981-05-01,-38.0,-51.0
1981-06-01,-17.0,-79.0
1981-07-01,28.0,-11.0
1981-08-01,-43.0,20.0
1981-09-01,46.0,94.0
1981-10-01,1.0,-13.0
1981-11-01,-21.0,-42.0
1981-12-01,18.0,-51.0
1982-01-01,40.0,33.0
1982-02-01,4.0,-26.0
1982-03-01,-11.0,-52.0
1982-04-01,-46.0,-21.0
1982-05-01,42.0,-21.0
1982-06-01,-49.0,-3.0
1982-07-01,1.0,55.0
1982-08-01,33.0,45.0
1982-09-01,-7.0,-24.0
1982-10-01,0.0,72.0
1982-11-01,71.0,11.0
1982-12-01,29.0,58.0
1983-01-01,59.0,55.0
1983-02-01,7.0,46.0
1983-03-01,48.0,30.0
1983-04-01,6.0,-28.0
1983-05-01,36.0,54.0
1983-06-01,-1.0,-1.0
1983-07-01,-13.0,-1.0
1983-08-01,1.0,-14.0
1983-09-01,29.0,10.0
1983-10-01,-28.0,-43.0
1983-11-01,-6.0,-48.0
1983-12-01,0.0,57.0
1984-01-01,5.0,11.0
1984-02-01,-11.0,-37.0
1984-03-01,-2.0,-52.0
1984-04-01,14.0,10.0
1984-05-01,-6.0,32.0
1984-06-01,22.0,-38.0
1984-08-01,6.0,-57.0
1984-09-01,-39.0,39.0
1984-10-01,17.0,-21.0
1984-11-01,16.0,-39.0
1984-12-01,-9.0,-22.0
1985-01-01,34.0,-7.0
1985-02-01,3.0,-34.0
1985-03-01,-31.0,23.0
1985-04-01,-12.0,-63.0
1985-05-01,-45.0,-30.0
1985-06-01,-17.0,-98.0
1985-07-01,-3.0,12.0
1985-08-01,2.0,-14.0
1985-09-01,-6.0,-21.0
1985-10-01,-41.0,19.0
1985-11-01,-14.0,18.0
1985-12-01,-13.0,-61.0
1986-01-01,11.0,-36.0
1986-02-01,8.0,-23.0
1986-03-01,-9.0,3.0
1986-04-01,43.0,-34.0
1986-05-01,13.0,11.0
1986-06-01,29.0,-34.0
1986-07-01,12.0,36.0
1986-08-01,-59.0,24.0
1986-09-01,-26.0,29.0
1986-10-01,-7.0,-41.0
1986-11-01,-4.0,22.0
1986-12-01,-19.0,-47.0
1987-01-01,13.0,-61.0
1987-02-01,14.0,22.0
1987-03-01,-27.0,26.0
1987-04-01,17.0,38.0
1987-05-01,22.0,-54.0
1987-06-01,16.0,49.0
1987-07-01,-21.0,43.0
1987-08-01,6.0,-49.0
1987-09-01,30.0,103.0
1987-10-01,8.0,-33.0
1987-11-01,-37.0,-68.0
1987-12-01,8.0,33.0
1988-01-01,7.0,0.0
1988-02-01,0.0,45.0
1988-03-01,-6.0,23.0
1988-04-01,-18.0,9.0
1988-05-01,20.0,29.0
1988-06-01,15.0,-17.0
1988-07-01,30.0,9.0
1988-08-01,20.0,19.0
1988-09-01,16.0,-40.0
1988-10-01,87.0,-44.0
1988-11-01,3.0,-47.0
1988-12-01,-1.0,-69.0
1989-01-01,-42.0,-5.0
1989-02-01,-9.0,37.0
1989-03-01,26.0,13.0
1989-04-01,3.0,18.0
1989-05-01,-30.0,-16.0
1989-06-01,0.0,32.0
1989-07-01,-15.0,-22.0
1989-08-01,-50.0,-72.0
1989-09-01,-81.0,-92.0
1989-10-01,-1.0,-40.0
1989-11-01,-19.0,-9.0
1989-12-01,17.0,38.0
1990-01-01,15.0,18.0
1990-02-01,8.0,15.0
1990-03-01,2.0,15.0
1990-04-01,39.0,18.0
1990-05-01,63.0,40.0
1990-06-01,-8.0,-36.0
1990-07-01,6.0,-49.0
1990-08-01,-11.0,-14.0
1990-09-01,-16.0,37.0
1990-10-01,-9.0,-19.0
1990-11-01,-13.0,-45.0
1990-12-01,40.0,10.0
1991-01-01,25.0,-2.0
1991-02-01,21.0,18.0
1991-03-01,-31.0,-63.0
1991-04-01,14.0,74.0
1991-05-01,1.0,67.0
1991-06-01,-12.0,78.0
1991-07-01,15.0,10.0
1991-08-01,52.0,-56.0
1991-09-01,6.0,-13.0
1991-10-01,8.0,29.0
1991-11-01,-6.0,78.0
1991-12-01,-10.0,41.0
1992-01-01,0.0,3.0
1992-02-01,20.0,58.0
1992-03-01,47.0,79.0
1992-04-01,-22.0,44.0
1992-05-01,-29.0,73.0
1992-06-01,-5.0,-12.0
1992-07-01,23.0,8.0
1992-08-01,29.0,96.0
1992-09-01,-46.0,49.0
1992-10-01,-53.0,-2.0
1992-11-01,-28.0,-70.0
1992-12-01,-34.0,42.0
1993-01-01,29.0,71.0
1993-02-01,-25.0,-59.0
1993-03-01,4.0,53.0
1993-04-01,-15.0,42.0
1993-05-01,12.0,11.0
1993-07-01,14.0,10.0
1993-08-01,-16.0,88.0
1993-09-01,-21.0,-31.0
1993-10-01,36.0,13.0
1993-11-01,-20.0,-2.0
1993-12-01,-11.0,7.0
1994-01-01,27.0,-54.0
1994-02-01,-15.0,-55.0
1994-03-01,-8.0,109.0
1994-04-01,28.0,-14.0
1994-05-01,35.0,12.0
1994-06-01,-6.0,11.0
1994-07-01,22.0,23.0
1994-08-01,44.0,-3.0
1994-09-01,13.0,101.0
1994-10-01,-23.0,36.0
1994-11-01,59.0,-55.0
1994-12-01,-4.0,32.0
1995-01-01,-18.0,-12.0
1995-02-01,-22.0,8.0
1995-04-01,-31.0,-52.0
1995-05-01,-7.0,103.0
1995-06-01,-12.0,62.0
1995-07-01,45.0,3.0
1995-08-01,6.0,-29.0
1995-09-01,15.0,10.0
1995-10-01,-10.0,-11.0
1995-11-01,0.0,-47.0
1995-12-01,14.0,-8.0
1996-01-01,-56.0,-69.0
1996-02-01,-13.0,15.0
1996-03-01,-8.0,11.0
1996-04-01,15.0,-23.0
1996-05-01,5.0,44.0
1996-06-01,-4.0,4.0
1996-07-01,-41.0,-7.0
1996-09-01,9.0,-41.0
1996-10-01,16.0,65.0
1996-11-01,34.0,-7.0
1996-12-01,-4.0,-8.0
1997-01-01,-32.0,39.0
1997-02-01,3.0,37.0
1997-03-01,-32.0,7.0
1997-04-01,20.0,59.0
1997-05-01,-7.0,-62.0
1997-06-01,-27.0,42.0
1997-07-01,-1.0,57.0
1997-08-01,2.0,-12.0
1997-09-01,-58.0,53.0
1997-10-01,11.0,46.0
1997-11-01,60.0,52.0
1997-12-01,30.0,0.0
1998-01-01,26.0,17.0
1998-02-01,36.0,-76.0
1998-03-01,38.0,-22.0
1998-04-01,17.0,-45.0
1998-05-01,0.0,26.0
1998-06-01,-4.0,-30.0
1998-07-01,10.0,-72.0
1998-08-01,-8.0,53.0
1998-09-01,25.0,-9.0
1998-10-01,54.0,-4.0
1998-11-01,-54.0,-22.0
1998-12-01,-3.0,-12.0
1999-01-01,-48.0,-12.0
1999-02-01,-16.0,-62.0
1999-03-01,4.0,-81.0
1999-04-01,-21.0,36.0
1999-05-01,9.0,-79.0
1999-06-01,-11.0,45.0
1999-07-01,1.0,56.0
1999-08-01,0.0,33.0
1999-09-01,-6.0,-6.0
1999-10-01,-4.0,-43.0
1999-11-01,-23.0,12.0
1999-12-01,-26.0,32.0
2000-01-01,-18.0,38.0
2000-02-01,7.0,0.0
2000-03-01,-30.0,-11.0
2000-06-01,18.0,29.0
2000-07-01,-23.0,0.0
2000-08-01,-16.0,-22.0
2000-09-01,7.0,74.0
2000-10-01,31.0,-28.0
2001-01-01,-2.0,68.0
2001-02-01,-15.0,-5.0
2001-03-01,-11.0,-64.0
2001-04-01,-6.0,-38.0
2001-05-01,-11.0,58.0
2001-06-01,5.0,-37.0
2001-07-01,-37.0,71.0
2001-08-01,5.0,-26.0
2001-09-01,-24.0,-63.0
2001-10-01,-23.0,-59.0
2001-11-01,-18.0,-26.0
2001-12-01,-10.0,7.0
2002-01-01,-24.0,19.0
2002-02-01,-23.0,13.0
2002-03-01,32.0,33.0
2002-04-01,-19.0,41.0
2002-05-01,29.0,88.0
2002-06-01,30.0,13.0
2002-07-01,-26.0,-8.0
2002-08-01,8.0,67.0
2002-09-01,52.0,-21.0
2002-10-01,10.0,22.0
2002-11-01,4.0,42.0
2002-12-01,6.0,11.0
2003-01-01,-11.0,28.0
2003-02-01,1.0,-9.0
2003-03-01,-33.0,-44.0
2003-04-01,-42.0,55.0
2003-05-01,10.0,8.0
2003-06-01,38.0,-99.0
2003-07-01,5.0,-24.0
2003-08-01,-50.0,-95.0
2003-09-01,8.0,12.0
2003-10-01,-19.0,-21.0
2003-11-01,13.0,63.0
2003-12-01,13.0,-4.0
2004-01-01,-8.0,-68.0
2004-02-01,37.0,73.0
2004-03-01,17.0,34.0
2004-04-01,-7.0,-7.0
2004-05-01,-4.0,-54.0
2004-06-01,42.0,-68.0
2004-07-01,-5.0,-18.0
2004-08-01,0.0,51.0
2004-09-01,32.0,45.0
2004-10-01,-10.0,34.0
2004-11-01,16.0,-35.0
2004-12-01,16.0,147.0
2005-01-01,1.0,-25.0
2005-02-01,7.0,-48.0
2005-03-01,-19.0,21.0
2005-04-01,-6.0,25.0
2005-05-01,-9.0,-22.0
2005-06-01,-17.0,6.0
2005-07-01,17.0,-27.0
2005-08-01,5.0,-84.0
2005-09-01,-3.0,7.0
2005-10-01,-39.0,-33.0
2005-11-01,-21.0,19.0
2005-12-01,-12.0,-57.0
2006-01-01,13.0,17.0
2006-02-01,-3.0,-7.0
2006-03-01,-26.0,55.0
2006-04-01,19.0,-48.0
2006-05-01,-27.0,1.0
2006-06-01,-26.0,62.0
2006-07-01,-4.0,11.0
2006-08-01,6.0,63.0
2006-09-01,20.0,-1.0
2006-10-01,6.0,57.0
2006-11-01,51.0,20.0
2006-12-01,-15.0,78.0
2007-01-01,-10.0,-5.0
2007-02-01,-29.0,18.0
2007-03-01,26.0,-47.0
2007-04-01,-11.0,81.0
2007-05-01,35.0,-90.0
2007-06-01,-3.0,96.0
2007-07-01,-31.0,-1.0
2007-08-01,13.0,38.0
2007-09-01,-24.0,-40.0
2007-10-01,46.0,22.0
2007-11-01,-17.0,34.0
2007-12-01,-38.0,-65.0
2008-01-01,-22.0,-31.0
2008-02-01,1.0,0.0
2008-03-01,-10.0,-36.0
2008-04-01,-16.0,-6.0
2008-05-01,-51.0,0.0
2008-06-01,14.0,24.0
2008-07-01,9.0,13.0
2008-08-01,1.0,94.0
2008-09-01,8.0,-41.0
2008-10-01,21.0,22.0
2008-11-01,19.0,-52.0
2008-12-01,-10.0,-40.0
2009-01-01,8.0,-32.0
2009-02-01,-6.0,53.0
2009-03-01,8.0,-7.0
2009-04-01,2.0,-88.0
2009-05-01,-20.0,101.0
2009-06-01,-40.0,-20.0
2009-08-01,32.0,-79.0
2009-09-01,-11.0,118.0
2009-10-01,-39.0,67.0
2009-11-01,23.0,12.0
2009-12-01,7.0,0.0
2010-01-01,-18.0,5.0
2010-02-01,-3.0,-9.0
2010-03-01,21.0,25.0
2010-04-01,28.0,-14.0
2010-05-01,-35.0,-8.0
2010-06-01,-22.0,15.0
2010-07-01,-32.0,6.0
2010-08-01,-6.0,-28.0
2010-09-01,60.0,40.0
2010-10-01,-28.0,-40.0
2010-11-01,-24.0,-44.0
2010-12-01,11.0,-59.0
2011-01-01,-23.0,-8.0
2011-02-01,3.0,-21.0
2011-03-01,-4.0,-38.0
2011-04-01,-23.0,33.0
2011-05-01,22.0,-32.0
2011-06-01,-18.0,-8.0
2011-07-01,33.0,74.0
2011-08-01,-11.0,48.0
2011-09-01,6.0,36.0
2011-10-01,-33.0,-14.0
2011-11-01,21.0,14.0
2011-12-01,-51.0,-44.0
2012-01-01,6.0,25.0
2012-02-01,-16.0,-9.0
2012-03-01,-31.0,-35.0
2012-04-01,-24.0,-64.0
2012-05-01,-11.0,-13.0
2012-06-01,17.0,56.0
2012-07-01,-27.0,-75.0
2012-08-01,-28.0,-86.0
2012-09-01,16.0,-29.0
2012-10-01,34.0,95.0
2012-11-01,-18.0,28.0
2012-12-01,-1.0,-19.0
2013-01-01,16.0,-36.0
2013-02-01,-14.0,-12.0
2013-03-01,-14.0,-54.0
2013-04-01,6.0,-3.0
2013-05-01,-20.0,35.0
2013-06-01,-30.0,42.0
2013-08-01,-16.0,2.0
2013-09-01,-7.0,-34.0
2013-10-01,40.0,-20.0
2013-11-01,-49.0,-22.0
2013-12-01,-7.0,-24.0
2014-01-01,23.0,61.0
2014-02-01,-11.0,-25.0
2014-03-01,-15.0,-13.0
2014-04-01,-25.0,-31.0
2014-05-01,33.0,-25.0
2014-06-01,-5.0,-98.0
2014-07-01,-11.0,14.0
2014-08-01,-11.0,80.0
2014-09-01,-26.0,32.0
2014-10-01,23.0,30.0
2014-11-01,43.0,49.0
2014-12-01,-20.0,-75.0
2015-01-01,-21.0,-55.0
2015-02-01,1.0,30.0
2015-03-01,-10.0,-24.0
2015-04-01,19.0,31.0
2015-05-01,30.0,-9.0
2015-06-01,38.0,59.0
2015-07-01,19.0,-1.0
2015-08-01,7.0,-33.0
2015-09-01,-47.0,87.0
2015-10-01,22.0,68.0
2015-11-01,6.0,-38.0
2015-12-01,-15.0,37.0
2016-01-01,-13.0,9.0
2016-02-01,13.0,-43.0
2016-03-01,-10.0,-37.0
2016-04-01,-1.0,-35.0
2016-05-01,55.0,-40.0
2016-06-01,7.0,-94.0
2016-07-01,43.0,-1.0
2016-08-01,-25.0,-14.0
2016-09-01,-41.0,-19.0
2016-10-01,2.0,-42.0
2016-11-01,34.0,25.0
2016-12-01,4.0,-11.0
2017-01-01,58.0,35.0
2017-02-01,3.0,-46.0
2017-03-01,-27.0,5.0
2017-04-01,-18.0,-3.0
2017-05-01,-13.0,0.0
2017-06-01,-28.0,1.0
2017-07-01,-5.0,-5.0
2017-08-01,8.0,-42.0
2017-09-01,15.0,-4.0
2017-10-01,-13.0,3.0
2017-11-01,-40.0,-25.0
2017-12-01,-24.0,-44.0
2018-01-01,-23.0,-52.0
2018-02-01,3.0,18.0
2018-03-01,-10.0,-68.0
2018-04-01,22.0,18.0
2018-05-01,10.0,22.0
2018-06-01,-47.0,5.0
2018-07-01,53.0,-63.0
2018-08-01,-2.0,-49.0
2018-09-01,-35.0,31.0
2018-10-01,-24.0,39.0
2018-11-01,-26.0,-49.0
2018-12-01,-37.0,-17.0
2019-01-01,12.0,-1.0
2019-03-01,-9.0,10.0
2019-04-01,-20.0,-55.0
2019-05-01,32.0,49.0
2019-06-01,-13.0,-28.0
2019-07-01,32.0,96.0
2019-08-01,34.0,75.0
2019-09-01,-5.0,39.0
2019-10-01,-6.0,-77.0
2019-11-01,28.0,-9.0
2019-12-01,10.0,-2.0
2020-01-01,-18.362306370980146,-3.6145203731963917
2020-02-01,21.603209238623563,-12.380342119652898
2020-03-01,-11.309568322226552,5.151301373260115
2020-04-01,32.18231631175395,-53.28751026978327
2020-05-01,-30.116869785569474,-98.09059919611653
2020-06-01,-32.46778246848734,-31.85994600066736
2020-07-01,2.79590777528064,17.813043895919513
2020-08-01,21.603209238623563,-10.432381731551452
2020-09-01,45.11233606780222,6.1252815673108385
2020-10-01,-4.256830273472956,-49.39158949358037
2020-11-01,-30.116869785569474,-0.6925797910442227
2020-12-01,-3.081373932014024,27.552845836426744
2021-01-01,2.79590777528064,22.68294486617313
2021-02-01,-25.415044419733746,-67.89721318054411
2021-03-01,6.322276799657438,-18.224223283957237
2021-04-01,23.95412192154143,6.1252815673108385
2021-05-01,-21.888675395356948,-21.146163866109404
2021-06-01,-10.13411198076762,-33.80790638876881
2021-07-01,35.70868533613075,-99.06457939016725
2021-08-01,26.30503460445929,11.969162731615176
2021-09-01,11.02410216549317,-15.302282701805066
2021-10-01,-8.958655639308688,-28.938005418515193
2021-11-01,-23.06413173681588,-26.016064836363018
2021-12-01,-18.362306370980146,9.047222149463009
2022-01-01,-55.976909297666,33.39672700073108
